date;driver_number;meeting_key;position;session_key
2025-02-26 06:46:40.699000+00:00;1;1253;1;9683
2025-02-26 06:46:40.699000+00:00;4;1253;2;9683
2025-02-26 06:46:40.699000+00:00;5;1253;3;9683
2025-02-26 06:46:40.699000+00:00;6;1253;4;9683
2025-02-26 06:46:40.699000+00:00;7;1253;5;9683
2025-02-26 06:46:40.699000+00:00;10;1253;6;9683
2025-02-26 06:46:40.699000+00:00;12;1253;7;9683
2025-02-26 06:46:40.699000+00:00;14;1253;8;9683
2025-02-26 06:46:40.699000+00:00;16;1253;9;9683
2025-02-26 06:46:40.699000+00:00;18;1253;10;9683
2025-02-26 06:46:40.699000+00:00;22;1253;11;9683
2025-02-26 06:46:40.699000+00:00;23;1253;12;9683
2025-02-26 06:46:40.699000+00:00;27;1253;13;9683
2025-02-26 06:46:40.699000+00:00;30;1253;14;9683
2025-02-26 06:46:40.699000+00:00;31;1253;15;9683
2025-02-26 06:46:40.699000+00:00;44;1253;16;9683
2025-02-26 06:46:40.699000+00:00;55;1253;17;9683
2025-02-26 06:46:40.699000+00:00;63;1253;18;9683
2025-02-26 06:46:40.699000+00:00;81;1253;19;9683
2025-02-26 06:46:40.699000+00:00;87;1253;20;9683
2025-02-26 07:00:03.768000+00:00;1;1253;2;9683
2025-02-26 07:00:03.768000+00:00;4;1253;3;9683
2025-02-26 07:00:03.768000+00:00;5;1253;4;9683
2025-02-26 07:00:03.768000+00:00;6;1253;5;9683
2025-02-26 07:00:03.768000+00:00;7;1253;6;9683
2025-02-26 07:00:03.768000+00:00;10;1253;7;9683
2025-02-26 07:00:03.768000+00:00;12;1253;1;9683
2025-02-26 07:00:13.872000+00:00;1;1253;3;9683
2025-02-26 07:00:13.872000+00:00;4;1253;4;9683
2025-02-26 07:00:13.872000+00:00;5;1253;5;9683
2025-02-26 07:00:13.872000+00:00;6;1253;6;9683
2025-02-26 07:00:13.872000+00:00;7;1253;7;9683
2025-02-26 07:00:13.872000+00:00;10;1253;8;9683
2025-02-26 07:00:13.872000+00:00;14;1253;2;9683
2025-02-26 07:00:27.507000+00:00;1;1253;4;9683
2025-02-26 07:00:27.507000+00:00;4;1253;5;9683
2025-02-26 07:00:27.507000+00:00;5;1253;6;9683
2025-02-26 07:00:27.507000+00:00;6;1253;7;9683
2025-02-26 07:00:27.507000+00:00;7;1253;8;9683
2025-02-26 07:00:27.507000+00:00;10;1253;9;9683
2025-02-26 07:00:27.507000+00:00;16;1253;10;9683
2025-02-26 07:00:27.507000+00:00;18;1253;11;9683
2025-02-26 07:00:27.507000+00:00;22;1253;12;9683
2025-02-26 07:00:27.507000+00:00;23;1253;13;9683
2025-02-26 07:00:27.507000+00:00;27;1253;3;9683
2025-02-26 07:00:40.756000+00:00;1;1253;5;9683
2025-02-26 07:00:40.756000+00:00;4;1253;6;9683
2025-02-26 07:00:40.756000+00:00;5;1253;7;9683
2025-02-26 07:00:40.756000+00:00;6;1253;8;9683
2025-02-26 07:00:40.756000+00:00;7;1253;9;9683
2025-02-26 07:00:40.756000+00:00;10;1253;10;9683
2025-02-26 07:00:40.756000+00:00;16;1253;11;9683
2025-02-26 07:00:40.756000+00:00;18;1253;12;9683
2025-02-26 07:00:40.756000+00:00;22;1253;4;9683
2025-02-26 07:00:58.490000+00:00;1;1253;6;9683
2025-02-26 07:00:58.490000+00:00;4;1253;7;9683
2025-02-26 07:00:58.490000+00:00;5;1253;8;9683
2025-02-26 07:00:58.490000+00:00;6;1253;9;9683
2025-02-26 07:00:58.490000+00:00;7;1253;10;9683
2025-02-26 07:00:58.490000+00:00;10;1253;11;9683
2025-02-26 07:00:58.490000+00:00;16;1253;12;9683
2025-02-26 07:00:58.490000+00:00;18;1253;13;9683
2025-02-26 07:00:58.490000+00:00;23;1253;14;9683
2025-02-26 07:00:58.490000+00:00;30;1253;15;9683
2025-02-26 07:00:58.490000+00:00;31;1253;16;9683
2025-02-26 07:00:58.490000+00:00;44;1253;5;9683
2025-02-26 07:01:12.523000+00:00;1;1253;7;9683
2025-02-26 07:01:12.523000+00:00;4;1253;8;9683
2025-02-26 07:01:12.523000+00:00;5;1253;9;9683
2025-02-26 07:01:12.523000+00:00;6;1253;10;9683
2025-02-26 07:01:12.523000+00:00;7;1253;6;9683
2025-02-26 07:01:22.675000+00:00;1;1253;8;9683
2025-02-26 07:01:22.675000+00:00;4;1253;9;9683
2025-02-26 07:01:22.675000+00:00;5;1253;10;9683
2025-02-26 07:01:22.675000+00:00;6;1253;11;9683
2025-02-26 07:01:22.675000+00:00;10;1253;12;9683
2025-02-26 07:01:22.675000+00:00;16;1253;13;9683
2025-02-26 07:01:22.675000+00:00;18;1253;14;9683
2025-02-26 07:01:22.675000+00:00;23;1253;15;9683
2025-02-26 07:01:22.675000+00:00;30;1253;7;9683
2025-02-26 07:01:35.669000+00:00;1;1253;9;9683
2025-02-26 07:01:35.669000+00:00;4;1253;10;9683
2025-02-26 07:01:35.669000+00:00;5;1253;11;9683
2025-02-26 07:01:35.669000+00:00;6;1253;12;9683
2025-02-26 07:01:35.669000+00:00;10;1253;13;9683
2025-02-26 07:01:35.669000+00:00;16;1253;14;9683
2025-02-26 07:01:35.669000+00:00;18;1253;15;9683
2025-02-26 07:01:35.669000+00:00;23;1253;16;9683
2025-02-26 07:01:35.669000+00:00;31;1253;17;9683
2025-02-26 07:01:35.669000+00:00;55;1253;18;9683
2025-02-26 07:01:35.669000+00:00;63;1253;19;9683
2025-02-26 07:01:35.669000+00:00;81;1253;8;9683
2025-02-26 07:01:44.801000+00:00;1;1253;10;9683
2025-02-26 07:01:44.801000+00:00;4;1253;11;9683
2025-02-26 07:01:44.801000+00:00;5;1253;12;9683
2025-02-26 07:01:44.801000+00:00;6;1253;13;9683
2025-02-26 07:01:44.801000+00:00;10;1253;14;9683
2025-02-26 07:01:44.801000+00:00;16;1253;15;9683
2025-02-26 07:01:44.801000+00:00;18;1253;16;9683
2025-02-26 07:01:44.801000+00:00;23;1253;17;9683
2025-02-26 07:01:44.801000+00:00;31;1253;18;9683
2025-02-26 07:01:44.801000+00:00;55;1253;19;9683
2025-02-26 07:01:44.801000+00:00;63;1253;20;9683
2025-02-26 07:01:44.801000+00:00;87;1253;9;9683
2025-02-26 07:04:29.400000+00:00;12;1253;2;9683
2025-02-26 07:04:29.400000+00:00;14;1253;3;9683
2025-02-26 07:04:29.400000+00:00;22;1253;1;9683
2025-02-26 07:04:29.400000+00:00;27;1253;4;9683
2025-02-26 07:04:41.546000+00:00;12;1253;3;9683
2025-02-26 07:04:41.546000+00:00;14;1253;4;9683
2025-02-26 07:04:41.546000+00:00;22;1253;2;9683
2025-02-26 07:04:41.546000+00:00;27;1253;5;9683
2025-02-26 07:04:41.546000+00:00;44;1253;1;9683
2025-02-26 07:04:54.633000+00:00;7;1253;7;9683
2025-02-26 07:04:54.633000+00:00;12;1253;4;9683
2025-02-26 07:04:54.633000+00:00;14;1253;5;9683
2025-02-26 07:04:54.633000+00:00;22;1253;3;9683
2025-02-26 07:04:54.633000+00:00;27;1253;6;9683
2025-02-26 07:04:54.633000+00:00;30;1253;1;9683
2025-02-26 07:04:54.633000+00:00;44;1253;2;9683
2025-02-26 07:05:19.766000+00:00;12;1253;2;9683
2025-02-26 07:05:19.766000+00:00;22;1253;4;9683
2025-02-26 07:05:19.766000+00:00;44;1253;3;9683
2025-02-26 07:06:18.980000+00:00;12;1253;3;9683
2025-02-26 07:06:18.980000+00:00;44;1253;2;9683
2025-02-26 07:06:56.972000+00:00;12;1253;2;9683
2025-02-26 07:06:56.972000+00:00;44;1253;3;9683
2025-02-26 07:07:11.552000+00:00;1;1253;11;9683
2025-02-26 07:07:11.552000+00:00;4;1253;12;9683
2025-02-26 07:07:11.552000+00:00;5;1253;13;9683
2025-02-26 07:07:11.552000+00:00;6;1253;14;9683
2025-02-26 07:07:11.552000+00:00;10;1253;15;9683
2025-02-26 07:07:11.552000+00:00;16;1253;16;9683
2025-02-26 07:07:11.552000+00:00;18;1253;17;9683
2025-02-26 07:07:11.552000+00:00;23;1253;10;9683
2025-02-26 07:07:56.030000+00:00;12;1253;3;9683
2025-02-26 07:07:56.030000+00:00;44;1253;2;9683
2025-02-26 07:21:15.016000+00:00;7;1253;5;9683
2025-02-26 07:21:15.016000+00:00;14;1253;6;9683
2025-02-26 07:21:15.016000+00:00;27;1253;7;9683
2025-02-26 07:22:49.549000+00:00;7;1253;1;9683
2025-02-26 07:22:49.549000+00:00;12;1253;4;9683
2025-02-26 07:22:49.549000+00:00;22;1253;5;9683
2025-02-26 07:22:49.549000+00:00;30;1253;2;9683
2025-02-26 07:22:49.549000+00:00;44;1253;3;9683
2025-02-26 07:23:51.467000+00:00;12;1253;5;9683
2025-02-26 07:23:51.467000+00:00;14;1253;7;9683
2025-02-26 07:23:51.467000+00:00;22;1253;6;9683
2025-02-26 07:23:51.467000+00:00;27;1253;8;9683
2025-02-26 07:23:51.467000+00:00;44;1253;4;9683
2025-02-26 07:23:51.467000+00:00;81;1253;9;9683
2025-02-26 07:23:51.467000+00:00;87;1253;3;9683
2025-02-26 07:25:27.017000+00:00;30;1253;3;9683
2025-02-26 07:25:27.017000+00:00;87;1253;2;9683
2025-02-26 07:29:04.638000+00:00;12;1253;6;9683
2025-02-26 07:29:04.638000+00:00;14;1253;8;9683
2025-02-26 07:29:04.638000+00:00;22;1253;7;9683
2025-02-26 07:29:04.638000+00:00;27;1253;2;9683
2025-02-26 07:29:04.638000+00:00;30;1253;4;9683
2025-02-26 07:29:04.638000+00:00;44;1253;5;9683
2025-02-26 07:29:04.638000+00:00;87;1253;3;9683
2025-02-26 07:34:37.970000+00:00;30;1253;5;9683
2025-02-26 07:34:37.970000+00:00;44;1253;3;9683
2025-02-26 07:34:37.970000+00:00;87;1253;4;9683
2025-02-26 07:35:51.096000+00:00;30;1253;4;9683
2025-02-26 07:35:51.096000+00:00;87;1253;5;9683
2025-02-26 07:38:37.447000+00:00;12;1253;7;9683
2025-02-26 07:38:37.447000+00:00;22;1253;3;9683
2025-02-26 07:38:37.447000+00:00;30;1253;5;9683
2025-02-26 07:38:37.447000+00:00;44;1253;4;9683
2025-02-26 07:38:37.447000+00:00;87;1253;6;9683
2025-02-26 07:43:53.562000+00:00;12;1253;8;9683
2025-02-26 07:43:53.562000+00:00;14;1253;2;9683
2025-02-26 07:43:53.562000+00:00;22;1253;4;9683
2025-02-26 07:43:53.562000+00:00;27;1253;3;9683
2025-02-26 07:43:53.562000+00:00;30;1253;6;9683
2025-02-26 07:43:53.562000+00:00;44;1253;5;9683
2025-02-26 07:43:53.562000+00:00;87;1253;7;9683
2025-02-26 07:45:58.134000+00:00;1;1253;11;9683
2025-02-26 07:45:58.134000+00:00;4;1253;12;9683
2025-02-26 07:45:58.134000+00:00;5;1253;13;9683
2025-02-26 07:45:58.134000+00:00;6;1253;14;9683
2025-02-26 07:45:58.134000+00:00;7;1253;1;9683
2025-02-26 07:45:58.134000+00:00;10;1253;15;9683
2025-02-26 07:45:58.134000+00:00;12;1253;8;9683
2025-02-26 07:45:58.134000+00:00;14;1253;2;9683
2025-02-26 07:45:58.134000+00:00;16;1253;16;9683
2025-02-26 07:45:58.134000+00:00;18;1253;17;9683
2025-02-26 07:45:58.134000+00:00;22;1253;4;9683
2025-02-26 07:45:58.134000+00:00;23;1253;10;9683
2025-02-26 07:45:58.134000+00:00;27;1253;3;9683
2025-02-26 07:45:58.134000+00:00;30;1253;6;9683
2025-02-26 07:45:58.134000+00:00;31;1253;18;9683
2025-02-26 07:45:58.134000+00:00;44;1253;5;9683
2025-02-26 07:45:58.134000+00:00;55;1253;19;9683
2025-02-26 07:45:58.134000+00:00;63;1253;20;9683
2025-02-26 07:45:58.134000+00:00;81;1253;9;9683
2025-02-26 07:45:58.134000+00:00;87;1253;7;9683
2025-02-26 07:46:23.100000+00:00;22;1253;3;9683
2025-02-26 07:46:23.100000+00:00;27;1253;4;9683
2025-02-26 07:47:52.431000+00:00;7;1253;2;9683
2025-02-26 07:47:52.431000+00:00;14;1253;1;9683
2025-02-26 07:48:21.029000+00:00;12;1253;6;9683
2025-02-26 07:48:21.029000+00:00;30;1253;7;9683
2025-02-26 07:48:21.029000+00:00;87;1253;8;9683
2025-02-26 07:49:55.951000+00:00;12;1253;5;9683
2025-02-26 07:49:55.951000+00:00;44;1253;6;9683
2025-02-26 07:50:57.986000+00:00;12;1253;6;9683
2025-02-26 07:50:57.986000+00:00;27;1253;5;9683
2025-02-26 07:50:57.986000+00:00;30;1253;4;9683
2025-02-26 07:50:57.986000+00:00;44;1253;7;9683
2025-02-26 07:55:10.820000+00:00;7;1253;3;9683
2025-02-26 07:55:10.820000+00:00;22;1253;4;9683
2025-02-26 07:55:10.820000+00:00;30;1253;2;9683
2025-02-26 07:57:52.528000+00:00;7;1253;4;9683
2025-02-26 07:57:52.528000+00:00;12;1253;7;9683
2025-02-26 07:57:52.528000+00:00;14;1253;2;9683
2025-02-26 07:57:52.528000+00:00;22;1253;5;9683
2025-02-26 07:57:52.528000+00:00;23;1253;1;9683
2025-02-26 07:57:52.528000+00:00;27;1253;6;9683
2025-02-26 07:57:52.528000+00:00;30;1253;3;9683
2025-02-26 07:57:52.528000+00:00;44;1253;8;9683
2025-02-26 07:57:52.528000+00:00;81;1253;10;9683
2025-02-26 07:57:52.528000+00:00;87;1253;9;9683
2025-02-26 08:00:45.378000+00:00;7;1253;5;9683
2025-02-26 08:00:45.378000+00:00;12;1253;8;9683
2025-02-26 08:00:45.378000+00:00;14;1253;3;9683
2025-02-26 08:00:45.378000+00:00;22;1253;6;9683
2025-02-26 08:00:45.378000+00:00;23;1253;2;9683
2025-02-26 08:00:45.378000+00:00;27;1253;7;9683
2025-02-26 08:00:45.378000+00:00;30;1253;4;9683
2025-02-26 08:00:45.378000+00:00;44;1253;1;9683
2025-02-26 08:21:28.132000+00:00;12;1253;9;9683
2025-02-26 08:21:28.132000+00:00;81;1253;8;9683
2025-02-26 08:21:28.132000+00:00;87;1253;10;9683
2025-02-26 08:22:44.055000+00:00;14;1253;4;9683
2025-02-26 08:22:44.055000+00:00;23;1253;3;9683
2025-02-26 08:22:44.055000+00:00;30;1253;1;9683
2025-02-26 08:22:44.055000+00:00;44;1253;2;9683
2025-02-26 08:22:53.840000+00:00;7;1253;6;9683
2025-02-26 08:22:53.840000+00:00;22;1253;7;9683
2025-02-26 08:22:53.840000+00:00;27;1253;5;9683
2025-02-26 08:26:48.459000+00:00;14;1253;5;9683
2025-02-26 08:26:48.459000+00:00;23;1253;4;9683
2025-02-26 08:26:48.459000+00:00;27;1253;2;9683
2025-02-26 08:26:48.459000+00:00;44;1253;3;9683
2025-02-26 08:33:04.898000+00:00;7;1253;7;9683
2025-02-26 08:33:04.898000+00:00;14;1253;6;9683
2025-02-26 08:33:04.898000+00:00;22;1253;2;9683
2025-02-26 08:33:04.898000+00:00;23;1253;5;9683
2025-02-26 08:33:04.898000+00:00;27;1253;3;9683
2025-02-26 08:33:04.898000+00:00;44;1253;4;9683
2025-02-26 08:34:44.947000+00:00;23;1253;3;9683
2025-02-26 08:34:44.947000+00:00;27;1253;4;9683
2025-02-26 08:34:44.947000+00:00;44;1253;5;9683
2025-02-26 08:35:19.558000+00:00;12;1253;8;9683
2025-02-26 08:35:19.558000+00:00;81;1253;9;9683
2025-02-26 08:38:33.367000+00:00;22;1253;3;9683
2025-02-26 08:38:33.367000+00:00;23;1253;4;9683
2025-02-26 08:38:33.367000+00:00;27;1253;5;9683
2025-02-26 08:38:33.367000+00:00;44;1253;2;9683
2025-02-26 08:39:58.999000+00:00;14;1253;1;9683
2025-02-26 08:39:58.999000+00:00;22;1253;4;9683
2025-02-26 08:39:58.999000+00:00;23;1253;5;9683
2025-02-26 08:39:58.999000+00:00;27;1253;6;9683
2025-02-26 08:39:58.999000+00:00;30;1253;2;9683
2025-02-26 08:39:58.999000+00:00;44;1253;3;9683
2025-02-26 08:46:16.860000+00:00;7;1253;6;9683
2025-02-26 08:46:16.860000+00:00;27;1253;7;9683
2025-02-26 09:00:54.645000+00:00;14;1253;2;9683
2025-02-26 09:00:54.645000+00:00;30;1253;1;9683
2025-02-26 09:02:47.941000+00:00;12;1253;9;9683
2025-02-26 09:02:47.941000+00:00;81;1253;8;9683
2025-02-26 09:06:17.858000+00:00;7;1253;2;9683
2025-02-26 09:06:17.858000+00:00;14;1253;3;9683
2025-02-26 09:06:17.858000+00:00;22;1253;5;9683
2025-02-26 09:06:17.858000+00:00;23;1253;6;9683
2025-02-26 09:06:17.858000+00:00;44;1253;4;9683
2025-02-26 09:08:12.143000+00:00;23;1253;7;9683
2025-02-26 09:08:12.143000+00:00;27;1253;6;9683
2025-02-26 09:10:18.577000+00:00;7;1253;3;9683
2025-02-26 09:10:18.577000+00:00;14;1253;4;9683
2025-02-26 09:10:18.577000+00:00;44;1253;2;9683
2025-02-26 09:10:25.825000+00:00;7;1253;4;9683
2025-02-26 09:10:25.825000+00:00;14;1253;5;9683
2025-02-26 09:10:25.825000+00:00;22;1253;6;9683
2025-02-26 09:10:25.825000+00:00;23;1253;1;9683
2025-02-26 09:10:25.825000+00:00;27;1253;7;9683
2025-02-26 09:10:25.825000+00:00;30;1253;2;9683
2025-02-26 09:10:25.825000+00:00;44;1253;3;9683
2025-02-26 09:27:29.381000+00:00;12;1253;8;9683
2025-02-26 09:27:29.381000+00:00;81;1253;9;9683
2025-02-26 09:46:09.086000+00:00;12;1253;9;9683
2025-02-26 09:46:09.086000+00:00;22;1253;7;9683
2025-02-26 09:46:09.086000+00:00;27;1253;8;9683
2025-02-26 09:46:09.086000+00:00;81;1253;6;9683
2025-02-26 09:59:34.532000+00:00;22;1253;6;9683
2025-02-26 09:59:34.532000+00:00;81;1253;7;9683
2025-02-26 10:05:53.673000+00:00;7;1253;5;9683
2025-02-26 10:05:53.673000+00:00;12;1253;1;9683
2025-02-26 10:05:53.673000+00:00;14;1253;6;9683
2025-02-26 10:05:53.673000+00:00;22;1253;7;9683
2025-02-26 10:05:53.673000+00:00;23;1253;2;9683
2025-02-26 10:05:53.673000+00:00;27;1253;9;9683
2025-02-26 10:05:53.673000+00:00;30;1253;3;9683
2025-02-26 10:05:53.673000+00:00;44;1253;4;9683
2025-02-26 10:05:53.673000+00:00;81;1253;8;9683
2025-02-26 10:23:26.594000+00:00;23;1253;3;9683
2025-02-26 10:23:26.594000+00:00;30;1253;2;9683
2025-02-26 10:31:30.958000+00:00;7;1253;6;9683
2025-02-26 10:31:30.958000+00:00;14;1253;7;9683
2025-02-26 10:31:30.958000+00:00;22;1253;4;9683
2025-02-26 10:31:30.958000+00:00;44;1253;5;9683
2025-02-26 12:19:44.367000+00:00;1;1253;12;9683
2025-02-26 12:19:44.367000+00:00;4;1253;13;9683
2025-02-26 12:19:44.367000+00:00;5;1253;14;9683
2025-02-26 12:19:44.367000+00:00;6;1253;11;9683
2025-02-26 12:20:22.323000+00:00;1;1253;13;9683
2025-02-26 12:20:22.323000+00:00;4;1253;14;9683
2025-02-26 12:20:22.323000+00:00;5;1253;15;9683
2025-02-26 12:20:22.323000+00:00;10;1253;16;9683
2025-02-26 12:20:22.323000+00:00;16;1253;17;9683
2025-02-26 12:20:22.323000+00:00;18;1253;18;9683
2025-02-26 12:20:22.323000+00:00;31;1253;12;9683
2025-02-26 12:27:46.893000+00:00;4;1253;15;9683
2025-02-26 12:27:46.893000+00:00;5;1253;16;9683
2025-02-26 12:27:46.893000+00:00;10;1253;14;9683
2025-02-26 12:28:37.828000+00:00;4;1253;16;9683
2025-02-26 12:28:37.828000+00:00;5;1253;15;9683
2025-02-26 12:28:41.090000+00:00;1;1253;10;9683
2025-02-26 12:28:41.090000+00:00;6;1253;12;9683
2025-02-26 12:28:41.090000+00:00;31;1253;13;9683
2025-02-26 12:28:41.090000+00:00;87;1253;11;9683
2025-02-26 12:30:00.361000+00:00;4;1253;17;9683
2025-02-26 12:30:00.361000+00:00;16;1253;16;9683
2025-02-26 12:31:07.096000+00:00;6;1253;13;9683
2025-02-26 12:31:07.096000+00:00;10;1253;11;9683
2025-02-26 12:31:07.096000+00:00;31;1253;14;9683
2025-02-26 12:31:07.096000+00:00;87;1253;12;9683
2025-02-26 12:33:37.284000+00:00;5;1253;16;9683
2025-02-26 12:33:37.284000+00:00;16;1253;14;9683
2025-02-26 12:33:37.284000+00:00;31;1253;15;9683
2025-02-26 12:35:14.106000+00:00;6;1253;14;9683
2025-02-26 12:35:14.106000+00:00;16;1253;13;9683
2025-02-26 12:39:39.389000+00:00;4;1253;18;9683
2025-02-26 12:39:39.389000+00:00;18;1253;17;9683
2025-02-26 12:40:41.768000+00:00;1;1253;2;9683
2025-02-26 12:40:41.768000+00:00;7;1253;7;9683
2025-02-26 12:40:41.768000+00:00;14;1253;8;9683
2025-02-26 12:40:41.768000+00:00;22;1253;5;9683
2025-02-26 12:40:41.768000+00:00;23;1253;4;9683
2025-02-26 12:40:41.768000+00:00;27;1253;10;9683
2025-02-26 12:40:41.768000+00:00;30;1253;3;9683
2025-02-26 12:40:41.768000+00:00;44;1253;6;9683
2025-02-26 12:40:41.768000+00:00;81;1253;9;9683
2025-02-26 12:45:32.958000+00:00;1;1253;3;9683
2025-02-26 12:45:32.958000+00:00;7;1253;8;9683
2025-02-26 12:45:32.958000+00:00;10;1253;2;9683
2025-02-26 12:45:32.958000+00:00;14;1253;9;9683
2025-02-26 12:45:32.958000+00:00;22;1253;6;9683
2025-02-26 12:45:32.958000+00:00;23;1253;5;9683
2025-02-26 12:45:32.958000+00:00;27;1253;11;9683
2025-02-26 12:45:32.958000+00:00;30;1253;4;9683
2025-02-26 12:45:32.958000+00:00;44;1253;7;9683
2025-02-26 12:45:32.958000+00:00;81;1253;10;9683
2025-02-26 12:46:34.162000+00:00;6;1253;15;9683
2025-02-26 12:46:34.162000+00:00;31;1253;14;9683
2025-02-26 12:47:01.164000+00:00;6;1253;14;9683
2025-02-26 12:47:01.164000+00:00;31;1253;15;9683
2025-02-26 12:49:56.120000+00:00;4;1253;19;9683
2025-02-26 12:49:56.120000+00:00;55;1253;20;9683
2025-02-26 12:49:56.120000+00:00;63;1253;18;9683
2025-02-26 12:53:28.313000+00:00;5;1253;17;9683
2025-02-26 12:53:28.313000+00:00;6;1253;15;9683
2025-02-26 12:53:28.313000+00:00;16;1253;14;9683
2025-02-26 12:53:28.313000+00:00;18;1253;18;9683
2025-02-26 12:53:28.313000+00:00;31;1253;16;9683
2025-02-26 12:53:28.313000+00:00;63;1253;12;9683
2025-02-26 12:53:28.313000+00:00;87;1253;13;9683
2025-02-26 12:55:31.241000+00:00;4;1253;20;9683
2025-02-26 12:55:31.241000+00:00;55;1253;19;9683
2025-02-26 12:55:52.812000+00:00;16;1253;13;9683
2025-02-26 12:55:52.812000+00:00;87;1253;14;9683
2025-02-26 12:58:47.707000+00:00;5;1253;18;9683
2025-02-26 12:58:47.707000+00:00;6;1253;16;9683
2025-02-26 12:58:47.707000+00:00;16;1253;14;9683
2025-02-26 12:58:47.707000+00:00;18;1253;19;9683
2025-02-26 12:58:47.707000+00:00;31;1253;17;9683
2025-02-26 12:58:47.707000+00:00;55;1253;12;9683
2025-02-26 12:58:47.707000+00:00;63;1253;13;9683
2025-02-26 12:58:47.707000+00:00;87;1253;15;9683
2025-02-26 13:01:31.445000+00:00;5;1253;19;9683
2025-02-26 13:01:31.445000+00:00;6;1253;17;9683
2025-02-26 13:01:31.445000+00:00;16;1253;15;9683
2025-02-26 13:01:31.445000+00:00;18;1253;13;9683
2025-02-26 13:01:31.445000+00:00;31;1253;18;9683
2025-02-26 13:01:31.445000+00:00;63;1253;14;9683
2025-02-26 13:01:31.445000+00:00;87;1253;16;9683
2025-02-26 13:11:53.703000+00:00;27;1253;12;9683
2025-02-26 13:11:53.703000+00:00;55;1253;11;9683
2025-02-26 13:12:04.815000+00:00;6;1253;18;9683
2025-02-26 13:12:04.815000+00:00;16;1253;16;9683
2025-02-26 13:12:04.815000+00:00;31;1253;14;9683
2025-02-26 13:12:04.815000+00:00;63;1253;15;9683
2025-02-26 13:12:04.815000+00:00;87;1253;17;9683
2025-02-26 13:13:58.613000+00:00;7;1253;9;9683
2025-02-26 13:13:58.613000+00:00;14;1253;10;9683
2025-02-26 13:13:58.613000+00:00;16;1253;4;9683
2025-02-26 13:13:58.613000+00:00;18;1253;14;9683
2025-02-26 13:13:58.613000+00:00;22;1253;7;9683
2025-02-26 13:13:58.613000+00:00;23;1253;6;9683
2025-02-26 13:13:58.613000+00:00;27;1253;13;9683
2025-02-26 13:13:58.613000+00:00;30;1253;5;9683
2025-02-26 13:13:58.613000+00:00;31;1253;15;9683
2025-02-26 13:13:58.613000+00:00;44;1253;8;9683
2025-02-26 13:13:58.613000+00:00;55;1253;12;9683
2025-02-26 13:13:58.613000+00:00;63;1253;16;9683
2025-02-26 13:13:58.613000+00:00;81;1253;11;9683
2025-02-26 13:14:30.099000+00:00;1;1253;4;9683
2025-02-26 13:14:30.099000+00:00;7;1253;10;9683
2025-02-26 13:14:30.099000+00:00;10;1253;3;9683
2025-02-26 13:14:30.099000+00:00;12;1253;2;9683
2025-02-26 13:14:30.099000+00:00;14;1253;11;9683
2025-02-26 13:14:30.099000+00:00;16;1253;5;9683
2025-02-26 13:14:30.099000+00:00;18;1253;15;9683
2025-02-26 13:14:30.099000+00:00;22;1253;8;9683
2025-02-26 13:14:30.099000+00:00;23;1253;7;9683
2025-02-26 13:14:30.099000+00:00;27;1253;14;9683
2025-02-26 13:14:30.099000+00:00;30;1253;6;9683
2025-02-26 13:14:30.099000+00:00;31;1253;16;9683
2025-02-26 13:14:30.099000+00:00;44;1253;9;9683
2025-02-26 13:14:30.099000+00:00;55;1253;13;9683
2025-02-26 13:14:30.099000+00:00;63;1253;1;9683
2025-02-26 13:14:30.099000+00:00;81;1253;12;9683
2025-02-26 13:14:40.915000+00:00;6;1253;15;9683
2025-02-26 13:14:40.915000+00:00;18;1253;16;9683
2025-02-26 13:14:40.915000+00:00;31;1253;17;9683
2025-02-26 13:14:40.915000+00:00;87;1253;18;9683
2025-02-26 13:17:05.170000+00:00;6;1253;16;9683
2025-02-26 13:17:05.170000+00:00;18;1253;15;9683
2025-02-26 13:26:19.966000+00:00;10;1253;2;9683
2025-02-26 13:26:19.966000+00:00;12;1253;3;9683
2025-02-26 13:45:18.142000+00:00;1;1253;5;9683
2025-02-26 13:45:18.142000+00:00;10;1253;3;9683
2025-02-26 13:45:18.142000+00:00;12;1253;4;9683
2025-02-26 13:45:18.142000+00:00;16;1253;1;9683
2025-02-26 13:45:18.142000+00:00;63;1253;2;9683
2025-02-26 13:56:37.245000+00:00;1;1253;6;9683
2025-02-26 13:56:37.245000+00:00;4;1253;3;9683
2025-02-26 13:56:37.245000+00:00;5;1253;20;9683
2025-02-26 13:56:37.245000+00:00;6;1253;17;9683
2025-02-26 13:56:37.245000+00:00;7;1253;11;9683
2025-02-26 13:56:37.245000+00:00;10;1253;4;9683
2025-02-26 13:56:37.245000+00:00;12;1253;5;9683
2025-02-26 13:56:37.245000+00:00;14;1253;12;9683
2025-02-26 13:56:37.245000+00:00;18;1253;16;9683
2025-02-26 13:56:37.245000+00:00;22;1253;9;9683
2025-02-26 13:56:37.245000+00:00;23;1253;8;9683
2025-02-26 13:56:37.245000+00:00;27;1253;15;9683
2025-02-26 13:56:37.245000+00:00;30;1253;7;9683
2025-02-26 13:56:37.245000+00:00;31;1253;18;9683
2025-02-26 13:56:37.245000+00:00;44;1253;10;9683
2025-02-26 13:56:37.245000+00:00;55;1253;14;9683
2025-02-26 13:56:37.245000+00:00;81;1253;13;9683
2025-02-26 13:56:37.245000+00:00;87;1253;19;9683
2025-02-26 13:57:37.142000+00:00;55;1253;13;9683
2025-02-26 13:57:37.142000+00:00;81;1253;14;9683
2025-02-26 14:01:14.743000+00:00;7;1253;12;9683
2025-02-26 14:01:14.743000+00:00;14;1253;13;9683
2025-02-26 14:01:14.743000+00:00;44;1253;11;9683
2025-02-26 14:01:14.743000+00:00;55;1253;10;9683
2025-02-26 15:13:51.298000+00:00;6;1253;13;9683
2025-02-26 15:13:51.298000+00:00;14;1253;14;9683
2025-02-26 15:13:51.298000+00:00;18;1253;17;9683
2025-02-26 15:13:51.298000+00:00;27;1253;16;9683
2025-02-26 15:13:51.298000+00:00;81;1253;15;9683
2025-02-26 15:13:57.842000+00:00;5;1253;18;9683
2025-02-26 15:13:57.842000+00:00;31;1253;19;9683
2025-02-26 15:13:57.842000+00:00;87;1253;20;9683
2025-02-26 15:14:04.654000+00:00;1;1253;4;9683
2025-02-26 15:14:04.654000+00:00;10;1253;5;9683
2025-02-26 15:14:04.654000+00:00;12;1253;6;9683
2025-02-26 15:14:27.807000+00:00;12;1253;7;9683
2025-02-26 15:14:27.807000+00:00;22;1253;10;9683
2025-02-26 15:14:27.807000+00:00;23;1253;9;9683
2025-02-26 15:14:27.807000+00:00;30;1253;8;9683
2025-02-26 15:14:27.807000+00:00;55;1253;6;9683
2025-02-26 15:19:53.448000+00:00;6;1253;11;9683
2025-02-26 15:19:53.448000+00:00;7;1253;13;9683
2025-02-26 15:19:53.448000+00:00;44;1253;12;9683
2025-02-26 15:35:49.977000+00:00;4;1253;1;9683
2025-02-26 15:35:49.977000+00:00;16;1253;2;9683
2025-02-26 15:35:49.977000+00:00;63;1253;3;9683
2025-02-26 15:37:17.609000+00:00;10;1253;6;9683
2025-02-26 15:37:17.609000+00:00;55;1253;5;9683
2025-02-26 16:03:34.257000+00:00;1;1253;2;9683
2025-02-26 16:03:34.257000+00:00;16;1253;3;9683
2025-02-26 16:03:34.257000+00:00;63;1253;4;9683
2025-02-26 16:05:11.391000+00:00;1;1253;3;9683
2025-02-26 16:05:11.391000+00:00;16;1253;4;9683
2025-02-26 16:05:11.391000+00:00;63;1253;2;9683
2025-02-26 16:31:54.621000+00:00;18;1253;15;9683
2025-02-26 16:31:54.621000+00:00;27;1253;17;9683
2025-02-26 16:31:54.621000+00:00;81;1253;16;9683
2025-02-26 16:35:04.947000+00:00;5;1253;17;9683
2025-02-26 16:35:04.947000+00:00;27;1253;18;9683
2025-02-26 16:50:32.987000+00:00;5;1253;12;9683
2025-02-26 16:50:32.987000+00:00;7;1253;14;9683
2025-02-26 16:50:32.987000+00:00;14;1253;15;9683
2025-02-26 16:50:32.987000+00:00;18;1253;16;9683
2025-02-26 16:50:32.987000+00:00;44;1253;13;9683
2025-02-26 16:50:32.987000+00:00;81;1253;17;9683
2025-02-27 06:45:04.279000+00:00;4;1253;1;9684
2025-02-27 06:45:04.279000+00:00;5;1253;2;9684
2025-02-27 06:45:04.279000+00:00;6;1253;3;9684
2025-02-27 06:45:04.279000+00:00;7;1253;4;9684
2025-02-27 06:45:04.279000+00:00;10;1253;5;9684
2025-02-27 06:45:04.279000+00:00;12;1253;6;9684
2025-02-27 06:45:04.279000+00:00;14;1253;7;9684
2025-02-27 06:45:04.279000+00:00;16;1253;8;9684
2025-02-27 06:45:04.279000+00:00;18;1253;9;9684
2025-02-27 06:45:04.279000+00:00;22;1253;10;9684
2025-02-27 06:45:04.279000+00:00;27;1253;11;9684
2025-02-27 06:45:04.279000+00:00;30;1253;12;9684
2025-02-27 06:45:04.279000+00:00;31;1253;13;9684
2025-02-27 06:45:04.279000+00:00;44;1253;14;9684
2025-02-27 06:45:04.279000+00:00;55;1253;15;9684
2025-02-27 06:45:04.279000+00:00;63;1253;16;9684
2025-02-27 06:45:04.279000+00:00;81;1253;17;9684
2025-02-27 06:45:04.279000+00:00;87;1253;18;9684
2025-02-27 07:00:03.119000+00:00;4;1253;2;9684
2025-02-27 07:00:03.119000+00:00;5;1253;3;9684
2025-02-27 07:00:03.119000+00:00;6;1253;4;9684
2025-02-27 07:00:03.119000+00:00;7;1253;5;9684
2025-02-27 07:00:03.119000+00:00;10;1253;6;9684
2025-02-27 07:00:03.119000+00:00;12;1253;7;9684
2025-02-27 07:00:03.119000+00:00;14;1253;8;9684
2025-02-27 07:00:03.119000+00:00;16;1253;9;9684
2025-02-27 07:00:03.119000+00:00;18;1253;10;9684
2025-02-27 07:00:03.119000+00:00;22;1253;11;9684
2025-02-27 07:00:03.119000+00:00;27;1253;1;9684
2025-02-27 07:00:07.073000+00:00;4;1253;3;9684
2025-02-27 07:00:07.073000+00:00;5;1253;4;9684
2025-02-27 07:00:07.073000+00:00;6;1253;5;9684
2025-02-27 07:00:07.073000+00:00;7;1253;6;9684
2025-02-27 07:00:07.073000+00:00;10;1253;7;9684
2025-02-27 07:00:07.073000+00:00;12;1253;8;9684
2025-02-27 07:00:07.073000+00:00;14;1253;9;9684
2025-02-27 07:00:07.073000+00:00;16;1253;10;9684
2025-02-27 07:00:07.073000+00:00;18;1253;11;9684
2025-02-27 07:00:07.073000+00:00;22;1253;12;9684
2025-02-27 07:00:07.073000+00:00;30;1253;13;9684
2025-02-27 07:00:07.073000+00:00;31;1253;14;9684
2025-02-27 07:00:07.073000+00:00;44;1253;15;9684
2025-02-27 07:00:07.073000+00:00;55;1253;16;9684
2025-02-27 07:00:07.073000+00:00;63;1253;2;9684
2025-02-27 07:01:06.777000+00:00;4;1253;4;9684
2025-02-27 07:01:06.777000+00:00;5;1253;5;9684
2025-02-27 07:01:06.777000+00:00;6;1253;6;9684
2025-02-27 07:01:06.777000+00:00;7;1253;7;9684
2025-02-27 07:01:06.777000+00:00;10;1253;3;9684
2025-02-27 07:02:02.250000+00:00;4;1253;5;9684
2025-02-27 07:02:02.250000+00:00;5;1253;6;9684
2025-02-27 07:02:02.250000+00:00;6;1253;7;9684
2025-02-27 07:02:02.250000+00:00;7;1253;8;9684
2025-02-27 07:02:02.250000+00:00;12;1253;9;9684
2025-02-27 07:02:02.250000+00:00;14;1253;4;9684
2025-02-27 07:02:25.952000+00:00;4;1253;6;9684
2025-02-27 07:02:25.952000+00:00;5;1253;7;9684
2025-02-27 07:02:25.952000+00:00;6;1253;8;9684
2025-02-27 07:02:25.952000+00:00;7;1253;9;9684
2025-02-27 07:02:25.952000+00:00;12;1253;10;9684
2025-02-27 07:02:25.952000+00:00;16;1253;11;9684
2025-02-27 07:02:25.952000+00:00;18;1253;12;9684
2025-02-27 07:02:25.952000+00:00;22;1253;13;9684
2025-02-27 07:02:25.952000+00:00;30;1253;14;9684
2025-02-27 07:02:25.952000+00:00;31;1253;15;9684
2025-02-27 07:02:25.952000+00:00;44;1253;16;9684
2025-02-27 07:02:25.952000+00:00;55;1253;17;9684
2025-02-27 07:02:25.952000+00:00;81;1253;5;9684
2025-02-27 07:03:39.112000+00:00;27;1253;2;9684
2025-02-27 07:03:39.112000+00:00;63;1253;1;9684
2025-02-27 07:04:07.471000+00:00;4;1253;7;9684
2025-02-27 07:04:07.471000+00:00;5;1253;8;9684
2025-02-27 07:04:07.471000+00:00;6;1253;9;9684
2025-02-27 07:04:07.471000+00:00;7;1253;10;9684
2025-02-27 07:04:07.471000+00:00;12;1253;11;9684
2025-02-27 07:04:07.471000+00:00;16;1253;12;9684
2025-02-27 07:04:07.471000+00:00;18;1253;13;9684
2025-02-27 07:04:07.471000+00:00;22;1253;14;9684
2025-02-27 07:04:07.471000+00:00;30;1253;15;9684
2025-02-27 07:04:07.471000+00:00;31;1253;6;9684
2025-02-27 07:04:17.569000+00:00;4;1253;8;9684
2025-02-27 07:04:17.569000+00:00;5;1253;9;9684
2025-02-27 07:04:17.569000+00:00;6;1253;10;9684
2025-02-27 07:04:17.569000+00:00;7;1253;11;9684
2025-02-27 07:04:17.569000+00:00;12;1253;12;9684
2025-02-27 07:04:17.569000+00:00;16;1253;13;9684
2025-02-27 07:04:17.569000+00:00;18;1253;14;9684
2025-02-27 07:04:17.569000+00:00;22;1253;15;9684
2025-02-27 07:04:17.569000+00:00;30;1253;7;9684
2025-02-27 07:05:09.218000+00:00;27;1253;1;9684
2025-02-27 07:05:09.218000+00:00;63;1253;2;9684
2025-02-27 07:05:14.346000+00:00;27;1253;2;9684
2025-02-27 07:05:14.346000+00:00;63;1253;1;9684
2025-02-27 07:05:53.456000+00:00;4;1253;9;9684
2025-02-27 07:05:53.456000+00:00;5;1253;10;9684
2025-02-27 07:05:53.456000+00:00;6;1253;11;9684
2025-02-27 07:05:53.456000+00:00;7;1253;12;9684
2025-02-27 07:05:53.456000+00:00;12;1253;13;9684
2025-02-27 07:05:53.456000+00:00;16;1253;14;9684
2025-02-27 07:05:53.456000+00:00;18;1253;15;9684
2025-02-27 07:05:53.456000+00:00;22;1253;16;9684
2025-02-27 07:05:53.456000+00:00;44;1253;8;9684
2025-02-27 07:06:22.787000+00:00;4;1253;10;9684
2025-02-27 07:06:22.787000+00:00;5;1253;11;9684
2025-02-27 07:06:22.787000+00:00;6;1253;12;9684
2025-02-27 07:06:22.787000+00:00;7;1253;13;9684
2025-02-27 07:06:22.787000+00:00;12;1253;14;9684
2025-02-27 07:06:22.787000+00:00;16;1253;15;9684
2025-02-27 07:06:22.787000+00:00;18;1253;16;9684
2025-02-27 07:06:22.787000+00:00;22;1253;9;9684
2025-02-27 07:07:09.499000+00:00;4;1253;11;9684
2025-02-27 07:07:09.499000+00:00;5;1253;12;9684
2025-02-27 07:07:09.499000+00:00;6;1253;13;9684
2025-02-27 07:07:09.499000+00:00;7;1253;14;9684
2025-02-27 07:07:09.499000+00:00;12;1253;15;9684
2025-02-27 07:07:09.499000+00:00;16;1253;16;9684
2025-02-27 07:07:09.499000+00:00;18;1253;17;9684
2025-02-27 07:07:09.499000+00:00;55;1253;10;9684
2025-02-27 07:07:49.155000+00:00;10;1253;4;9684
2025-02-27 07:07:49.155000+00:00;14;1253;5;9684
2025-02-27 07:07:49.155000+00:00;31;1253;3;9684
2025-02-27 07:07:49.155000+00:00;81;1253;6;9684
2025-02-27 07:07:52.852000+00:00;10;1253;5;9684
2025-02-27 07:07:52.852000+00:00;14;1253;6;9684
2025-02-27 07:07:52.852000+00:00;30;1253;3;9684
2025-02-27 07:07:52.852000+00:00;31;1253;4;9684
2025-02-27 07:07:52.852000+00:00;81;1253;7;9684
2025-02-27 07:09:42.141000+00:00;10;1253;6;9684
2025-02-27 07:09:42.141000+00:00;14;1253;7;9684
2025-02-27 07:09:42.141000+00:00;44;1253;5;9684
2025-02-27 07:09:42.141000+00:00;81;1253;8;9684
2025-02-27 07:09:56.181000+00:00;10;1253;7;9684
2025-02-27 07:09:56.181000+00:00;14;1253;8;9684
2025-02-27 07:09:56.181000+00:00;22;1253;4;9684
2025-02-27 07:09:56.181000+00:00;31;1253;5;9684
2025-02-27 07:09:56.181000+00:00;44;1253;6;9684
2025-02-27 07:09:56.181000+00:00;81;1253;9;9684
2025-02-27 07:11:16.533000+00:00;22;1253;5;9684
2025-02-27 07:11:16.533000+00:00;27;1253;3;9684
2025-02-27 07:11:16.533000+00:00;30;1253;4;9684
2025-02-27 07:11:16.533000+00:00;31;1253;6;9684
2025-02-27 07:11:16.533000+00:00;44;1253;2;9684
2025-02-27 07:12:50.173000+00:00;44;1253;1;9684
2025-02-27 07:12:50.173000+00:00;63;1253;2;9684
2025-02-27 07:13:34.173000+00:00;22;1253;6;9684
2025-02-27 07:13:34.173000+00:00;30;1253;5;9684
2025-02-27 07:13:34.173000+00:00;31;1253;4;9684
2025-02-27 07:26:47.959000+00:00;44;1253;2;9684
2025-02-27 07:26:47.959000+00:00;63;1253;1;9684
2025-02-27 07:27:08.393000+00:00;27;1253;4;9684
2025-02-27 07:27:08.393000+00:00;30;1253;2;9684
2025-02-27 07:27:08.393000+00:00;31;1253;5;9684
2025-02-27 07:27:08.393000+00:00;44;1253;3;9684
2025-02-27 07:27:31.196000+00:00;27;1253;5;9684
2025-02-27 07:27:31.196000+00:00;31;1253;4;9684
2025-02-27 07:29:29.571000+00:00;10;1253;8;9684
2025-02-27 07:29:29.571000+00:00;14;1253;4;9684
2025-02-27 07:29:29.571000+00:00;22;1253;7;9684
2025-02-27 07:29:29.571000+00:00;27;1253;6;9684
2025-02-27 07:29:29.571000+00:00;31;1253;5;9684
2025-02-27 07:43:58.946000+00:00;10;1253;3;9684
2025-02-27 07:43:58.946000+00:00;14;1253;5;9684
2025-02-27 07:43:58.946000+00:00;22;1253;8;9684
2025-02-27 07:43:58.946000+00:00;27;1253;7;9684
2025-02-27 07:43:58.946000+00:00;31;1253;6;9684
2025-02-27 07:43:58.946000+00:00;44;1253;4;9684
2025-02-27 07:46:04.935000+00:00;10;1253;4;9684
2025-02-27 07:46:04.935000+00:00;30;1253;3;9684
2025-02-27 07:46:04.935000+00:00;44;1253;1;9684
2025-02-27 07:46:04.935000+00:00;63;1253;2;9684
2025-02-27 07:50:11.226000+00:00;10;1253;3;9684
2025-02-27 07:50:11.226000+00:00;30;1253;4;9684
2025-02-27 07:50:45.045000+00:00;10;1253;4;9684
2025-02-27 07:50:45.045000+00:00;14;1253;6;9684
2025-02-27 07:50:45.045000+00:00;22;1253;9;9684
2025-02-27 07:50:45.045000+00:00;27;1253;8;9684
2025-02-27 07:50:45.045000+00:00;30;1253;5;9684
2025-02-27 07:50:45.045000+00:00;31;1253;7;9684
2025-02-27 07:50:45.045000+00:00;55;1253;3;9684
2025-02-27 07:50:45.045000+00:00;81;1253;10;9684
2025-02-27 07:52:55.511000+00:00;14;1253;7;9684
2025-02-27 07:52:55.511000+00:00;27;1253;6;9684
2025-02-27 07:52:55.511000+00:00;31;1253;8;9684
2025-02-27 07:54:38.001000+00:00;55;1253;2;9684
2025-02-27 07:54:38.001000+00:00;63;1253;3;9684
2025-02-27 09:22:39.610000+00:00;22;1253;8;9684
2025-02-27 09:22:39.610000+00:00;31;1253;9;9684
2025-02-27 09:24:34.007000+00:00;14;1253;8;9684
2025-02-27 09:24:34.007000+00:00;22;1253;9;9684
2025-02-27 09:24:34.007000+00:00;31;1253;10;9684
2025-02-27 09:24:34.007000+00:00;81;1253;7;9684
2025-02-27 09:30:11.900000+00:00;14;1253;9;9684
2025-02-27 09:30:11.900000+00:00;22;1253;8;9684
2025-02-27 09:34:03.973000+00:00;22;1253;7;9684
2025-02-27 09:34:03.973000+00:00;81;1253;8;9684
2025-02-27 09:50:40.463000+00:00;44;1253;2;9684
2025-02-27 09:50:40.463000+00:00;55;1253;3;9684
2025-02-27 09:50:40.463000+00:00;63;1253;1;9684
2025-02-27 09:51:03.630000+00:00;44;1253;1;9684
2025-02-27 09:51:03.630000+00:00;63;1253;2;9684
2025-02-27 09:56:42.553000+00:00;22;1253;8;9684
2025-02-27 09:56:42.553000+00:00;27;1253;7;9684
2025-02-27 09:56:42.553000+00:00;30;1253;6;9684
2025-02-27 09:56:42.553000+00:00;81;1253;5;9684
2025-02-27 09:58:33.034000+00:00;22;1253;7;9684
2025-02-27 09:58:33.034000+00:00;27;1253;8;9684
2025-02-27 10:22:34.423000+00:00;22;1253;6;9684
2025-02-27 10:22:34.423000+00:00;30;1253;7;9684
2025-02-27 10:32:56.464000+00:00;14;1253;5;9684
2025-02-27 10:32:56.464000+00:00;22;1253;7;9684
2025-02-27 10:32:56.464000+00:00;27;1253;9;9684
2025-02-27 10:32:56.464000+00:00;30;1253;8;9684
2025-02-27 10:32:56.464000+00:00;81;1253;6;9684
2025-02-27 10:39:36.399000+00:00;22;1253;6;9684
2025-02-27 10:39:36.399000+00:00;81;1253;7;9684
2025-02-27 12:03:33.074000+00:00;4;1253;12;9684
2025-02-27 12:03:33.074000+00:00;5;1253;13;9684
2025-02-27 12:03:33.074000+00:00;6;1253;11;9684
2025-02-27 12:13:18.771000+00:00;4;1253;13;9684
2025-02-27 12:13:18.771000+00:00;5;1253;14;9684
2025-02-27 12:13:18.771000+00:00;7;1253;15;9684
2025-02-27 12:13:18.771000+00:00;12;1253;16;9684
2025-02-27 12:13:18.771000+00:00;16;1253;12;9684
2025-02-27 12:13:51.367000+00:00;4;1253;14;9684
2025-02-27 12:13:51.367000+00:00;5;1253;15;9684
2025-02-27 12:13:51.367000+00:00;7;1253;16;9684
2025-02-27 12:13:51.367000+00:00;12;1253;17;9684
2025-02-27 12:13:51.367000+00:00;18;1253;18;9684
2025-02-27 12:13:51.367000+00:00;87;1253;13;9684
2025-02-27 12:14:56.928000+00:00;4;1253;15;9684
2025-02-27 12:14:56.928000+00:00;5;1253;16;9684
2025-02-27 12:14:56.928000+00:00;7;1253;17;9684
2025-02-27 12:14:56.928000+00:00;12;1253;14;9684
2025-02-27 12:16:31.620000+00:00;6;1253;12;9684
2025-02-27 12:16:31.620000+00:00;16;1253;8;9684
2025-02-27 12:16:31.620000+00:00;27;1253;10;9684
2025-02-27 12:16:31.620000+00:00;30;1253;9;9684
2025-02-27 12:16:31.620000+00:00;31;1253;11;9684
2025-02-27 12:17:07.031000+00:00;6;1253;13;9684
2025-02-27 12:17:07.031000+00:00;87;1253;12;9684
2025-02-27 12:17:17.264000+00:00;4;1253;16;9684
2025-02-27 12:17:17.264000+00:00;5;1253;17;9684
2025-02-27 12:17:17.264000+00:00;7;1253;15;9684
2025-02-27 12:18:36.438000+00:00;6;1253;14;9684
2025-02-27 12:18:36.438000+00:00;12;1253;13;9684
2025-02-27 12:20:24.094000+00:00;6;1253;13;9684
2025-02-27 12:20:24.094000+00:00;12;1253;14;9684
2025-02-27 12:20:40.674000+00:00;6;1253;14;9684
2025-02-27 12:20:40.674000+00:00;7;1253;11;9684
2025-02-27 12:20:40.674000+00:00;12;1253;15;9684
2025-02-27 12:20:40.674000+00:00;31;1253;12;9684
2025-02-27 12:20:40.674000+00:00;87;1253;13;9684
2025-02-27 12:24:11.912000+00:00;14;1253;6;9684
2025-02-27 12:24:11.912000+00:00;16;1253;5;9684
2025-02-27 12:24:11.912000+00:00;22;1253;7;9684
2025-02-27 12:24:11.912000+00:00;81;1253;8;9684
2025-02-27 12:24:40.435000+00:00;6;1253;15;9684
2025-02-27 12:24:40.435000+00:00;12;1253;12;9684
2025-02-27 12:24:40.435000+00:00;31;1253;13;9684
2025-02-27 12:24:40.435000+00:00;87;1253;14;9684
2025-02-27 12:25:11.770000+00:00;6;1253;14;9684
2025-02-27 12:25:11.770000+00:00;87;1253;15;9684
2025-02-27 12:26:52.983000+00:00;44;1253;2;9684
2025-02-27 12:26:52.983000+00:00;55;1253;1;9684
2025-02-27 12:26:52.983000+00:00;63;1253;3;9684
2025-02-27 12:30:57.264000+00:00;6;1253;15;9684
2025-02-27 12:30:57.264000+00:00;87;1253;14;9684
2025-02-27 12:33:38.938000+00:00;4;1253;17;9684
2025-02-27 12:33:38.938000+00:00;5;1253;16;9684
2025-02-27 12:36:49.044000+00:00;10;1253;5;9684
2025-02-27 12:36:49.044000+00:00;16;1253;4;9684
2025-02-27 12:36:57.816000+00:00;5;1253;14;9684
2025-02-27 12:36:57.816000+00:00;6;1253;16;9684
2025-02-27 12:36:57.816000+00:00;87;1253;15;9684
2025-02-27 12:38:29.696000+00:00;4;1253;18;9684
2025-02-27 12:38:29.696000+00:00;18;1253;17;9684
2025-02-27 12:43:05.336000+00:00;7;1253;5;9684
2025-02-27 12:43:05.336000+00:00;10;1253;6;9684
2025-02-27 12:43:05.336000+00:00;14;1253;7;9684
2025-02-27 12:43:05.336000+00:00;22;1253;8;9684
2025-02-27 12:43:05.336000+00:00;27;1253;11;9684
2025-02-27 12:43:05.336000+00:00;30;1253;10;9684
2025-02-27 12:43:05.336000+00:00;81;1253;9;9684
2025-02-27 12:44:36.235000+00:00;5;1253;13;9684
2025-02-27 12:44:36.235000+00:00;31;1253;14;9684
2025-02-27 12:47:09.708000+00:00;7;1253;6;9684
2025-02-27 12:47:09.708000+00:00;10;1253;7;9684
2025-02-27 12:47:09.708000+00:00;12;1253;5;9684
2025-02-27 12:47:09.708000+00:00;14;1253;8;9684
2025-02-27 12:47:09.708000+00:00;22;1253;9;9684
2025-02-27 12:47:09.708000+00:00;27;1253;12;9684
2025-02-27 12:47:09.708000+00:00;30;1253;11;9684
2025-02-27 12:47:09.708000+00:00;81;1253;10;9684
2025-02-27 12:58:13.727000+00:00;16;1253;3;9684
2025-02-27 12:58:13.727000+00:00;63;1253;4;9684
2025-02-27 12:59:22.238000+00:00;5;1253;11;9684
2025-02-27 12:59:22.238000+00:00;27;1253;13;9684
2025-02-27 12:59:22.238000+00:00;30;1253;12;9684
2025-02-27 12:59:31.385000+00:00;4;1253;14;9684
2025-02-27 12:59:31.385000+00:00;6;1253;17;9684
2025-02-27 12:59:31.385000+00:00;18;1253;18;9684
2025-02-27 12:59:31.385000+00:00;31;1253;15;9684
2025-02-27 12:59:31.385000+00:00;87;1253;16;9684
2025-02-27 13:12:27.847000+00:00;4;1253;11;9684
2025-02-27 13:12:27.847000+00:00;5;1253;12;9684
2025-02-27 13:12:27.847000+00:00;27;1253;14;9684
2025-02-27 13:12:27.847000+00:00;30;1253;13;9684
2025-02-27 13:17:22.193000+00:00;6;1253;18;9684
2025-02-27 13:17:22.193000+00:00;18;1253;15;9684
2025-02-27 13:17:22.193000+00:00;31;1253;16;9684
2025-02-27 13:17:22.193000+00:00;87;1253;17;9684
2025-02-27 13:50:20.855000+00:00;4;1253;12;9684
2025-02-27 13:50:20.855000+00:00;5;1253;13;9684
2025-02-27 13:50:20.855000+00:00;18;1253;10;9684
2025-02-27 13:50:20.855000+00:00;27;1253;15;9684
2025-02-27 13:50:20.855000+00:00;30;1253;14;9684
2025-02-27 13:50:20.855000+00:00;81;1253;11;9684
2025-02-27 13:53:12.455000+00:00;5;1253;14;9684
2025-02-27 13:53:12.455000+00:00;30;1253;13;9684
2025-02-27 14:03:47.390000+00:00;6;1253;17;9684
2025-02-27 14:03:47.390000+00:00;87;1253;18;9684
2025-02-27 14:10:16.546000+00:00;14;1253;9;9684
2025-02-27 14:10:16.546000+00:00;18;1253;8;9684
2025-02-27 14:10:16.546000+00:00;22;1253;10;9684
2025-02-27 14:22:05.018000+00:00;4;1253;13;9684
2025-02-27 14:22:05.018000+00:00;7;1253;7;9684
2025-02-27 14:22:05.018000+00:00;10;1253;8;9684
2025-02-27 14:22:05.018000+00:00;14;1253;10;9684
2025-02-27 14:22:05.018000+00:00;18;1253;9;9684
2025-02-27 14:22:05.018000+00:00;22;1253;11;9684
2025-02-27 14:22:05.018000+00:00;30;1253;6;9684
2025-02-27 14:22:05.018000+00:00;81;1253;12;9684
2025-02-27 14:30:07.069000+00:00;7;1253;8;9684
2025-02-27 14:30:07.069000+00:00;10;1253;9;9684
2025-02-27 14:30:07.069000+00:00;18;1253;6;9684
2025-02-27 14:30:07.069000+00:00;30;1253;7;9684
2025-02-27 14:56:22.594000+00:00;6;1253;15;9684
2025-02-27 14:56:22.594000+00:00;27;1253;16;9684
2025-02-27 14:56:22.594000+00:00;31;1253;17;9684
2025-02-27 15:00:16.038000+00:00;5;1253;15;9684
2025-02-27 15:00:16.038000+00:00;6;1253;14;9684
2025-02-27 15:26:20.942000+00:00;4;1253;14;9684
2025-02-27 15:26:20.942000+00:00;6;1253;10;9684
2025-02-27 15:26:20.942000+00:00;14;1253;11;9684
2025-02-27 15:26:20.942000+00:00;22;1253;12;9684
2025-02-27 15:26:20.942000+00:00;81;1253;13;9684
2025-02-28 06:45:01.964000+00:00;1;1253;1;9685
2025-02-28 06:45:01.964000+00:00;4;1253;2;9685
2025-02-28 06:45:01.964000+00:00;5;1253;3;9685
2025-02-28 06:45:01.964000+00:00;6;1253;4;9685
2025-02-28 06:45:01.964000+00:00;7;1253;5;9685
2025-02-28 06:45:01.964000+00:00;10;1253;6;9685
2025-02-28 06:45:01.964000+00:00;12;1253;7;9685
2025-02-28 06:45:01.964000+00:00;14;1253;8;9685
2025-02-28 06:45:01.964000+00:00;16;1253;9;9685
2025-02-28 06:45:01.964000+00:00;22;1253;10;9685
2025-02-28 06:45:01.964000+00:00;23;1253;11;9685
2025-02-28 06:45:01.964000+00:00;27;1253;12;9685
2025-02-28 06:45:01.964000+00:00;31;1253;13;9685
2025-02-28 06:45:01.964000+00:00;44;1253;14;9685
2025-02-28 06:45:01.964000+00:00;63;1253;15;9685
2025-02-28 06:45:01.964000+00:00;81;1253;16;9685
2025-02-28 06:45:01.964000+00:00;87;1253;17;9685
2025-02-28 07:00:12.632000+00:00;4;1253;3;9685
2025-02-28 07:00:12.632000+00:00;5;1253;4;9685
2025-02-28 07:00:12.632000+00:00;6;1253;2;9685
2025-02-28 07:00:20.032000+00:00;4;1253;4;9685
2025-02-28 07:00:20.032000+00:00;5;1253;5;9685
2025-02-28 07:00:20.032000+00:00;7;1253;6;9685
2025-02-28 07:00:20.032000+00:00;10;1253;7;9685
2025-02-28 07:00:20.032000+00:00;12;1253;8;9685
2025-02-28 07:00:20.032000+00:00;14;1253;9;9685
2025-02-28 07:00:20.032000+00:00;16;1253;10;9685
2025-02-28 07:00:20.032000+00:00;22;1253;11;9685
2025-02-28 07:00:20.032000+00:00;23;1253;12;9685
2025-02-28 07:00:20.032000+00:00;27;1253;13;9685
2025-02-28 07:00:20.032000+00:00;31;1253;14;9685
2025-02-28 07:00:20.032000+00:00;44;1253;15;9685
2025-02-28 07:00:20.032000+00:00;63;1253;16;9685
2025-02-28 07:00:20.032000+00:00;81;1253;17;9685
2025-02-28 07:00:20.032000+00:00;87;1253;3;9685
2025-02-28 07:00:23.061000+00:00;4;1253;5;9685
2025-02-28 07:00:23.061000+00:00;5;1253;4;9685
2025-02-28 07:00:29.134000+00:00;4;1253;6;9685
2025-02-28 07:00:29.134000+00:00;7;1253;5;9685
2025-02-28 07:00:36.842000+00:00;4;1253;7;9685
2025-02-28 07:00:36.842000+00:00;10;1253;8;9685
2025-02-28 07:00:36.842000+00:00;12;1253;9;9685
2025-02-28 07:00:36.842000+00:00;14;1253;10;9685
2025-02-28 07:00:36.842000+00:00;16;1253;6;9685
2025-02-28 07:00:51.931000+00:00;4;1253;8;9685
2025-02-28 07:00:51.931000+00:00;10;1253;9;9685
2025-02-28 07:00:51.931000+00:00;12;1253;10;9685
2025-02-28 07:00:51.931000+00:00;14;1253;11;9685
2025-02-28 07:00:51.931000+00:00;22;1253;12;9685
2025-02-28 07:00:51.931000+00:00;23;1253;7;9685
2025-02-28 07:01:02.006000+00:00;4;1253;9;9685
2025-02-28 07:01:02.006000+00:00;10;1253;10;9685
2025-02-28 07:01:02.006000+00:00;12;1253;11;9685
2025-02-28 07:01:02.006000+00:00;14;1253;8;9685
2025-02-28 07:01:52.933000+00:00;4;1253;10;9685
2025-02-28 07:01:52.933000+00:00;10;1253;11;9685
2025-02-28 07:01:52.933000+00:00;12;1253;9;9685
2025-02-28 07:03:41.708000+00:00;1;1253;2;9685
2025-02-28 07:03:41.708000+00:00;6;1253;3;9685
2025-02-28 07:03:41.708000+00:00;87;1253;1;9685
2025-02-28 07:03:56.126000+00:00;1;1253;3;9685
2025-02-28 07:03:56.126000+00:00;5;1253;1;9685
2025-02-28 07:03:56.126000+00:00;6;1253;4;9685
2025-02-28 07:03:56.126000+00:00;87;1253;2;9685
2025-02-28 07:04:20.959000+00:00;1;1253;4;9685
2025-02-28 07:04:20.959000+00:00;5;1253;2;9685
2025-02-28 07:04:20.959000+00:00;6;1253;5;9685
2025-02-28 07:04:20.959000+00:00;7;1253;6;9685
2025-02-28 07:04:20.959000+00:00;16;1253;1;9685
2025-02-28 07:04:20.959000+00:00;87;1253;3;9685
2025-02-28 07:04:59.900000+00:00;1;1253;3;9685
2025-02-28 07:04:59.900000+00:00;87;1253;4;9685
2025-02-28 07:05:19.388000+00:00;1;1253;4;9685
2025-02-28 07:05:19.388000+00:00;5;1253;3;9685
2025-02-28 07:05:19.388000+00:00;6;1253;6;9685
2025-02-28 07:05:19.388000+00:00;7;1253;7;9685
2025-02-28 07:05:19.388000+00:00;12;1253;1;9685
2025-02-28 07:05:19.388000+00:00;14;1253;9;9685
2025-02-28 07:05:19.388000+00:00;16;1253;2;9685
2025-02-28 07:05:19.388000+00:00;23;1253;8;9685
2025-02-28 07:05:19.388000+00:00;87;1253;5;9685
2025-02-28 07:06:55.154000+00:00;1;1253;5;9685
2025-02-28 07:06:55.154000+00:00;87;1253;4;9685
2025-02-28 07:07:21.891000+00:00;1;1253;6;9685
2025-02-28 07:07:21.891000+00:00;5;1253;4;9685
2025-02-28 07:07:21.891000+00:00;6;1253;7;9685
2025-02-28 07:07:21.891000+00:00;7;1253;3;9685
2025-02-28 07:07:21.891000+00:00;87;1253;5;9685
2025-02-28 07:07:52.581000+00:00;12;1253;2;9685
2025-02-28 07:07:52.581000+00:00;16;1253;1;9685
2025-02-28 07:13:19.682000+00:00;12;1253;1;9685
2025-02-28 07:13:19.682000+00:00;16;1253;2;9685
2025-02-28 07:23:18.491000+00:00;1;1253;7;9685
2025-02-28 07:23:18.491000+00:00;5;1253;5;9685
2025-02-28 07:23:18.491000+00:00;6;1253;8;9685
2025-02-28 07:23:18.491000+00:00;7;1253;4;9685
2025-02-28 07:23:18.491000+00:00;23;1253;3;9685
2025-02-28 07:23:18.491000+00:00;87;1253;6;9685
2025-02-28 07:26:21.249000+00:00;12;1253;2;9685
2025-02-28 07:26:21.249000+00:00;16;1253;1;9685
2025-02-28 07:33:33.913000+00:00;1;1253;8;9685
2025-02-28 07:33:33.913000+00:00;6;1253;9;9685
2025-02-28 07:33:33.913000+00:00;14;1253;7;9685
2025-02-28 07:36:20.472000+00:00;1;1253;4;9685
2025-02-28 07:36:20.472000+00:00;5;1253;6;9685
2025-02-28 07:36:20.472000+00:00;7;1253;5;9685
2025-02-28 07:36:20.472000+00:00;14;1253;8;9685
2025-02-28 07:36:20.472000+00:00;87;1253;7;9685
2025-02-28 07:39:09.061000+00:00;6;1253;7;9685
2025-02-28 07:39:09.061000+00:00;14;1253;9;9685
2025-02-28 07:39:09.061000+00:00;87;1253;8;9685
2025-02-28 07:42:44.303000+00:00;1;1253;3;9685
2025-02-28 07:42:44.303000+00:00;23;1253;4;9685
2025-02-28 07:44:55.232000+00:00;5;1253;7;9685
2025-02-28 07:44:55.232000+00:00;6;1253;6;9685
2025-02-28 07:50:19.674000+00:00;5;1253;6;9685
2025-02-28 07:50:19.674000+00:00;6;1253;7;9685
2025-02-28 08:03:52.296000+00:00;5;1253;7;9685
2025-02-28 08:03:52.296000+00:00;6;1253;5;9685
2025-02-28 08:03:52.296000+00:00;7;1253;6;9685
2025-02-28 08:22:04.497000+00:00;4;1253;7;9685
2025-02-28 08:22:04.497000+00:00;5;1253;8;9685
2025-02-28 08:22:04.497000+00:00;14;1253;10;9685
2025-02-28 08:22:04.497000+00:00;87;1253;9;9685
2025-02-28 08:35:05.197000+00:00;6;1253;6;9685
2025-02-28 08:35:05.197000+00:00;7;1253;5;9685
2025-02-28 08:48:20.086000+00:00;1;1253;4;9685
2025-02-28 08:48:20.086000+00:00;4;1253;3;9685
2025-02-28 08:48:20.086000+00:00;6;1253;7;9685
2025-02-28 08:48:20.086000+00:00;7;1253;6;9685
2025-02-28 08:48:20.086000+00:00;23;1253;5;9685
2025-02-28 08:55:36.014000+00:00;1;1253;5;9685
2025-02-28 08:55:36.014000+00:00;7;1253;4;9685
2025-02-28 08:55:36.014000+00:00;23;1253;6;9685
2025-02-28 09:05:04.863000+00:00;1;1253;4;9685
2025-02-28 09:05:04.863000+00:00;7;1253;5;9685
2025-02-28 09:26:59.905000+00:00;14;1253;9;9685
2025-02-28 09:26:59.905000+00:00;87;1253;10;9685
2025-02-28 09:55:10.358000+00:00;5;1253;9;9685
2025-02-28 09:55:10.358000+00:00;14;1253;8;9685
2025-02-28 11:24:47.641000+00:00;1;1253;1;9685
2025-02-28 11:24:47.641000+00:00;4;1253;2;9685
2025-02-28 11:24:47.641000+00:00;5;1253;3;9685
2025-02-28 11:24:47.641000+00:00;6;1253;4;9685
2025-02-28 11:24:47.641000+00:00;10;1253;6;9685
2025-02-28 11:24:47.641000+00:00;12;1253;7;9685
2025-02-28 11:24:47.641000+00:00;16;1253;9;9685
2025-02-28 11:24:47.641000+00:00;18;1253;10;9685
2025-02-28 11:24:47.641000+00:00;22;1253;11;9685
2025-02-28 11:24:47.641000+00:00;23;1253;12;9685
2025-02-28 11:24:47.641000+00:00;87;1253;18;9685
2025-02-28 11:26:06.086000+00:00;4;1253;3;9685
2025-02-28 11:26:06.086000+00:00;5;1253;4;9685
2025-02-28 11:26:06.086000+00:00;6;1253;2;9685
2025-02-28 11:26:06.580000+00:00;4;1253;4;9685
2025-02-28 11:26:06.580000+00:00;5;1253;5;9685
2025-02-28 11:26:06.580000+00:00;7;1253;6;9685
2025-02-28 11:26:06.580000+00:00;10;1253;7;9685
2025-02-28 11:26:06.580000+00:00;12;1253;8;9685
2025-02-28 11:26:06.580000+00:00;14;1253;9;9685
2025-02-28 11:26:06.580000+00:00;16;1253;10;9685
2025-02-28 11:26:06.580000+00:00;18;1253;11;9685
2025-02-28 11:26:06.580000+00:00;22;1253;12;9685
2025-02-28 11:26:06.580000+00:00;23;1253;13;9685
2025-02-28 11:26:06.580000+00:00;27;1253;14;9685
2025-02-28 11:26:06.580000+00:00;31;1253;15;9685
2025-02-28 11:26:06.580000+00:00;44;1253;16;9685
2025-02-28 11:26:06.580000+00:00;63;1253;17;9685
2025-02-28 11:26:06.580000+00:00;81;1253;18;9685
2025-02-28 11:26:06.580000+00:00;87;1253;3;9685
2025-02-28 11:26:06.777000+00:00;4;1253;5;9685
2025-02-28 11:26:06.777000+00:00;5;1253;4;9685
2025-02-28 11:26:07.119000+00:00;4;1253;6;9685
2025-02-28 11:26:07.119000+00:00;7;1253;5;9685
2025-02-28 11:26:07.601000+00:00;4;1253;7;9685
2025-02-28 11:26:07.601000+00:00;10;1253;8;9685
2025-02-28 11:26:07.601000+00:00;12;1253;9;9685
2025-02-28 11:26:07.601000+00:00;14;1253;10;9685
2025-02-28 11:26:07.601000+00:00;16;1253;6;9685
2025-02-28 11:26:08.616000+00:00;4;1253;8;9685
2025-02-28 11:26:08.616000+00:00;10;1253;9;9685
2025-02-28 11:26:08.616000+00:00;12;1253;10;9685
2025-02-28 11:26:08.616000+00:00;14;1253;11;9685
2025-02-28 11:26:08.616000+00:00;18;1253;12;9685
2025-02-28 11:26:08.616000+00:00;22;1253;13;9685
2025-02-28 11:26:08.616000+00:00;23;1253;7;9685
2025-02-28 11:26:09.136000+00:00;4;1253;9;9685
2025-02-28 11:26:09.136000+00:00;10;1253;10;9685
2025-02-28 11:26:09.136000+00:00;12;1253;11;9685
2025-02-28 11:26:09.136000+00:00;14;1253;8;9685
2025-02-28 11:26:12.338000+00:00;4;1253;10;9685
2025-02-28 11:26:12.338000+00:00;10;1253;11;9685
2025-02-28 11:26:12.338000+00:00;12;1253;9;9685
2025-02-28 11:26:19.233000+00:00;1;1253;2;9685
2025-02-28 11:26:19.233000+00:00;6;1253;3;9685
2025-02-28 11:26:19.233000+00:00;87;1253;1;9685
2025-02-28 11:26:20.086000+00:00;1;1253;3;9685
2025-02-28 11:26:20.086000+00:00;5;1253;1;9685
2025-02-28 11:26:20.086000+00:00;6;1253;4;9685
2025-02-28 11:26:20.086000+00:00;87;1253;2;9685
2025-02-28 11:26:21.657000+00:00;1;1253;4;9685
2025-02-28 11:26:21.657000+00:00;5;1253;2;9685
2025-02-28 11:26:21.657000+00:00;6;1253;5;9685
2025-02-28 11:26:21.657000+00:00;7;1253;6;9685
2025-02-28 11:26:21.657000+00:00;16;1253;1;9685
2025-02-28 11:26:21.657000+00:00;87;1253;3;9685
2025-02-28 11:26:24.083000+00:00;1;1253;3;9685
2025-02-28 11:26:24.083000+00:00;87;1253;4;9685
2025-02-28 11:26:25.352000+00:00;1;1253;4;9685
2025-02-28 11:26:25.352000+00:00;5;1253;3;9685
2025-02-28 11:26:25.352000+00:00;6;1253;6;9685
2025-02-28 11:26:25.352000+00:00;7;1253;7;9685
2025-02-28 11:26:25.352000+00:00;12;1253;1;9685
2025-02-28 11:26:25.352000+00:00;14;1253;9;9685
2025-02-28 11:26:25.352000+00:00;16;1253;2;9685
2025-02-28 11:26:25.352000+00:00;23;1253;8;9685
2025-02-28 11:26:25.352000+00:00;87;1253;5;9685
2025-02-28 11:26:31.293000+00:00;1;1253;5;9685
2025-02-28 11:26:31.293000+00:00;87;1253;4;9685
2025-02-28 11:26:32.971000+00:00;1;1253;6;9685
2025-02-28 11:26:32.971000+00:00;5;1253;4;9685
2025-02-28 11:26:32.971000+00:00;6;1253;7;9685
2025-02-28 11:26:32.971000+00:00;7;1253;3;9685
2025-02-28 11:26:32.971000+00:00;87;1253;5;9685
2025-02-28 11:26:34.978000+00:00;12;1253;2;9685
2025-02-28 11:26:34.978000+00:00;16;1253;1;9685
2025-02-28 11:26:55.269000+00:00;12;1253;1;9685
2025-02-28 11:26:55.269000+00:00;16;1253;2;9685
2025-02-28 11:44:06.226000+00:00;1;1253;4;9685
2025-02-28 11:44:06.226000+00:00;4;1253;3;9685
2025-02-28 11:44:06.226000+00:00;5;1253;9;9685
2025-02-28 11:44:06.226000+00:00;7;1253;5;9685
2025-02-28 11:44:06.226000+00:00;12;1253;2;9685
2025-02-28 11:44:06.226000+00:00;14;1253;8;9685
2025-02-28 11:44:06.226000+00:00;16;1253;1;9685
2025-02-28 11:44:06.226000+00:00;23;1253;6;9685
2025-02-28 11:44:06.226000+00:00;87;1253;10;9685
2025-02-28 12:00:04.585000+00:00;10;1253;12;9685
2025-02-28 12:00:04.585000+00:00;18;1253;13;9685
2025-02-28 12:00:04.585000+00:00;22;1253;14;9685
2025-02-28 12:00:04.585000+00:00;27;1253;15;9685
2025-02-28 12:00:04.585000+00:00;31;1253;11;9685
2025-02-28 12:04:53.182000+00:00;10;1253;11;9685
2025-02-28 12:04:53.182000+00:00;31;1253;12;9685
2025-02-28 12:07:35.480000+00:00;18;1253;14;9685
2025-02-28 12:07:35.480000+00:00;22;1253;13;9685
2025-02-28 12:11:35.084000+00:00;18;1253;15;9685
2025-02-28 12:11:35.084000+00:00;27;1253;16;9685
2025-02-28 12:11:35.084000+00:00;44;1253;14;9685
2025-02-28 12:14:27.544000+00:00;5;1253;10;9685
2025-02-28 12:14:27.544000+00:00;10;1253;12;9685
2025-02-28 12:14:27.544000+00:00;31;1253;9;9685
2025-02-28 12:14:27.544000+00:00;87;1253;11;9685
2025-02-28 12:14:53.668000+00:00;5;1253;11;9685
2025-02-28 12:14:53.668000+00:00;6;1253;8;9685
2025-02-28 12:14:53.668000+00:00;10;1253;6;9685
2025-02-28 12:14:53.668000+00:00;14;1253;9;9685
2025-02-28 12:14:53.668000+00:00;23;1253;7;9685
2025-02-28 12:14:53.668000+00:00;31;1253;10;9685
2025-02-28 12:14:53.668000+00:00;87;1253;12;9685
2025-02-28 12:15:03.849000+00:00;22;1253;14;9685
2025-02-28 12:15:03.849000+00:00;44;1253;13;9685
2025-02-28 12:15:59.555000+00:00;18;1253;16;9685
2025-02-28 12:15:59.555000+00:00;27;1253;17;9685
2025-02-28 12:15:59.555000+00:00;63;1253;15;9685
2025-02-28 12:19:10.382000+00:00;44;1253;12;9685
2025-02-28 12:19:10.382000+00:00;87;1253;13;9685
2025-02-28 12:19:22.279000+00:00;5;1253;12;9685
2025-02-28 12:19:22.279000+00:00;6;1253;9;9685
2025-02-28 12:19:22.279000+00:00;14;1253;10;9685
2025-02-28 12:19:22.279000+00:00;22;1253;15;9685
2025-02-28 12:19:22.279000+00:00;31;1253;11;9685
2025-02-28 12:19:22.279000+00:00;44;1253;13;9685
2025-02-28 12:19:22.279000+00:00;63;1253;8;9685
2025-02-28 12:19:22.279000+00:00;87;1253;14;9685
2025-02-28 12:23:15.678000+00:00;5;1253;13;9685
2025-02-28 12:23:15.678000+00:00;14;1253;11;9685
2025-02-28 12:23:15.678000+00:00;31;1253;12;9685
2025-02-28 12:23:15.678000+00:00;44;1253;10;9685
2025-02-28 12:25:16.622000+00:00;1;1253;5;9685
2025-02-28 12:25:16.622000+00:00;4;1253;4;9685
2025-02-28 12:25:16.622000+00:00;7;1253;6;9685
2025-02-28 12:25:16.622000+00:00;10;1253;1;9685
2025-02-28 12:25:16.622000+00:00;12;1253;3;9685
2025-02-28 12:25:16.622000+00:00;16;1253;2;9685
2025-02-28 12:26:11.453000+00:00;18;1253;17;9685
2025-02-28 12:26:11.453000+00:00;27;1253;16;9685
2025-02-28 12:29:25.792000+00:00;6;1253;10;9685
2025-02-28 12:29:25.792000+00:00;14;1253;12;9685
2025-02-28 12:29:25.792000+00:00;31;1253;9;9685
2025-02-28 12:29:25.792000+00:00;44;1253;11;9685
2025-02-28 12:29:37.617000+00:00;22;1253;16;9685
2025-02-28 12:29:37.617000+00:00;27;1253;15;9685
2025-02-28 12:44:30.501000+00:00;6;1253;11;9685
2025-02-28 12:44:30.501000+00:00;23;1253;8;9685
2025-02-28 12:44:30.501000+00:00;31;1253;10;9685
2025-02-28 12:44:30.501000+00:00;44;1253;7;9685
2025-02-28 12:44:30.501000+00:00;63;1253;9;9685
2025-02-28 12:46:27.301000+00:00;27;1253;14;9685
2025-02-28 12:46:27.301000+00:00;87;1253;15;9685
2025-02-28 12:46:34.370000+00:00;5;1253;14;9685
2025-02-28 12:46:34.370000+00:00;6;1253;12;9685
2025-02-28 12:46:34.370000+00:00;14;1253;13;9685
2025-02-28 12:46:34.370000+00:00;18;1253;18;9685
2025-02-28 12:46:34.370000+00:00;22;1253;17;9685
2025-02-28 12:46:34.370000+00:00;27;1253;15;9685
2025-02-28 12:46:34.370000+00:00;81;1253;11;9685
2025-02-28 12:46:34.370000+00:00;87;1253;16;9685
2025-02-28 12:46:40.786000+00:00;1;1253;6;9685
2025-02-28 12:46:40.786000+00:00;4;1253;5;9685
2025-02-28 12:46:40.786000+00:00;7;1253;7;9685
2025-02-28 12:46:40.786000+00:00;12;1253;4;9685
2025-02-28 12:46:40.786000+00:00;23;1253;9;9685
2025-02-28 12:46:40.786000+00:00;44;1253;8;9685
2025-02-28 12:46:40.786000+00:00;63;1253;3;9685
2025-02-28 12:47:33.401000+00:00;1;1253;7;9685
2025-02-28 12:47:33.401000+00:00;7;1253;8;9685
2025-02-28 12:47:33.401000+00:00;23;1253;10;9685
2025-02-28 12:47:33.401000+00:00;31;1253;6;9685
2025-02-28 12:47:33.401000+00:00;44;1253;9;9685
2025-02-28 12:50:42.718000+00:00;18;1253;17;9685
2025-02-28 12:50:42.718000+00:00;22;1253;18;9685
2025-02-28 12:58:47.975000+00:00;10;1253;2;9685
2025-02-28 12:58:47.975000+00:00;16;1253;3;9685
2025-02-28 12:58:47.975000+00:00;63;1253;1;9685
2025-02-28 13:05:20.323000+00:00;1;1253;8;9685
2025-02-28 13:05:20.323000+00:00;7;1253;9;9685
2025-02-28 13:05:20.323000+00:00;23;1253;11;9685
2025-02-28 13:05:20.323000+00:00;31;1253;7;9685
2025-02-28 13:05:20.323000+00:00;44;1253;10;9685
2025-02-28 13:05:20.323000+00:00;81;1253;6;9685
2025-02-28 13:07:48.393000+00:00;1;1253;9;9685
2025-02-28 13:07:48.393000+00:00;4;1253;6;9685
2025-02-28 13:07:48.393000+00:00;7;1253;10;9685
2025-02-28 13:07:48.393000+00:00;12;1253;5;9685
2025-02-28 13:07:48.393000+00:00;16;1253;4;9685
2025-02-28 13:07:48.393000+00:00;31;1253;8;9685
2025-02-28 13:07:48.393000+00:00;44;1253;3;9685
2025-02-28 13:07:48.393000+00:00;81;1253;7;9685
2025-02-28 13:08:42.564000+00:00;5;1253;15;9685
2025-02-28 13:08:42.564000+00:00;6;1253;13;9685
2025-02-28 13:08:42.564000+00:00;14;1253;14;9685
2025-02-28 13:08:42.564000+00:00;27;1253;12;9685
2025-02-28 13:10:22.799000+00:00;31;1253;7;9685
2025-02-28 13:10:22.799000+00:00;81;1253;8;9685
2025-02-28 13:11:23.370000+00:00;4;1253;7;9685
2025-02-28 13:11:23.370000+00:00;12;1253;6;9685
2025-02-28 13:11:23.370000+00:00;31;1253;8;9685
2025-02-28 13:11:23.370000+00:00;81;1253;5;9685
2025-02-28 13:13:43.862000+00:00;10;1253;1;9685
2025-02-28 13:13:43.862000+00:00;63;1253;2;9685
2025-02-28 13:25:35.718000+00:00;5;1253;16;9685
2025-02-28 13:25:35.718000+00:00;18;1253;15;9685
2025-02-28 13:25:35.718000+00:00;87;1253;17;9685
2025-02-28 13:53:14.681000+00:00;6;1253;14;9685
2025-02-28 13:53:14.681000+00:00;14;1253;15;9685
2025-02-28 13:53:14.681000+00:00;18;1253;12;9685
2025-02-28 13:53:14.681000+00:00;27;1253;13;9685
2025-02-28 13:53:36.355000+00:00;1;1253;3;9685
2025-02-28 13:53:36.355000+00:00;4;1253;8;9685
2025-02-28 13:53:36.355000+00:00;12;1253;7;9685
2025-02-28 13:53:36.355000+00:00;16;1253;5;9685
2025-02-28 13:53:36.355000+00:00;31;1253;9;9685
2025-02-28 13:53:36.355000+00:00;44;1253;4;9685
2025-02-28 13:53:36.355000+00:00;81;1253;6;9685
2025-02-28 14:07:41.037000+00:00;1;1253;1;9685
2025-02-28 14:07:41.037000+00:00;10;1253;2;9685
2025-02-28 14:07:41.037000+00:00;63;1253;3;9685
2025-02-28 14:31:01.677000+00:00;4;1253;9;9685
2025-02-28 14:31:01.677000+00:00;7;1253;11;9685
2025-02-28 14:31:01.677000+00:00;12;1253;8;9685
2025-02-28 14:31:01.677000+00:00;16;1253;6;9685
2025-02-28 14:31:01.677000+00:00;23;1253;4;9685
2025-02-28 14:31:01.677000+00:00;31;1253;10;9685
2025-02-28 14:31:01.677000+00:00;44;1253;5;9685
2025-02-28 14:31:01.677000+00:00;81;1253;7;9685
2025-02-28 15:05:31.079000+00:00;1;1253;2;9685
2025-02-28 15:05:31.079000+00:00;10;1253;3;9685
2025-02-28 15:05:31.079000+00:00;23;1253;1;9685
2025-02-28 15:05:31.079000+00:00;63;1253;4;9685
2025-02-28 15:16:05.732000+00:00;22;1253;17;9685
2025-02-28 15:16:05.732000+00:00;87;1253;18;9685
2025-02-28 15:18:03.683000+00:00;16;1253;7;9685
2025-02-28 15:18:03.683000+00:00;81;1253;6;9685
2025-02-28 15:19:54.959000+00:00;1;1253;1;9685
2025-02-28 15:19:54.959000+00:00;23;1253;2;9685
2025-02-28 15:25:24.654000+00:00;5;1253;17;9685
2025-02-28 15:25:24.654000+00:00;6;1253;15;9685
2025-02-28 15:25:24.654000+00:00;14;1253;16;9685
2025-02-28 15:25:24.654000+00:00;18;1253;13;9685
2025-02-28 15:25:24.654000+00:00;22;1253;12;9685
2025-02-28 15:25:24.654000+00:00;27;1253;14;9685
2025-02-28 15:29:41.210000+00:00;10;1253;4;9685
2025-02-28 15:29:41.210000+00:00;44;1253;6;9685
2025-02-28 15:29:41.210000+00:00;63;1253;5;9685
2025-02-28 15:29:41.210000+00:00;81;1253;3;9685
2025-02-28 15:40:50.226000+00:00;4;1253;10;9685
2025-02-28 15:40:50.226000+00:00;7;1253;12;9685
2025-02-28 15:40:50.226000+00:00;12;1253;9;9685
2025-02-28 15:40:50.226000+00:00;16;1253;8;9685
2025-02-28 15:40:50.226000+00:00;22;1253;7;9685
2025-02-28 15:40:50.226000+00:00;31;1253;11;9685
2025-02-28 15:52:23.221000+00:00;4;1253;11;9685
2025-02-28 15:52:23.221000+00:00;12;1253;10;9685
2025-02-28 15:52:23.221000+00:00;16;1253;9;9685
2025-02-28 15:52:23.221000+00:00;31;1253;8;9685
2025-02-28 15:53:14.532000+00:00;1;1253;2;9685
2025-02-28 15:53:14.532000+00:00;10;1253;5;9685
2025-02-28 15:53:14.532000+00:00;23;1253;3;9685
2025-02-28 15:53:14.532000+00:00;63;1253;1;9685
2025-02-28 15:53:14.532000+00:00;81;1253;4;9685
2025-03-14 01:15:32.737000+00:00;1;1254;1;9686
2025-03-14 01:15:32.737000+00:00;4;1254;2;9686
2025-03-14 01:15:32.737000+00:00;5;1254;3;9686
2025-03-14 01:15:32.737000+00:00;6;1254;4;9686
2025-03-14 01:15:32.737000+00:00;7;1254;5;9686
2025-03-14 01:15:32.737000+00:00;10;1254;6;9686
2025-03-14 01:15:32.737000+00:00;12;1254;7;9686
2025-03-14 01:15:32.737000+00:00;14;1254;8;9686
2025-03-14 01:15:32.737000+00:00;16;1254;9;9686
2025-03-14 01:15:32.737000+00:00;18;1254;10;9686
2025-03-14 01:15:32.737000+00:00;22;1254;11;9686
2025-03-14 01:15:32.737000+00:00;23;1254;12;9686
2025-03-14 01:15:32.737000+00:00;27;1254;13;9686
2025-03-14 01:15:32.737000+00:00;30;1254;14;9686
2025-03-14 01:15:32.737000+00:00;31;1254;15;9686
2025-03-14 01:15:32.737000+00:00;44;1254;16;9686
2025-03-14 01:15:32.737000+00:00;55;1254;17;9686
2025-03-14 01:15:32.737000+00:00;63;1254;18;9686
2025-03-14 01:15:32.737000+00:00;81;1254;19;9686
2025-03-14 01:15:32.737000+00:00;87;1254;20;9686
2025-03-14 01:30:03.089000+00:00;1;1254;2;9686
2025-03-14 01:30:03.089000+00:00;4;1254;3;9686
2025-03-14 01:30:03.089000+00:00;5;1254;4;9686
2025-03-14 01:30:03.089000+00:00;6;1254;5;9686
2025-03-14 01:30:03.089000+00:00;7;1254;6;9686
2025-03-14 01:30:03.089000+00:00;10;1254;7;9686
2025-03-14 01:30:03.089000+00:00;12;1254;8;9686
2025-03-14 01:30:03.089000+00:00;14;1254;9;9686
2025-03-14 01:30:03.089000+00:00;16;1254;10;9686
2025-03-14 01:30:03.089000+00:00;18;1254;11;9686
2025-03-14 01:30:03.089000+00:00;22;1254;12;9686
2025-03-14 01:30:03.089000+00:00;23;1254;13;9686
2025-03-14 01:30:03.089000+00:00;27;1254;1;9686
2025-03-14 01:30:14.413000+00:00;1;1254;3;9686
2025-03-14 01:30:14.413000+00:00;4;1254;4;9686
2025-03-14 01:30:14.413000+00:00;5;1254;5;9686
2025-03-14 01:30:14.413000+00:00;6;1254;2;9686
2025-03-14 01:30:15.750000+00:00;1;1254;4;9686
2025-03-14 01:30:15.750000+00:00;4;1254;3;9686
2025-03-14 01:30:19.107000+00:00;1;1254;5;9686
2025-03-14 01:30:19.107000+00:00;5;1254;4;9686
2025-03-14 01:30:28.189000+00:00;1;1254;6;9686
2025-03-14 01:30:28.189000+00:00;7;1254;7;9686
2025-03-14 01:30:28.189000+00:00;10;1254;5;9686
2025-03-14 01:30:33.140000+00:00;1;1254;7;9686
2025-03-14 01:30:33.140000+00:00;7;1254;6;9686
2025-03-14 01:30:38.575000+00:00;1;1254;8;9686
2025-03-14 01:30:38.575000+00:00;12;1254;9;9686
2025-03-14 01:30:38.575000+00:00;14;1254;10;9686
2025-03-14 01:30:38.575000+00:00;16;1254;11;9686
2025-03-14 01:30:38.575000+00:00;18;1254;7;9686
2025-03-14 01:30:46.715000+00:00;1;1254;9;9686
2025-03-14 01:30:46.715000+00:00;12;1254;10;9686
2025-03-14 01:30:46.715000+00:00;14;1254;11;9686
2025-03-14 01:30:46.715000+00:00;16;1254;12;9686
2025-03-14 01:30:46.715000+00:00;22;1254;8;9686
2025-03-14 01:31:06.306000+00:00;12;1254;11;9686
2025-03-14 01:31:06.306000+00:00;14;1254;12;9686
2025-03-14 01:31:06.306000+00:00;16;1254;13;9686
2025-03-14 01:31:06.306000+00:00;23;1254;14;9686
2025-03-14 01:31:06.306000+00:00;30;1254;15;9686
2025-03-14 01:31:06.306000+00:00;31;1254;16;9686
2025-03-14 01:31:06.306000+00:00;44;1254;10;9686
2025-03-14 01:31:13.532000+00:00;12;1254;12;9686
2025-03-14 01:31:13.532000+00:00;14;1254;13;9686
2025-03-14 01:31:13.532000+00:00;16;1254;11;9686
2025-03-14 01:31:20.086000+00:00;12;1254;13;9686
2025-03-14 01:31:20.086000+00:00;14;1254;14;9686
2025-03-14 01:31:20.086000+00:00;23;1254;15;9686
2025-03-14 01:31:20.086000+00:00;30;1254;12;9686
2025-03-14 01:31:26.248000+00:00;12;1254;14;9686
2025-03-14 01:31:26.248000+00:00;14;1254;15;9686
2025-03-14 01:31:26.248000+00:00;23;1254;16;9686
2025-03-14 01:31:26.248000+00:00;31;1254;17;9686
2025-03-14 01:31:26.248000+00:00;55;1254;18;9686
2025-03-14 01:31:26.248000+00:00;63;1254;19;9686
2025-03-14 01:31:26.248000+00:00;81;1254;20;9686
2025-03-14 01:31:26.248000+00:00;87;1254;13;9686
2025-03-14 01:31:29.502000+00:00;12;1254;15;9686
2025-03-14 01:31:29.502000+00:00;14;1254;16;9686
2025-03-14 01:31:29.502000+00:00;23;1254;17;9686
2025-03-14 01:31:29.502000+00:00;31;1254;18;9686
2025-03-14 01:31:29.502000+00:00;55;1254;19;9686
2025-03-14 01:31:29.502000+00:00;63;1254;20;9686
2025-03-14 01:31:29.502000+00:00;81;1254;14;9686
2025-03-14 01:31:53.299000+00:00;14;1254;17;9686
2025-03-14 01:31:53.299000+00:00;23;1254;18;9686
2025-03-14 01:31:53.299000+00:00;31;1254;19;9686
2025-03-14 01:31:53.299000+00:00;55;1254;20;9686
2025-03-14 01:31:53.299000+00:00;63;1254;16;9686
2025-03-14 01:33:19.072000+00:00;23;1254;19;9686
2025-03-14 01:33:19.072000+00:00;31;1254;20;9686
2025-03-14 01:33:19.072000+00:00;55;1254;18;9686
2025-03-14 01:33:22.711000+00:00;4;1254;1;9686
2025-03-14 01:33:22.711000+00:00;6;1254;3;9686
2025-03-14 01:33:22.711000+00:00;27;1254;2;9686
2025-03-14 01:33:33.673000+00:00;6;1254;2;9686
2025-03-14 01:33:33.673000+00:00;27;1254;3;9686
2025-03-14 01:33:35.076000+00:00;4;1254;2;9686
2025-03-14 01:33:35.076000+00:00;5;1254;5;9686
2025-03-14 01:33:35.076000+00:00;6;1254;3;9686
2025-03-14 01:33:35.076000+00:00;10;1254;1;9686
2025-03-14 01:33:35.076000+00:00;27;1254;4;9686
2025-03-14 01:33:44.853000+00:00;5;1254;3;9686
2025-03-14 01:33:44.853000+00:00;6;1254;4;9686
2025-03-14 01:33:44.853000+00:00;27;1254;5;9686
2025-03-14 01:33:48.557000+00:00;4;1254;3;9686
2025-03-14 01:33:48.557000+00:00;5;1254;4;9686
2025-03-14 01:33:48.557000+00:00;6;1254;5;9686
2025-03-14 01:33:48.557000+00:00;7;1254;2;9686
2025-03-14 01:33:48.557000+00:00;27;1254;6;9686
2025-03-14 01:33:58.961000+00:00;5;1254;5;9686
2025-03-14 01:33:58.961000+00:00;6;1254;6;9686
2025-03-14 01:33:58.961000+00:00;18;1254;4;9686
2025-03-14 01:33:58.961000+00:00;27;1254;7;9686
2025-03-14 01:34:02.781000+00:00;1;1254;1;9686
2025-03-14 01:34:02.781000+00:00;4;1254;4;9686
2025-03-14 01:34:02.781000+00:00;5;1254;6;9686
2025-03-14 01:34:02.781000+00:00;6;1254;7;9686
2025-03-14 01:34:02.781000+00:00;7;1254;3;9686
2025-03-14 01:34:02.781000+00:00;10;1254;2;9686
2025-03-14 01:34:02.781000+00:00;18;1254;5;9686
2025-03-14 01:34:02.781000+00:00;22;1254;9;9686
2025-03-14 01:34:02.781000+00:00;27;1254;8;9686
2025-03-14 01:34:10.276000+00:00;23;1254;20;9686
2025-03-14 01:34:10.276000+00:00;31;1254;19;9686
2025-03-14 01:34:10.945000+00:00;4;1254;5;9686
2025-03-14 01:34:10.945000+00:00;5;1254;7;9686
2025-03-14 01:34:10.945000+00:00;6;1254;8;9686
2025-03-14 01:34:10.945000+00:00;7;1254;4;9686
2025-03-14 01:34:10.945000+00:00;18;1254;6;9686
2025-03-14 01:34:10.945000+00:00;22;1254;3;9686
2025-03-14 01:34:10.945000+00:00;27;1254;9;9686
2025-03-14 01:34:14.828000+00:00;4;1254;6;9686
2025-03-14 01:34:14.828000+00:00;5;1254;8;9686
2025-03-14 01:34:14.828000+00:00;6;1254;9;9686
2025-03-14 01:34:14.828000+00:00;7;1254;5;9686
2025-03-14 01:34:14.828000+00:00;10;1254;3;9686
2025-03-14 01:34:14.828000+00:00;18;1254;7;9686
2025-03-14 01:34:14.828000+00:00;22;1254;4;9686
2025-03-14 01:34:14.828000+00:00;27;1254;10;9686
2025-03-14 01:34:14.828000+00:00;44;1254;2;9686
2025-03-14 01:34:20.391000+00:00;4;1254;7;9686
2025-03-14 01:34:20.391000+00:00;5;1254;9;9686
2025-03-14 01:34:20.391000+00:00;6;1254;10;9686
2025-03-14 01:34:20.391000+00:00;7;1254;6;9686
2025-03-14 01:34:20.391000+00:00;10;1254;4;9686
2025-03-14 01:34:20.391000+00:00;16;1254;2;9686
2025-03-14 01:34:20.391000+00:00;18;1254;8;9686
2025-03-14 01:34:20.391000+00:00;22;1254;5;9686
2025-03-14 01:34:20.391000+00:00;27;1254;11;9686
2025-03-14 01:34:20.391000+00:00;44;1254;3;9686
2025-03-14 01:34:30.591000+00:00;5;1254;10;9686
2025-03-14 01:34:30.591000+00:00;6;1254;11;9686
2025-03-14 01:34:30.591000+00:00;18;1254;9;9686
2025-03-14 01:34:30.591000+00:00;27;1254;12;9686
2025-03-14 01:34:30.591000+00:00;30;1254;8;9686
2025-03-14 01:34:36.748000+00:00;5;1254;11;9686
2025-03-14 01:34:36.748000+00:00;6;1254;12;9686
2025-03-14 01:34:36.748000+00:00;27;1254;13;9686
2025-03-14 01:34:36.748000+00:00;87;1254;10;9686
2025-03-14 01:34:39.807000+00:00;4;1254;8;9686
2025-03-14 01:34:39.807000+00:00;5;1254;12;9686
2025-03-14 01:34:39.807000+00:00;6;1254;13;9686
2025-03-14 01:34:39.807000+00:00;7;1254;7;9686
2025-03-14 01:34:39.807000+00:00;10;1254;5;9686
2025-03-14 01:34:39.807000+00:00;18;1254;10;9686
2025-03-14 01:34:39.807000+00:00;22;1254;6;9686
2025-03-14 01:34:39.807000+00:00;27;1254;14;9686
2025-03-14 01:34:39.807000+00:00;30;1254;9;9686
2025-03-14 01:34:39.807000+00:00;44;1254;4;9686
2025-03-14 01:34:39.807000+00:00;81;1254;3;9686
2025-03-14 01:34:39.807000+00:00;87;1254;11;9686
2025-03-14 01:34:53.652000+00:00;6;1254;14;9686
2025-03-14 01:34:53.652000+00:00;12;1254;16;9686
2025-03-14 01:34:53.652000+00:00;27;1254;15;9686
2025-03-14 01:34:53.652000+00:00;63;1254;13;9686
2025-03-14 01:34:55.402000+00:00;4;1254;9;9686
2025-03-14 01:34:55.402000+00:00;5;1254;13;9686
2025-03-14 01:34:55.402000+00:00;6;1254;7;9686
2025-03-14 01:34:55.402000+00:00;7;1254;8;9686
2025-03-14 01:34:55.402000+00:00;18;1254;11;9686
2025-03-14 01:34:55.402000+00:00;30;1254;10;9686
2025-03-14 01:34:55.402000+00:00;63;1254;14;9686
2025-03-14 01:34:55.402000+00:00;87;1254;12;9686
2025-03-14 01:35:09.297000+00:00;6;1254;8;9686
2025-03-14 01:35:09.297000+00:00;7;1254;5;9686
2025-03-14 01:35:09.297000+00:00;10;1254;6;9686
2025-03-14 01:35:09.297000+00:00;22;1254;7;9686
2025-03-14 01:35:16.527000+00:00;4;1254;10;9686
2025-03-14 01:35:16.527000+00:00;5;1254;14;9686
2025-03-14 01:35:16.527000+00:00;6;1254;9;9686
2025-03-14 01:35:16.527000+00:00;12;1254;17;9686
2025-03-14 01:35:16.527000+00:00;14;1254;8;9686
2025-03-14 01:35:16.527000+00:00;18;1254;12;9686
2025-03-14 01:35:16.527000+00:00;27;1254;16;9686
2025-03-14 01:35:16.527000+00:00;30;1254;11;9686
2025-03-14 01:35:16.527000+00:00;63;1254;15;9686
2025-03-14 01:35:16.527000+00:00;87;1254;13;9686
2025-03-14 01:35:42.036000+00:00;12;1254;16;9686
2025-03-14 01:35:42.036000+00:00;27;1254;17;9686
2025-03-14 01:35:59.192000+00:00;18;1254;13;9686
2025-03-14 01:35:59.192000+00:00;30;1254;12;9686
2025-03-14 01:35:59.192000+00:00;87;1254;11;9686
2025-03-14 01:36:13.990000+00:00;4;1254;11;9686
2025-03-14 01:36:13.990000+00:00;5;1254;15;9686
2025-03-14 01:36:13.990000+00:00;6;1254;10;9686
2025-03-14 01:36:13.990000+00:00;7;1254;6;9686
2025-03-14 01:36:13.990000+00:00;10;1254;7;9686
2025-03-14 01:36:13.990000+00:00;14;1254;9;9686
2025-03-14 01:36:13.990000+00:00;18;1254;14;9686
2025-03-14 01:36:13.990000+00:00;22;1254;8;9686
2025-03-14 01:36:13.990000+00:00;30;1254;13;9686
2025-03-14 01:36:13.990000+00:00;44;1254;5;9686
2025-03-14 01:36:13.990000+00:00;63;1254;4;9686
2025-03-14 01:36:13.990000+00:00;87;1254;12;9686
2025-03-14 01:36:24.833000+00:00;4;1254;12;9686
2025-03-14 01:36:24.833000+00:00;5;1254;16;9686
2025-03-14 01:36:24.833000+00:00;6;1254;11;9686
2025-03-14 01:36:24.833000+00:00;7;1254;7;9686
2025-03-14 01:36:24.833000+00:00;10;1254;8;9686
2025-03-14 01:36:24.833000+00:00;12;1254;17;9686
2025-03-14 01:36:24.833000+00:00;14;1254;10;9686
2025-03-14 01:36:24.833000+00:00;18;1254;15;9686
2025-03-14 01:36:24.833000+00:00;22;1254;9;9686
2025-03-14 01:36:24.833000+00:00;27;1254;18;9686
2025-03-14 01:36:24.833000+00:00;30;1254;14;9686
2025-03-14 01:36:24.833000+00:00;44;1254;6;9686
2025-03-14 01:36:24.833000+00:00;55;1254;5;9686
2025-03-14 01:36:24.833000+00:00;87;1254;13;9686
2025-03-14 01:36:43.101000+00:00;1;1254;2;9686
2025-03-14 01:36:43.101000+00:00;4;1254;1;9686
2025-03-14 01:36:43.101000+00:00;6;1254;12;9686
2025-03-14 01:36:43.101000+00:00;7;1254;8;9686
2025-03-14 01:36:43.101000+00:00;10;1254;9;9686
2025-03-14 01:36:43.101000+00:00;14;1254;11;9686
2025-03-14 01:36:43.101000+00:00;16;1254;3;9686
2025-03-14 01:36:43.101000+00:00;22;1254;10;9686
2025-03-14 01:36:43.101000+00:00;44;1254;7;9686
2025-03-14 01:36:43.101000+00:00;55;1254;6;9686
2025-03-14 01:36:43.101000+00:00;63;1254;5;9686
2025-03-14 01:36:43.101000+00:00;81;1254;4;9686
2025-03-14 01:36:55.108000+00:00;1;1254;3;9686
2025-03-14 01:36:55.108000+00:00;7;1254;9;9686
2025-03-14 01:36:55.108000+00:00;10;1254;2;9686
2025-03-14 01:36:55.108000+00:00;16;1254;4;9686
2025-03-14 01:36:55.108000+00:00;44;1254;8;9686
2025-03-14 01:36:55.108000+00:00;55;1254;7;9686
2025-03-14 01:36:55.108000+00:00;63;1254;6;9686
2025-03-14 01:36:55.108000+00:00;81;1254;5;9686
2025-03-14 01:37:03.732000+00:00;5;1254;17;9686
2025-03-14 01:37:03.732000+00:00;6;1254;13;9686
2025-03-14 01:37:03.732000+00:00;12;1254;11;9686
2025-03-14 01:37:03.732000+00:00;14;1254;12;9686
2025-03-14 01:37:03.732000+00:00;18;1254;16;9686
2025-03-14 01:37:03.732000+00:00;30;1254;15;9686
2025-03-14 01:37:03.732000+00:00;87;1254;14;9686
2025-03-14 01:37:10.544000+00:00;5;1254;14;9686
2025-03-14 01:37:10.544000+00:00;18;1254;17;9686
2025-03-14 01:37:10.544000+00:00;30;1254;16;9686
2025-03-14 01:37:10.544000+00:00;87;1254;15;9686
2025-03-14 01:37:22.233000+00:00;5;1254;15;9686
2025-03-14 01:37:22.233000+00:00;6;1254;14;9686
2025-03-14 01:37:22.233000+00:00;7;1254;10;9686
2025-03-14 01:37:22.233000+00:00;12;1254;12;9686
2025-03-14 01:37:22.233000+00:00;14;1254;13;9686
2025-03-14 01:37:22.233000+00:00;16;1254;5;9686
2025-03-14 01:37:22.233000+00:00;18;1254;4;9686
2025-03-14 01:37:22.233000+00:00;22;1254;11;9686
2025-03-14 01:37:22.233000+00:00;30;1254;17;9686
2025-03-14 01:37:22.233000+00:00;44;1254;9;9686
2025-03-14 01:37:22.233000+00:00;55;1254;8;9686
2025-03-14 01:37:22.233000+00:00;63;1254;7;9686
2025-03-14 01:37:22.233000+00:00;81;1254;6;9686
2025-03-14 01:37:22.233000+00:00;87;1254;16;9686
2025-03-14 01:37:27.417000+00:00;1;1254;4;9686
2025-03-14 01:37:27.417000+00:00;10;1254;3;9686
2025-03-14 01:37:27.417000+00:00;16;1254;6;9686
2025-03-14 01:37:27.417000+00:00;18;1254;5;9686
2025-03-14 01:37:27.417000+00:00;44;1254;2;9686
2025-03-14 01:37:27.417000+00:00;55;1254;9;9686
2025-03-14 01:37:27.417000+00:00;63;1254;8;9686
2025-03-14 01:37:27.417000+00:00;81;1254;7;9686
2025-03-14 01:37:35.552000+00:00;1;1254;5;9686
2025-03-14 01:37:35.552000+00:00;7;1254;11;9686
2025-03-14 01:37:35.552000+00:00;16;1254;7;9686
2025-03-14 01:37:35.552000+00:00;18;1254;6;9686
2025-03-14 01:37:35.552000+00:00;22;1254;4;9686
2025-03-14 01:37:35.552000+00:00;55;1254;10;9686
2025-03-14 01:37:35.552000+00:00;63;1254;9;9686
2025-03-14 01:37:35.552000+00:00;81;1254;8;9686
2025-03-14 01:37:45.562000+00:00;27;1254;19;9686
2025-03-14 01:37:45.562000+00:00;31;1254;18;9686
2025-03-14 01:37:45.846000+00:00;1;1254;3;9686
2025-03-14 01:37:45.846000+00:00;10;1254;4;9686
2025-03-14 01:37:45.846000+00:00;22;1254;5;9686
2025-03-14 01:37:52.858000+00:00;1;1254;4;9686
2025-03-14 01:37:52.858000+00:00;4;1254;2;9686
2025-03-14 01:37:52.858000+00:00;10;1254;5;9686
2025-03-14 01:37:52.858000+00:00;16;1254;1;9686
2025-03-14 01:37:52.858000+00:00;18;1254;7;9686
2025-03-14 01:37:52.858000+00:00;22;1254;6;9686
2025-03-14 01:37:52.858000+00:00;44;1254;3;9686
2025-03-14 01:38:00.778000+00:00;5;1254;16;9686
2025-03-14 01:38:00.778000+00:00;6;1254;15;9686
2025-03-14 01:38:00.778000+00:00;7;1254;12;9686
2025-03-14 01:38:00.778000+00:00;12;1254;13;9686
2025-03-14 01:38:00.778000+00:00;14;1254;14;9686
2025-03-14 01:38:00.778000+00:00;30;1254;10;9686
2025-03-14 01:38:00.778000+00:00;55;1254;11;9686
2025-03-14 01:38:00.778000+00:00;87;1254;17;9686
2025-03-14 01:38:06.909000+00:00;1;1254;5;9686
2025-03-14 01:38:06.909000+00:00;4;1254;3;9686
2025-03-14 01:38:06.909000+00:00;10;1254;6;9686
2025-03-14 01:38:06.909000+00:00;18;1254;8;9686
2025-03-14 01:38:06.909000+00:00;22;1254;7;9686
2025-03-14 01:38:06.909000+00:00;44;1254;4;9686
2025-03-14 01:38:06.909000+00:00;81;1254;2;9686
2025-03-14 01:38:17.697000+00:00;6;1254;8;9686
2025-03-14 01:38:17.697000+00:00;7;1254;13;9686
2025-03-14 01:38:17.697000+00:00;12;1254;14;9686
2025-03-14 01:38:17.697000+00:00;14;1254;15;9686
2025-03-14 01:38:17.697000+00:00;18;1254;9;9686
2025-03-14 01:38:17.697000+00:00;30;1254;11;9686
2025-03-14 01:38:17.697000+00:00;55;1254;12;9686
2025-03-14 01:38:17.697000+00:00;63;1254;10;9686
2025-03-14 01:38:21.550000+00:00;1;1254;6;9686
2025-03-14 01:38:21.550000+00:00;6;1254;9;9686
2025-03-14 01:38:21.550000+00:00;7;1254;14;9686
2025-03-14 01:38:21.550000+00:00;10;1254;7;9686
2025-03-14 01:38:21.550000+00:00;12;1254;15;9686
2025-03-14 01:38:21.550000+00:00;14;1254;4;9686
2025-03-14 01:38:21.550000+00:00;18;1254;10;9686
2025-03-14 01:38:21.550000+00:00;22;1254;8;9686
2025-03-14 01:38:21.550000+00:00;30;1254;12;9686
2025-03-14 01:38:21.550000+00:00;44;1254;5;9686
2025-03-14 01:38:21.550000+00:00;55;1254;13;9686
2025-03-14 01:38:21.550000+00:00;63;1254;11;9686
2025-03-14 01:38:35.792000+00:00;7;1254;10;9686
2025-03-14 01:38:35.792000+00:00;18;1254;11;9686
2025-03-14 01:38:35.792000+00:00;30;1254;13;9686
2025-03-14 01:38:35.792000+00:00;55;1254;14;9686
2025-03-14 01:38:35.792000+00:00;63;1254;12;9686
2025-03-14 01:39:33.388000+00:00;5;1254;17;9686
2025-03-14 01:39:33.388000+00:00;12;1254;16;9686
2025-03-14 01:39:33.388000+00:00;87;1254;15;9686
2025-03-14 01:39:49.253000+00:00;1;1254;7;9686
2025-03-14 01:39:49.253000+00:00;6;1254;10;9686
2025-03-14 01:39:49.253000+00:00;7;1254;11;9686
2025-03-14 01:39:49.253000+00:00;10;1254;8;9686
2025-03-14 01:39:49.253000+00:00;18;1254;12;9686
2025-03-14 01:39:49.253000+00:00;22;1254;9;9686
2025-03-14 01:39:49.253000+00:00;63;1254;6;9686
2025-03-14 01:39:59.495000+00:00;1;1254;8;9686
2025-03-14 01:39:59.495000+00:00;4;1254;4;9686
2025-03-14 01:39:59.495000+00:00;6;1254;11;9686
2025-03-14 01:39:59.495000+00:00;7;1254;12;9686
2025-03-14 01:39:59.495000+00:00;10;1254;9;9686
2025-03-14 01:39:59.495000+00:00;14;1254;5;9686
2025-03-14 01:39:59.495000+00:00;18;1254;13;9686
2025-03-14 01:39:59.495000+00:00;22;1254;10;9686
2025-03-14 01:39:59.495000+00:00;30;1254;14;9686
2025-03-14 01:39:59.495000+00:00;44;1254;6;9686
2025-03-14 01:39:59.495000+00:00;55;1254;2;9686
2025-03-14 01:39:59.495000+00:00;63;1254;7;9686
2025-03-14 01:39:59.495000+00:00;81;1254;3;9686
2025-03-14 01:40:09.748000+00:00;4;1254;1;9686
2025-03-14 01:40:09.748000+00:00;16;1254;2;9686
2025-03-14 01:40:09.748000+00:00;55;1254;3;9686
2025-03-14 01:40:09.748000+00:00;81;1254;4;9686
2025-03-14 01:40:20.166000+00:00;5;1254;18;9686
2025-03-14 01:40:20.166000+00:00;12;1254;17;9686
2025-03-14 01:40:20.166000+00:00;23;1254;16;9686
2025-03-14 01:40:20.166000+00:00;27;1254;20;9686
2025-03-14 01:40:20.166000+00:00;31;1254;19;9686
2025-03-14 01:40:35.591000+00:00;12;1254;14;9686
2025-03-14 01:40:35.591000+00:00;23;1254;17;9686
2025-03-14 01:40:35.591000+00:00;30;1254;15;9686
2025-03-14 01:40:35.591000+00:00;87;1254;16;9686
2025-03-14 01:40:42.877000+00:00;1;1254;9;9686
2025-03-14 01:40:42.877000+00:00;10;1254;3;9686
2025-03-14 01:40:42.877000+00:00;14;1254;6;9686
2025-03-14 01:40:42.877000+00:00;44;1254;7;9686
2025-03-14 01:40:42.877000+00:00;55;1254;4;9686
2025-03-14 01:40:42.877000+00:00;63;1254;8;9686
2025-03-14 01:40:42.877000+00:00;81;1254;5;9686
2025-03-14 01:40:51.121000+00:00;6;1254;12;9686
2025-03-14 01:40:51.121000+00:00;7;1254;13;9686
2025-03-14 01:40:51.121000+00:00;18;1254;10;9686
2025-03-14 01:40:51.121000+00:00;22;1254;11;9686
2025-03-14 01:40:57.963000+00:00;10;1254;4;9686
2025-03-14 01:40:57.963000+00:00;14;1254;7;9686
2025-03-14 01:40:57.963000+00:00;44;1254;3;9686
2025-03-14 01:40:57.963000+00:00;55;1254;5;9686
2025-03-14 01:40:57.963000+00:00;81;1254;6;9686
2025-03-14 01:41:07.336000+00:00;5;1254;19;9686
2025-03-14 01:41:07.336000+00:00;23;1254;18;9686
2025-03-14 01:41:07.336000+00:00;31;1254;16;9686
2025-03-14 01:41:07.336000+00:00;87;1254;17;9686
2025-03-14 01:41:20.956000+00:00;4;1254;2;9686
2025-03-14 01:41:20.956000+00:00;16;1254;1;9686
2025-03-14 01:41:33.013000+00:00;1;1254;3;9686
2025-03-14 01:41:33.013000+00:00;10;1254;5;9686
2025-03-14 01:41:33.013000+00:00;14;1254;8;9686
2025-03-14 01:41:33.013000+00:00;44;1254;4;9686
2025-03-14 01:41:33.013000+00:00;55;1254;6;9686
2025-03-14 01:41:33.013000+00:00;63;1254;9;9686
2025-03-14 01:41:33.013000+00:00;81;1254;7;9686
2025-03-14 01:41:37.920000+00:00;14;1254;7;9686
2025-03-14 01:41:37.920000+00:00;81;1254;8;9686
2025-03-14 01:41:44.271000+00:00;6;1254;13;9686
2025-03-14 01:41:44.271000+00:00;7;1254;14;9686
2025-03-14 01:41:44.271000+00:00;12;1254;15;9686
2025-03-14 01:41:44.271000+00:00;30;1254;12;9686
2025-03-14 01:41:50.668000+00:00;6;1254;9;9686
2025-03-14 01:41:50.668000+00:00;18;1254;11;9686
2025-03-14 01:41:50.668000+00:00;22;1254;12;9686
2025-03-14 01:41:50.668000+00:00;30;1254;13;9686
2025-03-14 01:41:50.668000+00:00;63;1254;10;9686
2025-03-14 01:42:51.920000+00:00;31;1254;17;9686
2025-03-14 01:42:51.920000+00:00;87;1254;16;9686
2025-03-14 01:43:29.411000+00:00;10;1254;6;9686
2025-03-14 01:43:29.411000+00:00;55;1254;5;9686
2025-03-14 01:43:42.420000+00:00;6;1254;10;9686
2025-03-14 01:43:42.420000+00:00;10;1254;7;9686
2025-03-14 01:43:42.420000+00:00;14;1254;8;9686
2025-03-14 01:43:42.420000+00:00;18;1254;12;9686
2025-03-14 01:43:42.420000+00:00;22;1254;6;9686
2025-03-14 01:43:42.420000+00:00;63;1254;11;9686
2025-03-14 01:43:42.420000+00:00;81;1254;9;9686
2025-03-14 01:44:30.994000+00:00;12;1254;16;9686
2025-03-14 01:44:30.994000+00:00;31;1254;15;9686
2025-03-14 01:44:30.994000+00:00;87;1254;17;9686
2025-03-14 01:45:16.313000+00:00;1;1254;4;9686
2025-03-14 01:45:16.313000+00:00;4;1254;3;9686
2025-03-14 01:45:16.313000+00:00;6;1254;11;9686
2025-03-14 01:45:16.313000+00:00;10;1254;8;9686
2025-03-14 01:45:16.313000+00:00;14;1254;9;9686
2025-03-14 01:45:16.313000+00:00;22;1254;7;9686
2025-03-14 01:45:16.313000+00:00;44;1254;5;9686
2025-03-14 01:45:16.313000+00:00;55;1254;6;9686
2025-03-14 01:45:16.313000+00:00;63;1254;2;9686
2025-03-14 01:45:16.313000+00:00;81;1254;10;9686
2025-03-14 01:45:29.322000+00:00;7;1254;12;9686
2025-03-14 01:45:29.322000+00:00;18;1254;13;9686
2025-03-14 01:45:29.322000+00:00;30;1254;14;9686
2025-03-14 01:46:08.454000+00:00;5;1254;20;9686
2025-03-14 01:46:08.454000+00:00;23;1254;19;9686
2025-03-14 01:46:08.454000+00:00;27;1254;18;9686
2025-03-14 01:46:12.682000+00:00;7;1254;13;9686
2025-03-14 01:46:12.682000+00:00;12;1254;12;9686
2025-03-14 01:46:12.682000+00:00;18;1254;14;9686
2025-03-14 01:46:12.682000+00:00;30;1254;15;9686
2025-03-14 01:46:12.682000+00:00;31;1254;16;9686
2025-03-14 01:46:18.083000+00:00;30;1254;16;9686
2025-03-14 01:46:18.083000+00:00;31;1254;17;9686
2025-03-14 01:46:18.083000+00:00;87;1254;15;9686
2025-03-14 01:47:19.936000+00:00;6;1254;12;9686
2025-03-14 01:47:19.936000+00:00;7;1254;14;9686
2025-03-14 01:47:19.936000+00:00;12;1254;13;9686
2025-03-14 01:47:19.936000+00:00;18;1254;15;9686
2025-03-14 01:47:19.936000+00:00;30;1254;11;9686
2025-03-14 01:47:19.936000+00:00;87;1254;16;9686
2025-03-14 01:47:24.440000+00:00;1;1254;5;9686
2025-03-14 01:47:24.440000+00:00;4;1254;4;9686
2025-03-14 01:47:24.440000+00:00;6;1254;3;9686
2025-03-14 01:47:24.440000+00:00;10;1254;9;9686
2025-03-14 01:47:24.440000+00:00;14;1254;10;9686
2025-03-14 01:47:24.440000+00:00;22;1254;8;9686
2025-03-14 01:47:24.440000+00:00;30;1254;12;9686
2025-03-14 01:47:24.440000+00:00;44;1254;6;9686
2025-03-14 01:47:24.440000+00:00;55;1254;7;9686
2025-03-14 01:47:24.440000+00:00;81;1254;11;9686
2025-03-14 01:57:56.160000+00:00;10;1254;10;9686
2025-03-14 01:57:56.160000+00:00;14;1254;11;9686
2025-03-14 01:57:56.160000+00:00;22;1254;9;9686
2025-03-14 01:57:56.160000+00:00;81;1254;8;9686
2025-03-14 01:58:36.841000+00:00;5;1254;18;9686
2025-03-14 01:58:36.841000+00:00;23;1254;20;9686
2025-03-14 01:58:36.841000+00:00;27;1254;19;9686
2025-03-14 01:59:08.942000+00:00;1;1254;1;9686
2025-03-14 01:59:08.942000+00:00;4;1254;5;9686
2025-03-14 01:59:08.942000+00:00;6;1254;4;9686
2025-03-14 01:59:08.942000+00:00;16;1254;2;9686
2025-03-14 01:59:08.942000+00:00;63;1254;3;9686
2025-03-14 01:59:26.986000+00:00;5;1254;19;9686
2025-03-14 01:59:26.986000+00:00;27;1254;17;9686
2025-03-14 01:59:26.986000+00:00;31;1254;18;9686
2025-03-14 01:59:34.418000+00:00;5;1254;20;9686
2025-03-14 01:59:34.418000+00:00;23;1254;19;9686
2025-03-14 02:00:41.647000+00:00;16;1254;3;9686
2025-03-14 02:00:41.647000+00:00;63;1254;2;9686
2025-03-14 02:01:30.944000+00:00;4;1254;6;9686
2025-03-14 02:01:30.944000+00:00;6;1254;5;9686
2025-03-14 02:01:30.944000+00:00;44;1254;7;9686
2025-03-14 02:01:30.944000+00:00;55;1254;4;9686
2025-03-14 02:01:57.988000+00:00;7;1254;15;9686
2025-03-14 02:01:57.988000+00:00;18;1254;14;9686
2025-03-14 02:02:08.210000+00:00;5;1254;17;9686
2025-03-14 02:02:08.210000+00:00;23;1254;20;9686
2025-03-14 02:02:08.210000+00:00;27;1254;18;9686
2025-03-14 02:02:08.210000+00:00;31;1254;19;9686
2025-03-14 02:02:39.023000+00:00;10;1254;11;9686
2025-03-14 02:02:39.023000+00:00;12;1254;7;9686
2025-03-14 02:02:39.023000+00:00;14;1254;12;9686
2025-03-14 02:02:39.023000+00:00;22;1254;10;9686
2025-03-14 02:02:39.023000+00:00;30;1254;13;9686
2025-03-14 02:02:39.023000+00:00;44;1254;8;9686
2025-03-14 02:02:39.023000+00:00;81;1254;9;9686
2025-03-14 02:03:35.838000+00:00;4;1254;7;9686
2025-03-14 02:03:35.838000+00:00;5;1254;16;9686
2025-03-14 02:03:35.838000+00:00;6;1254;6;9686
2025-03-14 02:03:35.838000+00:00;7;1254;14;9686
2025-03-14 02:03:35.838000+00:00;12;1254;20;9686
2025-03-14 02:03:35.838000+00:00;14;1254;5;9686
2025-03-14 02:03:35.838000+00:00;18;1254;13;9686
2025-03-14 02:03:35.838000+00:00;23;1254;19;9686
2025-03-14 02:03:35.838000+00:00;27;1254;17;9686
2025-03-14 02:03:35.838000+00:00;30;1254;12;9686
2025-03-14 02:03:35.838000+00:00;31;1254;18;9686
2025-03-14 02:03:35.838000+00:00;87;1254;15;9686
2025-03-14 02:03:35.892000+00:00;5;1254;17;9686
2025-03-14 02:03:35.892000+00:00;7;1254;15;9686
2025-03-14 02:03:35.892000+00:00;10;1254;12;9686
2025-03-14 02:03:35.892000+00:00;12;1254;8;9686
2025-03-14 02:03:35.892000+00:00;18;1254;14;9686
2025-03-14 02:03:35.892000+00:00;22;1254;11;9686
2025-03-14 02:03:35.892000+00:00;23;1254;20;9686
2025-03-14 02:03:35.892000+00:00;27;1254;18;9686
2025-03-14 02:03:35.892000+00:00;30;1254;13;9686
2025-03-14 02:03:35.892000+00:00;31;1254;19;9686
2025-03-14 02:03:35.892000+00:00;44;1254;9;9686
2025-03-14 02:03:35.892000+00:00;81;1254;10;9686
2025-03-14 02:03:35.892000+00:00;87;1254;16;9686
2025-03-14 02:03:44.482000+00:00;10;1254;11;9686
2025-03-14 02:03:44.482000+00:00;22;1254;12;9686
2025-03-14 02:04:26.736000+00:00;5;1254;18;9686
2025-03-14 02:04:26.736000+00:00;7;1254;16;9686
2025-03-14 02:04:26.736000+00:00;23;1254;15;9686
2025-03-14 02:04:26.736000+00:00;27;1254;19;9686
2025-03-14 02:04:26.736000+00:00;31;1254;20;9686
2025-03-14 02:04:26.736000+00:00;87;1254;17;9686
2025-03-14 02:05:22.678000+00:00;18;1254;13;9686
2025-03-14 02:05:22.678000+00:00;30;1254;14;9686
2025-03-14 02:06:40.289000+00:00;5;1254;19;9686
2025-03-14 02:06:40.289000+00:00;7;1254;17;9686
2025-03-14 02:06:40.289000+00:00;27;1254;20;9686
2025-03-14 02:06:40.289000+00:00;31;1254;16;9686
2025-03-14 02:06:40.289000+00:00;87;1254;18;9686
2025-03-14 02:06:57.053000+00:00;1;1254;2;9686
2025-03-14 02:06:57.053000+00:00;16;1254;4;9686
2025-03-14 02:06:57.053000+00:00;55;1254;1;9686
2025-03-14 02:06:57.053000+00:00;63;1254;3;9686
2025-03-14 02:07:06.496000+00:00;1;1254;3;9686
2025-03-14 02:07:06.496000+00:00;16;1254;2;9686
2025-03-14 02:07:06.496000+00:00;63;1254;4;9686
2025-03-14 02:22:03.488000+00:00;7;1254;12;9686
2025-03-14 02:22:03.488000+00:00;18;1254;14;9686
2025-03-14 02:22:03.488000+00:00;22;1254;13;9686
2025-03-14 02:22:03.488000+00:00;23;1254;16;9686
2025-03-14 02:22:03.488000+00:00;30;1254;15;9686
2025-03-14 02:22:03.488000+00:00;31;1254;17;9686
2025-03-14 02:22:12.915000+00:00;1;1254;4;9686
2025-03-14 02:22:12.915000+00:00;4;1254;8;9686
2025-03-14 02:22:12.915000+00:00;6;1254;7;9686
2025-03-14 02:22:12.915000+00:00;12;1254;9;9686
2025-03-14 02:22:12.915000+00:00;14;1254;6;9686
2025-03-14 02:22:12.915000+00:00;44;1254;10;9686
2025-03-14 02:22:12.915000+00:00;63;1254;5;9686
2025-03-14 02:22:12.915000+00:00;81;1254;3;9686
2025-03-14 02:22:22.203000+00:00;5;1254;11;9686
2025-03-14 02:22:22.203000+00:00;7;1254;13;9686
2025-03-14 02:22:22.203000+00:00;10;1254;12;9686
2025-03-14 02:22:22.203000+00:00;18;1254;15;9686
2025-03-14 02:22:22.203000+00:00;22;1254;14;9686
2025-03-14 02:22:22.203000+00:00;23;1254;17;9686
2025-03-14 02:22:22.203000+00:00;30;1254;16;9686
2025-03-14 02:22:22.203000+00:00;31;1254;18;9686
2025-03-14 02:22:22.203000+00:00;87;1254;19;9686
2025-03-14 02:22:27.341000+00:00;4;1254;9;9686
2025-03-14 02:22:27.341000+00:00;6;1254;8;9686
2025-03-14 02:22:27.341000+00:00;12;1254;10;9686
2025-03-14 02:22:27.341000+00:00;14;1254;7;9686
2025-03-14 02:22:27.341000+00:00;44;1254;6;9686
2025-03-14 02:22:52.558000+00:00;4;1254;10;9686
2025-03-14 02:22:52.558000+00:00;5;1254;12;9686
2025-03-14 02:22:52.558000+00:00;6;1254;9;9686
2025-03-14 02:22:52.558000+00:00;7;1254;14;9686
2025-03-14 02:22:52.558000+00:00;10;1254;13;9686
2025-03-14 02:22:52.558000+00:00;12;1254;11;9686
2025-03-14 02:22:52.558000+00:00;14;1254;8;9686
2025-03-14 02:22:52.558000+00:00;18;1254;16;9686
2025-03-14 02:22:52.558000+00:00;22;1254;15;9686
2025-03-14 02:22:52.558000+00:00;23;1254;6;9686
2025-03-14 02:22:52.558000+00:00;30;1254;17;9686
2025-03-14 02:22:52.558000+00:00;44;1254;7;9686
2025-03-14 02:22:58.902000+00:00;18;1254;17;9686
2025-03-14 02:22:58.902000+00:00;27;1254;16;9686
2025-03-14 02:22:58.902000+00:00;30;1254;18;9686
2025-03-14 02:22:58.902000+00:00;31;1254;19;9686
2025-03-14 02:22:58.902000+00:00;87;1254;20;9686
2025-03-14 02:23:42.121000+00:00;1;1254;5;9686
2025-03-14 02:23:42.121000+00:00;4;1254;3;9686
2025-03-14 02:23:42.121000+00:00;6;1254;10;9686
2025-03-14 02:23:42.121000+00:00;14;1254;9;9686
2025-03-14 02:23:42.121000+00:00;23;1254;7;9686
2025-03-14 02:23:42.121000+00:00;44;1254;8;9686
2025-03-14 02:23:42.121000+00:00;63;1254;6;9686
2025-03-14 02:23:42.121000+00:00;81;1254;4;9686
2025-03-14 02:25:10.447000+00:00;5;1254;13;9686
2025-03-14 02:25:10.447000+00:00;6;1254;11;9686
2025-03-14 02:25:10.447000+00:00;7;1254;15;9686
2025-03-14 02:25:10.447000+00:00;10;1254;14;9686
2025-03-14 02:25:10.447000+00:00;12;1254;12;9686
2025-03-14 02:25:10.447000+00:00;14;1254;10;9686
2025-03-14 02:25:10.447000+00:00;18;1254;8;9686
2025-03-14 02:25:10.447000+00:00;22;1254;16;9686
2025-03-14 02:25:10.447000+00:00;27;1254;17;9686
2025-03-14 02:25:10.447000+00:00;44;1254;9;9686
2025-03-14 02:26:14.011000+00:00;14;1254;8;9686
2025-03-14 02:26:14.011000+00:00;18;1254;9;9686
2025-03-14 02:26:14.011000+00:00;44;1254;10;9686
2025-03-14 02:27:26.050000+00:00;5;1254;14;9686
2025-03-14 02:27:26.050000+00:00;7;1254;12;9686
2025-03-14 02:27:26.050000+00:00;10;1254;15;9686
2025-03-14 02:27:26.050000+00:00;12;1254;13;9686
2025-03-14 02:28:18.268000+00:00;10;1254;16;9686
2025-03-14 02:28:18.268000+00:00;22;1254;17;9686
2025-03-14 02:28:18.268000+00:00;27;1254;18;9686
2025-03-14 02:28:18.268000+00:00;30;1254;15;9686
2025-03-14 02:28:48.344000+00:00;4;1254;1;9686
2025-03-14 02:28:48.344000+00:00;16;1254;3;9686
2025-03-14 02:28:48.344000+00:00;55;1254;2;9686
2025-03-14 02:28:55.659000+00:00;23;1254;6;9686
2025-03-14 02:28:55.659000+00:00;63;1254;7;9686
2025-03-14 02:29:03.046000+00:00;5;1254;15;9686
2025-03-14 02:29:03.046000+00:00;6;1254;12;9686
2025-03-14 02:29:03.046000+00:00;7;1254;13;9686
2025-03-14 02:29:03.046000+00:00;10;1254;17;9686
2025-03-14 02:29:03.046000+00:00;12;1254;14;9686
2025-03-14 02:29:03.046000+00:00;22;1254;10;9686
2025-03-14 02:29:03.046000+00:00;30;1254;16;9686
2025-03-14 02:29:03.046000+00:00;44;1254;11;9686
2025-03-14 02:29:33.749000+00:00;6;1254;9;9686
2025-03-14 02:29:33.749000+00:00;18;1254;10;9686
2025-03-14 02:29:33.749000+00:00;22;1254;11;9686
2025-03-14 02:29:33.749000+00:00;44;1254;12;9686
2025-03-14 04:45:04.823000+00:00;1;1254;1;9686
2025-03-14 04:45:04.823000+00:00;4;1254;2;9686
2025-03-14 04:45:04.823000+00:00;5;1254;3;9686
2025-03-14 04:45:04.823000+00:00;6;1254;4;9686
2025-03-14 04:45:04.823000+00:00;7;1254;5;9686
2025-03-14 04:45:04.823000+00:00;10;1254;6;9686
2025-03-14 04:45:04.823000+00:00;12;1254;7;9686
2025-03-14 04:45:04.823000+00:00;14;1254;8;9686
2025-03-14 04:45:04.823000+00:00;16;1254;9;9686
2025-03-14 04:45:04.823000+00:00;18;1254;10;9686
2025-03-14 04:45:04.823000+00:00;22;1254;11;9686
2025-03-14 04:45:04.823000+00:00;23;1254;12;9686
2025-03-14 04:45:04.823000+00:00;27;1254;13;9686
2025-03-14 04:45:04.823000+00:00;30;1254;14;9686
2025-03-14 04:45:04.823000+00:00;31;1254;15;9686
2025-03-14 04:45:04.823000+00:00;44;1254;16;9686
2025-03-14 04:45:04.823000+00:00;55;1254;17;9686
2025-03-14 04:45:04.823000+00:00;63;1254;18;9686
2025-03-14 04:45:04.823000+00:00;81;1254;19;9686
2025-03-14 04:45:04.823000+00:00;87;1254;20;9686
2025-03-14 04:45:04.823000+00:00;1;1254;1;9687
2025-03-14 04:45:04.823000+00:00;4;1254;2;9687
2025-03-14 04:45:04.823000+00:00;5;1254;3;9687
2025-03-14 04:45:04.823000+00:00;6;1254;4;9687
2025-03-14 04:45:04.823000+00:00;7;1254;5;9687
2025-03-14 04:45:04.823000+00:00;10;1254;6;9687
2025-03-14 04:45:04.823000+00:00;12;1254;7;9687
2025-03-14 04:45:04.823000+00:00;14;1254;8;9687
2025-03-14 04:45:04.823000+00:00;16;1254;9;9687
2025-03-14 04:45:04.823000+00:00;18;1254;10;9687
2025-03-14 04:45:04.823000+00:00;22;1254;11;9687
2025-03-14 04:45:04.823000+00:00;23;1254;12;9687
2025-03-14 04:45:04.823000+00:00;27;1254;13;9687
2025-03-14 04:45:04.823000+00:00;30;1254;14;9687
2025-03-14 04:45:04.823000+00:00;31;1254;15;9687
2025-03-14 04:45:04.823000+00:00;44;1254;16;9687
2025-03-14 04:45:04.823000+00:00;55;1254;17;9687
2025-03-14 04:45:04.823000+00:00;63;1254;18;9687
2025-03-14 04:45:04.823000+00:00;81;1254;19;9687
2025-03-14 04:45:04.823000+00:00;87;1254;20;9687
2025-03-14 05:00:24.289000+00:00;1;1254;2;9686
2025-03-14 05:00:24.289000+00:00;4;1254;3;9686
2025-03-14 05:00:24.289000+00:00;5;1254;1;9686
2025-03-14 05:00:24.289000+00:00;1;1254;2;9687
2025-03-14 05:00:24.289000+00:00;4;1254;3;9687
2025-03-14 05:00:24.289000+00:00;5;1254;1;9687
2025-03-14 05:00:33.449000+00:00;1;1254;3;9686
2025-03-14 05:00:33.449000+00:00;4;1254;4;9686
2025-03-14 05:00:33.449000+00:00;6;1254;5;9686
2025-03-14 05:00:33.449000+00:00;7;1254;6;9686
2025-03-14 05:00:33.449000+00:00;10;1254;2;9686
2025-03-14 05:00:33.449000+00:00;1;1254;3;9687
2025-03-14 05:00:33.449000+00:00;4;1254;4;9687
2025-03-14 05:00:33.449000+00:00;6;1254;5;9687
2025-03-14 05:00:33.449000+00:00;7;1254;6;9687
2025-03-14 05:00:33.449000+00:00;10;1254;2;9687
2025-03-14 05:00:39.099000+00:00;1;1254;4;9686
2025-03-14 05:00:39.099000+00:00;4;1254;5;9686
2025-03-14 05:00:39.099000+00:00;6;1254;3;9686
2025-03-14 05:00:39.099000+00:00;1;1254;4;9687
2025-03-14 05:00:39.099000+00:00;4;1254;5;9687
2025-03-14 05:00:39.099000+00:00;6;1254;3;9687
2025-03-14 05:00:42.010000+00:00;1;1254;5;9686
2025-03-14 05:00:42.010000+00:00;4;1254;4;9686
2025-03-14 05:00:42.010000+00:00;1;1254;5;9687
2025-03-14 05:00:42.010000+00:00;4;1254;4;9687
2025-03-14 05:00:42.415000+00:00;1;1254;6;9686
2025-03-14 05:00:42.415000+00:00;7;1254;7;9686
2025-03-14 05:00:42.415000+00:00;12;1254;8;9686
2025-03-14 05:00:42.415000+00:00;14;1254;9;9686
2025-03-14 05:00:42.415000+00:00;16;1254;10;9686
2025-03-14 05:00:42.415000+00:00;18;1254;11;9686
2025-03-14 05:00:42.415000+00:00;22;1254;5;9686
2025-03-14 05:00:42.415000+00:00;1;1254;6;9687
2025-03-14 05:00:42.415000+00:00;7;1254;7;9687
2025-03-14 05:00:42.415000+00:00;12;1254;8;9687
2025-03-14 05:00:42.415000+00:00;14;1254;9;9687
2025-03-14 05:00:42.415000+00:00;16;1254;10;9687
2025-03-14 05:00:42.415000+00:00;18;1254;11;9687
2025-03-14 05:00:42.415000+00:00;22;1254;5;9687
2025-03-14 05:00:45.801000+00:00;1;1254;7;9686
2025-03-14 05:00:45.801000+00:00;7;1254;8;9686
2025-03-14 05:00:45.801000+00:00;12;1254;9;9686
2025-03-14 05:00:45.801000+00:00;14;1254;10;9686
2025-03-14 05:00:45.801000+00:00;16;1254;11;9686
2025-03-14 05:00:45.801000+00:00;18;1254;12;9686
2025-03-14 05:00:45.801000+00:00;23;1254;13;9686
2025-03-14 05:00:45.801000+00:00;27;1254;14;9686
2025-03-14 05:00:45.801000+00:00;30;1254;15;9686
2025-03-14 05:00:45.801000+00:00;31;1254;16;9686
2025-03-14 05:00:45.801000+00:00;44;1254;17;9686
2025-03-14 05:00:45.801000+00:00;55;1254;18;9686
2025-03-14 05:00:45.801000+00:00;63;1254;19;9686
2025-03-14 05:00:45.801000+00:00;81;1254;6;9686
2025-03-14 05:00:45.801000+00:00;1;1254;7;9687
2025-03-14 05:00:45.801000+00:00;7;1254;8;9687
2025-03-14 05:00:45.801000+00:00;12;1254;9;9687
2025-03-14 05:00:45.801000+00:00;14;1254;10;9687
2025-03-14 05:00:45.801000+00:00;16;1254;11;9687
2025-03-14 05:00:45.801000+00:00;18;1254;12;9687
2025-03-14 05:00:45.801000+00:00;23;1254;13;9687
2025-03-14 05:00:45.801000+00:00;27;1254;14;9687
2025-03-14 05:00:45.801000+00:00;30;1254;15;9687
2025-03-14 05:00:45.801000+00:00;31;1254;16;9687
2025-03-14 05:00:45.801000+00:00;44;1254;17;9687
2025-03-14 05:00:45.801000+00:00;55;1254;18;9687
2025-03-14 05:00:45.801000+00:00;63;1254;19;9687
2025-03-14 05:00:45.801000+00:00;81;1254;6;9687
2025-03-14 05:00:49.139000+00:00;1;1254;8;9686
2025-03-14 05:00:49.139000+00:00;7;1254;9;9686
2025-03-14 05:00:49.139000+00:00;12;1254;10;9686
2025-03-14 05:00:49.139000+00:00;14;1254;7;9686
2025-03-14 05:00:49.139000+00:00;1;1254;8;9687
2025-03-14 05:00:49.139000+00:00;7;1254;9;9687
2025-03-14 05:00:49.139000+00:00;12;1254;10;9687
2025-03-14 05:00:49.139000+00:00;14;1254;7;9687
2025-03-14 05:00:54.388000+00:00;1;1254;9;9686
2025-03-14 05:00:54.388000+00:00;7;1254;10;9686
2025-03-14 05:00:54.388000+00:00;12;1254;11;9686
2025-03-14 05:00:54.388000+00:00;16;1254;12;9686
2025-03-14 05:00:54.388000+00:00;18;1254;8;9686
2025-03-14 05:00:54.388000+00:00;1;1254;9;9687
2025-03-14 05:00:54.388000+00:00;7;1254;10;9687
2025-03-14 05:00:54.388000+00:00;12;1254;11;9687
2025-03-14 05:00:54.388000+00:00;16;1254;12;9687
2025-03-14 05:00:54.388000+00:00;18;1254;8;9687
2025-03-14 05:01:03.883000+00:00;7;1254;11;9686
2025-03-14 05:01:03.883000+00:00;12;1254;12;9686
2025-03-14 05:01:03.883000+00:00;16;1254;13;9686
2025-03-14 05:01:03.883000+00:00;23;1254;14;9686
2025-03-14 05:01:03.883000+00:00;27;1254;15;9686
2025-03-14 05:01:03.883000+00:00;30;1254;10;9686
2025-03-14 05:01:03.883000+00:00;7;1254;11;9687
2025-03-14 05:01:03.883000+00:00;12;1254;12;9687
2025-03-14 05:01:03.883000+00:00;16;1254;13;9687
2025-03-14 05:01:03.883000+00:00;23;1254;14;9687
2025-03-14 05:01:03.883000+00:00;27;1254;15;9687
2025-03-14 05:01:03.883000+00:00;30;1254;10;9687
2025-03-14 05:01:17.441000+00:00;12;1254;13;9686
2025-03-14 05:01:17.441000+00:00;16;1254;14;9686
2025-03-14 05:01:17.441000+00:00;23;1254;15;9686
2025-03-14 05:01:17.441000+00:00;27;1254;16;9686
2025-03-14 05:01:17.441000+00:00;31;1254;17;9686
2025-03-14 05:01:17.441000+00:00;44;1254;18;9686
2025-03-14 05:01:17.441000+00:00;55;1254;19;9686
2025-03-14 05:01:17.441000+00:00;63;1254;12;9686
2025-03-14 05:01:17.441000+00:00;12;1254;13;9687
2025-03-14 05:01:17.441000+00:00;16;1254;14;9687
2025-03-14 05:01:17.441000+00:00;23;1254;15;9687
2025-03-14 05:01:17.441000+00:00;27;1254;16;9687
2025-03-14 05:01:17.441000+00:00;31;1254;17;9687
2025-03-14 05:01:17.441000+00:00;44;1254;18;9687
2025-03-14 05:01:17.441000+00:00;55;1254;19;9687
2025-03-14 05:01:17.441000+00:00;63;1254;12;9687
2025-03-14 05:01:25.539000+00:00;16;1254;15;9686
2025-03-14 05:01:25.539000+00:00;23;1254;16;9686
2025-03-14 05:01:25.539000+00:00;27;1254;17;9686
2025-03-14 05:01:25.539000+00:00;31;1254;18;9686
2025-03-14 05:01:25.539000+00:00;44;1254;14;9686
2025-03-14 05:01:25.539000+00:00;16;1254;15;9687
2025-03-14 05:01:25.539000+00:00;23;1254;16;9687
2025-03-14 05:01:25.539000+00:00;27;1254;17;9687
2025-03-14 05:01:25.539000+00:00;31;1254;18;9687
2025-03-14 05:01:25.539000+00:00;44;1254;14;9687
2025-03-14 05:01:47.761000+00:00;23;1254;17;9686
2025-03-14 05:01:47.761000+00:00;27;1254;16;9686
2025-03-14 05:01:47.761000+00:00;23;1254;17;9687
2025-03-14 05:01:47.761000+00:00;27;1254;16;9687
2025-03-14 05:02:21.951000+00:00;23;1254;18;9686
2025-03-14 05:02:21.951000+00:00;31;1254;17;9686
2025-03-14 05:02:21.951000+00:00;23;1254;18;9687
2025-03-14 05:02:21.951000+00:00;31;1254;17;9687
2025-03-14 05:03:31.187000+00:00;5;1254;2;9686
2025-03-14 05:03:31.187000+00:00;10;1254;1;9686
2025-03-14 05:03:31.187000+00:00;5;1254;2;9687
2025-03-14 05:03:31.187000+00:00;10;1254;1;9687
2025-03-14 05:03:44.718000+00:00;5;1254;3;9686
2025-03-14 05:03:44.718000+00:00;6;1254;1;9686
2025-03-14 05:03:44.718000+00:00;10;1254;2;9686
2025-03-14 05:03:44.718000+00:00;5;1254;3;9687
2025-03-14 05:03:44.718000+00:00;6;1254;1;9687
2025-03-14 05:03:44.718000+00:00;10;1254;2;9687
2025-03-14 05:03:49.870000+00:00;23;1254;19;9686
2025-03-14 05:03:49.870000+00:00;55;1254;18;9686
2025-03-14 05:03:49.870000+00:00;23;1254;19;9687
2025-03-14 05:03:49.870000+00:00;55;1254;18;9687
2025-03-14 05:03:52.841000+00:00;4;1254;5;9686
2025-03-14 05:03:52.841000+00:00;5;1254;4;9686
2025-03-14 05:03:52.841000+00:00;6;1254;2;9686
2025-03-14 05:03:52.841000+00:00;10;1254;3;9686
2025-03-14 05:03:52.841000+00:00;22;1254;1;9686
2025-03-14 05:03:52.841000+00:00;4;1254;5;9687
2025-03-14 05:03:52.841000+00:00;5;1254;4;9687
2025-03-14 05:03:52.841000+00:00;6;1254;2;9687
2025-03-14 05:03:52.841000+00:00;10;1254;3;9687
2025-03-14 05:03:52.841000+00:00;22;1254;1;9687
2025-03-14 05:03:58.288000+00:00;4;1254;6;9686
2025-03-14 05:03:58.288000+00:00;5;1254;5;9686
2025-03-14 05:03:58.288000+00:00;6;1254;3;9686
2025-03-14 05:03:58.288000+00:00;10;1254;4;9686
2025-03-14 05:03:58.288000+00:00;14;1254;2;9686
2025-03-14 05:03:58.288000+00:00;81;1254;7;9686
2025-03-14 05:03:58.288000+00:00;4;1254;6;9687
2025-03-14 05:03:58.288000+00:00;5;1254;5;9687
2025-03-14 05:03:58.288000+00:00;6;1254;3;9687
2025-03-14 05:03:58.288000+00:00;10;1254;4;9687
2025-03-14 05:03:58.288000+00:00;14;1254;2;9687
2025-03-14 05:03:58.288000+00:00;81;1254;7;9687
2025-03-14 05:04:06.230000+00:00;4;1254;7;9686
2025-03-14 05:04:06.230000+00:00;5;1254;6;9686
2025-03-14 05:04:06.230000+00:00;10;1254;5;9686
2025-03-14 05:04:06.230000+00:00;18;1254;4;9686
2025-03-14 05:04:06.230000+00:00;81;1254;8;9686
2025-03-14 05:04:06.230000+00:00;4;1254;7;9687
2025-03-14 05:04:06.230000+00:00;5;1254;6;9687
2025-03-14 05:04:06.230000+00:00;10;1254;5;9687
2025-03-14 05:04:06.230000+00:00;18;1254;4;9687
2025-03-14 05:04:06.230000+00:00;81;1254;8;9687
2025-03-14 05:04:14.301000+00:00;1;1254;2;9686
2025-03-14 05:04:14.301000+00:00;4;1254;8;9686
2025-03-14 05:04:14.301000+00:00;5;1254;7;9686
2025-03-14 05:04:14.301000+00:00;6;1254;4;9686
2025-03-14 05:04:14.301000+00:00;10;1254;6;9686
2025-03-14 05:04:14.301000+00:00;14;1254;3;9686
2025-03-14 05:04:14.301000+00:00;18;1254;5;9686
2025-03-14 05:04:14.301000+00:00;81;1254;9;9686
2025-03-14 05:04:14.301000+00:00;1;1254;2;9687
2025-03-14 05:04:14.301000+00:00;4;1254;8;9687
2025-03-14 05:04:14.301000+00:00;5;1254;7;9687
2025-03-14 05:04:14.301000+00:00;6;1254;4;9687
2025-03-14 05:04:14.301000+00:00;10;1254;6;9687
2025-03-14 05:04:14.301000+00:00;14;1254;3;9687
2025-03-14 05:04:14.301000+00:00;18;1254;5;9687
2025-03-14 05:04:14.301000+00:00;81;1254;9;9687
2025-03-14 05:04:18.946000+00:00;1;1254;3;9686
2025-03-14 05:04:18.946000+00:00;4;1254;9;9686
2025-03-14 05:04:18.946000+00:00;5;1254;8;9686
2025-03-14 05:04:18.946000+00:00;6;1254;5;9686
2025-03-14 05:04:18.946000+00:00;7;1254;12;9686
2025-03-14 05:04:18.946000+00:00;10;1254;7;9686
2025-03-14 05:04:18.946000+00:00;14;1254;4;9686
2025-03-14 05:04:18.946000+00:00;18;1254;6;9686
2025-03-14 05:04:18.946000+00:00;30;1254;11;9686
2025-03-14 05:04:18.946000+00:00;63;1254;2;9686
2025-03-14 05:04:18.946000+00:00;81;1254;10;9686
2025-03-14 05:04:18.946000+00:00;1;1254;3;9687
2025-03-14 05:04:18.946000+00:00;4;1254;9;9687
2025-03-14 05:04:18.946000+00:00;5;1254;8;9687
2025-03-14 05:04:18.946000+00:00;6;1254;5;9687
2025-03-14 05:04:18.946000+00:00;7;1254;12;9687
2025-03-14 05:04:18.946000+00:00;10;1254;7;9687
2025-03-14 05:04:18.946000+00:00;14;1254;4;9687
2025-03-14 05:04:18.946000+00:00;18;1254;6;9687
2025-03-14 05:04:18.946000+00:00;30;1254;11;9687
2025-03-14 05:04:18.946000+00:00;63;1254;2;9687
2025-03-14 05:04:18.946000+00:00;81;1254;10;9687
2025-03-14 05:04:23.873000+00:00;1;1254;4;9686
2025-03-14 05:04:23.873000+00:00;4;1254;1;9686
2025-03-14 05:04:23.873000+00:00;5;1254;9;9686
2025-03-14 05:04:23.873000+00:00;6;1254;6;9686
2025-03-14 05:04:23.873000+00:00;10;1254;8;9686
2025-03-14 05:04:23.873000+00:00;14;1254;5;9686
2025-03-14 05:04:23.873000+00:00;18;1254;7;9686
2025-03-14 05:04:23.873000+00:00;22;1254;2;9686
2025-03-14 05:04:23.873000+00:00;63;1254;3;9686
2025-03-14 05:04:23.873000+00:00;1;1254;4;9687
2025-03-14 05:04:23.873000+00:00;4;1254;1;9687
2025-03-14 05:04:23.873000+00:00;5;1254;9;9687
2025-03-14 05:04:23.873000+00:00;6;1254;6;9687
2025-03-14 05:04:23.873000+00:00;10;1254;8;9687
2025-03-14 05:04:23.873000+00:00;14;1254;5;9687
2025-03-14 05:04:23.873000+00:00;18;1254;7;9687
2025-03-14 05:04:23.873000+00:00;22;1254;2;9687
2025-03-14 05:04:23.873000+00:00;63;1254;3;9687
2025-03-14 05:04:30.865000+00:00;1;1254;5;9686
2025-03-14 05:04:30.865000+00:00;5;1254;10;9686
2025-03-14 05:04:30.865000+00:00;6;1254;7;9686
2025-03-14 05:04:30.865000+00:00;10;1254;9;9686
2025-03-14 05:04:30.865000+00:00;14;1254;6;9686
2025-03-14 05:04:30.865000+00:00;18;1254;8;9686
2025-03-14 05:04:30.865000+00:00;81;1254;4;9686
2025-03-14 05:04:30.865000+00:00;1;1254;5;9687
2025-03-14 05:04:30.865000+00:00;5;1254;10;9687
2025-03-14 05:04:30.865000+00:00;6;1254;7;9687
2025-03-14 05:04:30.865000+00:00;10;1254;9;9687
2025-03-14 05:04:30.865000+00:00;14;1254;6;9687
2025-03-14 05:04:30.865000+00:00;18;1254;8;9687
2025-03-14 05:04:30.865000+00:00;81;1254;4;9687
2025-03-14 05:04:37.460000+00:00;5;1254;11;9686
2025-03-14 05:04:37.460000+00:00;30;1254;10;9686
2025-03-14 05:04:37.460000+00:00;5;1254;11;9687
2025-03-14 05:04:37.460000+00:00;30;1254;10;9687
2025-03-14 05:04:43.815000+00:00;5;1254;12;9686
2025-03-14 05:04:43.815000+00:00;7;1254;11;9686
2025-03-14 05:04:43.815000+00:00;5;1254;12;9687
2025-03-14 05:04:43.815000+00:00;7;1254;11;9687
2025-03-14 05:04:48.506000+00:00;5;1254;13;9686
2025-03-14 05:04:48.506000+00:00;6;1254;8;9686
2025-03-14 05:04:48.506000+00:00;7;1254;12;9686
2025-03-14 05:04:48.506000+00:00;10;1254;10;9686
2025-03-14 05:04:48.506000+00:00;12;1254;14;9686
2025-03-14 05:04:48.506000+00:00;18;1254;9;9686
2025-03-14 05:04:48.506000+00:00;30;1254;11;9686
2025-03-14 05:04:48.506000+00:00;44;1254;7;9686
2025-03-14 05:04:48.506000+00:00;5;1254;13;9687
2025-03-14 05:04:48.506000+00:00;6;1254;8;9687
2025-03-14 05:04:48.506000+00:00;7;1254;12;9687
2025-03-14 05:04:48.506000+00:00;10;1254;10;9687
2025-03-14 05:04:48.506000+00:00;12;1254;14;9687
2025-03-14 05:04:48.506000+00:00;18;1254;9;9687
2025-03-14 05:04:48.506000+00:00;30;1254;11;9687
2025-03-14 05:04:48.506000+00:00;44;1254;7;9687
2025-03-14 05:04:57.127000+00:00;1;1254;6;9686
2025-03-14 05:04:57.127000+00:00;5;1254;14;9686
2025-03-14 05:04:57.127000+00:00;6;1254;9;9686
2025-03-14 05:04:57.127000+00:00;7;1254;13;9686
2025-03-14 05:04:57.127000+00:00;10;1254;11;9686
2025-03-14 05:04:57.127000+00:00;12;1254;15;9686
2025-03-14 05:04:57.127000+00:00;14;1254;7;9686
2025-03-14 05:04:57.127000+00:00;16;1254;5;9686
2025-03-14 05:04:57.127000+00:00;18;1254;10;9686
2025-03-14 05:04:57.127000+00:00;30;1254;12;9686
2025-03-14 05:04:57.127000+00:00;44;1254;8;9686
2025-03-14 05:04:57.127000+00:00;1;1254;6;9687
2025-03-14 05:04:57.127000+00:00;5;1254;14;9687
2025-03-14 05:04:57.127000+00:00;6;1254;9;9687
2025-03-14 05:04:57.127000+00:00;7;1254;13;9687
2025-03-14 05:04:57.127000+00:00;10;1254;11;9687
2025-03-14 05:04:57.127000+00:00;12;1254;15;9687
2025-03-14 05:04:57.127000+00:00;14;1254;7;9687
2025-03-14 05:04:57.127000+00:00;16;1254;5;9687
2025-03-14 05:04:57.127000+00:00;18;1254;10;9687
2025-03-14 05:04:57.127000+00:00;30;1254;12;9687
2025-03-14 05:04:57.127000+00:00;44;1254;8;9687
2025-03-14 05:05:07.119000+00:00;5;1254;15;9686
2025-03-14 05:05:07.119000+00:00;7;1254;14;9686
2025-03-14 05:05:07.119000+00:00;12;1254;13;9686
2025-03-14 05:05:07.119000+00:00;5;1254;15;9687
2025-03-14 05:05:07.119000+00:00;7;1254;14;9687
2025-03-14 05:05:07.119000+00:00;12;1254;13;9687
2025-03-14 05:05:32.121000+00:00;5;1254;16;9686
2025-03-14 05:05:32.121000+00:00;27;1254;17;9686
2025-03-14 05:05:32.121000+00:00;31;1254;15;9686
2025-03-14 05:05:32.121000+00:00;5;1254;16;9687
2025-03-14 05:05:32.121000+00:00;27;1254;17;9687
2025-03-14 05:05:32.121000+00:00;31;1254;15;9687
2025-03-14 05:06:46.342000+00:00;5;1254;17;9686
2025-03-14 05:06:46.342000+00:00;27;1254;18;9686
2025-03-14 05:06:46.342000+00:00;55;1254;16;9686
2025-03-14 05:06:46.342000+00:00;5;1254;17;9687
2025-03-14 05:06:46.342000+00:00;27;1254;18;9687
2025-03-14 05:06:46.342000+00:00;55;1254;16;9687
2025-03-14 05:07:09.589000+00:00;5;1254;18;9686
2025-03-14 05:07:09.589000+00:00;7;1254;15;9686
2025-03-14 05:07:09.589000+00:00;10;1254;12;9686
2025-03-14 05:07:09.589000+00:00;12;1254;14;9686
2025-03-14 05:07:09.589000+00:00;18;1254;11;9686
2025-03-14 05:07:09.589000+00:00;27;1254;10;9686
2025-03-14 05:07:09.589000+00:00;30;1254;13;9686
2025-03-14 05:07:09.589000+00:00;31;1254;16;9686
2025-03-14 05:07:09.589000+00:00;55;1254;17;9686
2025-03-14 05:07:09.589000+00:00;5;1254;18;9687
2025-03-14 05:07:09.589000+00:00;7;1254;15;9687
2025-03-14 05:07:09.589000+00:00;10;1254;12;9687
2025-03-14 05:07:09.589000+00:00;12;1254;14;9687
2025-03-14 05:07:09.589000+00:00;18;1254;11;9687
2025-03-14 05:07:09.589000+00:00;27;1254;10;9687
2025-03-14 05:07:09.589000+00:00;30;1254;13;9687
2025-03-14 05:07:09.589000+00:00;31;1254;16;9687
2025-03-14 05:07:09.589000+00:00;55;1254;17;9687
2025-03-14 05:07:14.287000+00:00;5;1254;16;9686
2025-03-14 05:07:14.287000+00:00;31;1254;17;9686
2025-03-14 05:07:14.287000+00:00;55;1254;18;9686
2025-03-14 05:07:14.287000+00:00;5;1254;16;9687
2025-03-14 05:07:14.287000+00:00;31;1254;17;9687
2025-03-14 05:07:14.287000+00:00;55;1254;18;9687
2025-03-14 05:07:19.377000+00:00;1;1254;7;9686
2025-03-14 05:07:19.377000+00:00;14;1254;4;9686
2025-03-14 05:07:19.377000+00:00;16;1254;6;9686
2025-03-14 05:07:19.377000+00:00;81;1254;5;9686
2025-03-14 05:07:19.377000+00:00;1;1254;7;9687
2025-03-14 05:07:19.377000+00:00;14;1254;4;9687
2025-03-14 05:07:19.377000+00:00;16;1254;6;9687
2025-03-14 05:07:19.377000+00:00;81;1254;5;9687
2025-03-14 05:07:25.046000+00:00;5;1254;17;9686
2025-03-14 05:07:25.046000+00:00;7;1254;16;9686
2025-03-14 05:07:25.046000+00:00;12;1254;15;9686
2025-03-14 05:07:25.046000+00:00;23;1254;14;9686
2025-03-14 05:07:25.046000+00:00;31;1254;18;9686
2025-03-14 05:07:25.046000+00:00;55;1254;19;9686
2025-03-14 05:07:25.046000+00:00;5;1254;17;9687
2025-03-14 05:07:25.046000+00:00;7;1254;16;9687
2025-03-14 05:07:25.046000+00:00;12;1254;15;9687
2025-03-14 05:07:25.046000+00:00;23;1254;14;9687
2025-03-14 05:07:25.046000+00:00;31;1254;18;9687
2025-03-14 05:07:25.046000+00:00;55;1254;19;9687
2025-03-14 05:07:33.047000+00:00;1;1254;8;9686
2025-03-14 05:07:33.047000+00:00;6;1254;10;9686
2025-03-14 05:07:33.047000+00:00;16;1254;7;9686
2025-03-14 05:07:33.047000+00:00;18;1254;6;9686
2025-03-14 05:07:33.047000+00:00;27;1254;11;9686
2025-03-14 05:07:33.047000+00:00;44;1254;9;9686
2025-03-14 05:07:33.047000+00:00;1;1254;8;9687
2025-03-14 05:07:33.047000+00:00;6;1254;10;9687
2025-03-14 05:07:33.047000+00:00;16;1254;7;9687
2025-03-14 05:07:33.047000+00:00;18;1254;6;9687
2025-03-14 05:07:33.047000+00:00;27;1254;11;9687
2025-03-14 05:07:33.047000+00:00;44;1254;9;9687
2025-03-14 05:07:53.645000+00:00;1;1254;2;9686
2025-03-14 05:07:53.645000+00:00;14;1254;5;9686
2025-03-14 05:07:53.645000+00:00;16;1254;8;9686
2025-03-14 05:07:53.645000+00:00;18;1254;7;9686
2025-03-14 05:07:53.645000+00:00;22;1254;3;9686
2025-03-14 05:07:53.645000+00:00;63;1254;4;9686
2025-03-14 05:07:53.645000+00:00;81;1254;6;9686
2025-03-14 05:07:53.645000+00:00;1;1254;2;9687
2025-03-14 05:07:53.645000+00:00;14;1254;5;9687
2025-03-14 05:07:53.645000+00:00;16;1254;8;9687
2025-03-14 05:07:53.645000+00:00;18;1254;7;9687
2025-03-14 05:07:53.645000+00:00;22;1254;3;9687
2025-03-14 05:07:53.645000+00:00;63;1254;4;9687
2025-03-14 05:07:53.645000+00:00;81;1254;6;9687
2025-03-14 05:08:01.729000+00:00;1;1254;3;9686
2025-03-14 05:08:01.729000+00:00;4;1254;2;9686
2025-03-14 05:08:01.729000+00:00;22;1254;4;9686
2025-03-14 05:08:01.729000+00:00;63;1254;1;9686
2025-03-14 05:08:01.729000+00:00;1;1254;3;9687
2025-03-14 05:08:01.729000+00:00;4;1254;2;9687
2025-03-14 05:08:01.729000+00:00;22;1254;4;9687
2025-03-14 05:08:01.729000+00:00;63;1254;1;9687
2025-03-14 05:08:15.245000+00:00;1;1254;4;9686
2025-03-14 05:08:15.245000+00:00;14;1254;6;9686
2025-03-14 05:08:15.245000+00:00;22;1254;5;9686
2025-03-14 05:08:15.245000+00:00;81;1254;3;9686
2025-03-14 05:08:15.245000+00:00;1;1254;4;9687
2025-03-14 05:08:15.245000+00:00;14;1254;6;9687
2025-03-14 05:08:15.245000+00:00;22;1254;5;9687
2025-03-14 05:08:15.245000+00:00;81;1254;3;9687
2025-03-14 05:08:21.108000+00:00;10;1254;13;9686
2025-03-14 05:08:21.108000+00:00;27;1254;12;9686
2025-03-14 05:08:21.108000+00:00;30;1254;11;9686
2025-03-14 05:08:21.108000+00:00;10;1254;13;9687
2025-03-14 05:08:21.108000+00:00;27;1254;12;9687
2025-03-14 05:08:21.108000+00:00;30;1254;11;9687
2025-03-14 05:08:26.165000+00:00;14;1254;7;9686
2025-03-14 05:08:26.165000+00:00;16;1254;9;9686
2025-03-14 05:08:26.165000+00:00;18;1254;8;9686
2025-03-14 05:08:26.165000+00:00;44;1254;6;9686
2025-03-14 05:08:26.165000+00:00;14;1254;7;9687
2025-03-14 05:08:26.165000+00:00;16;1254;9;9687
2025-03-14 05:08:26.165000+00:00;18;1254;8;9687
2025-03-14 05:08:26.165000+00:00;44;1254;6;9687
2025-03-14 05:08:36.063000+00:00;6;1254;11;9686
2025-03-14 05:08:36.063000+00:00;10;1254;14;9686
2025-03-14 05:08:36.063000+00:00;12;1254;9;9686
2025-03-14 05:08:36.063000+00:00;16;1254;10;9686
2025-03-14 05:08:36.063000+00:00;23;1254;15;9686
2025-03-14 05:08:36.063000+00:00;27;1254;13;9686
2025-03-14 05:08:36.063000+00:00;30;1254;12;9686
2025-03-14 05:08:36.063000+00:00;6;1254;11;9687
2025-03-14 05:08:36.063000+00:00;10;1254;14;9687
2025-03-14 05:08:36.063000+00:00;12;1254;9;9687
2025-03-14 05:08:36.063000+00:00;16;1254;10;9687
2025-03-14 05:08:36.063000+00:00;23;1254;15;9687
2025-03-14 05:08:36.063000+00:00;27;1254;13;9687
2025-03-14 05:08:36.063000+00:00;30;1254;12;9687
2025-03-14 05:08:39.675000+00:00;1;1254;5;9686
2025-03-14 05:08:39.675000+00:00;12;1254;10;9686
2025-03-14 05:08:39.675000+00:00;14;1254;8;9686
2025-03-14 05:08:39.675000+00:00;16;1254;3;9686
2025-03-14 05:08:39.675000+00:00;18;1254;9;9686
2025-03-14 05:08:39.675000+00:00;22;1254;6;9686
2025-03-14 05:08:39.675000+00:00;44;1254;7;9686
2025-03-14 05:08:39.675000+00:00;81;1254;4;9686
2025-03-14 05:08:39.675000+00:00;1;1254;5;9687
2025-03-14 05:08:39.675000+00:00;12;1254;10;9687
2025-03-14 05:08:39.675000+00:00;14;1254;8;9687
2025-03-14 05:08:39.675000+00:00;16;1254;3;9687
2025-03-14 05:08:39.675000+00:00;18;1254;9;9687
2025-03-14 05:08:39.675000+00:00;22;1254;6;9687
2025-03-14 05:08:39.675000+00:00;44;1254;7;9687
2025-03-14 05:08:39.675000+00:00;81;1254;4;9687
2025-03-14 05:09:17.454000+00:00;6;1254;9;9686
2025-03-14 05:09:17.454000+00:00;12;1254;11;9686
2025-03-14 05:09:17.454000+00:00;18;1254;10;9686
2025-03-14 05:09:17.454000+00:00;6;1254;9;9687
2025-03-14 05:09:17.454000+00:00;12;1254;11;9687
2025-03-14 05:09:17.454000+00:00;18;1254;10;9687
2025-03-14 05:09:31.636000+00:00;1;1254;6;9686
2025-03-14 05:09:31.636000+00:00;4;1254;3;9686
2025-03-14 05:09:31.636000+00:00;16;1254;4;9686
2025-03-14 05:09:31.636000+00:00;22;1254;2;9686
2025-03-14 05:09:31.636000+00:00;81;1254;5;9686
2025-03-14 05:09:31.636000+00:00;1;1254;6;9687
2025-03-14 05:09:31.636000+00:00;4;1254;3;9687
2025-03-14 05:09:31.636000+00:00;16;1254;4;9687
2025-03-14 05:09:31.636000+00:00;22;1254;2;9687
2025-03-14 05:09:31.636000+00:00;81;1254;5;9687
2025-03-14 05:10:12.448000+00:00;1;1254;7;9686
2025-03-14 05:10:12.448000+00:00;4;1254;4;9686
2025-03-14 05:10:12.448000+00:00;5;1254;18;9686
2025-03-14 05:10:12.448000+00:00;6;1254;10;9686
2025-03-14 05:10:12.448000+00:00;7;1254;17;9686
2025-03-14 05:10:12.448000+00:00;10;1254;15;9686
2025-03-14 05:10:12.448000+00:00;12;1254;12;9686
2025-03-14 05:10:12.448000+00:00;14;1254;9;9686
2025-03-14 05:10:12.448000+00:00;16;1254;5;9686
2025-03-14 05:10:12.448000+00:00;18;1254;11;9686
2025-03-14 05:10:12.448000+00:00;22;1254;3;9686
2025-03-14 05:10:12.448000+00:00;23;1254;16;9686
2025-03-14 05:10:12.448000+00:00;27;1254;14;9686
2025-03-14 05:10:12.448000+00:00;30;1254;13;9686
2025-03-14 05:10:12.448000+00:00;31;1254;19;9686
2025-03-14 05:10:12.448000+00:00;44;1254;8;9686
2025-03-14 05:10:12.448000+00:00;55;1254;1;9686
2025-03-14 05:10:12.448000+00:00;63;1254;2;9686
2025-03-14 05:10:12.448000+00:00;81;1254;6;9686
2025-03-14 05:10:12.448000+00:00;1;1254;7;9687
2025-03-14 05:10:12.448000+00:00;4;1254;4;9687
2025-03-14 05:10:12.448000+00:00;5;1254;18;9687
2025-03-14 05:10:12.448000+00:00;6;1254;10;9687
2025-03-14 05:10:12.448000+00:00;7;1254;17;9687
2025-03-14 05:10:12.448000+00:00;10;1254;15;9687
2025-03-14 05:10:12.448000+00:00;12;1254;12;9687
2025-03-14 05:10:12.448000+00:00;14;1254;9;9687
2025-03-14 05:10:12.448000+00:00;16;1254;5;9687
2025-03-14 05:10:12.448000+00:00;18;1254;11;9687
2025-03-14 05:10:12.448000+00:00;22;1254;3;9687
2025-03-14 05:10:12.448000+00:00;23;1254;16;9687
2025-03-14 05:10:12.448000+00:00;27;1254;14;9687
2025-03-14 05:10:12.448000+00:00;30;1254;13;9687
2025-03-14 05:10:12.448000+00:00;31;1254;19;9687
2025-03-14 05:10:12.448000+00:00;44;1254;8;9687
2025-03-14 05:10:12.448000+00:00;55;1254;1;9687
2025-03-14 05:10:12.448000+00:00;63;1254;2;9687
2025-03-14 05:10:12.448000+00:00;81;1254;6;9687
2025-03-14 05:10:41.052000+00:00;10;1254;13;9686
2025-03-14 05:10:41.052000+00:00;27;1254;15;9686
2025-03-14 05:10:41.052000+00:00;30;1254;14;9686
2025-03-14 05:10:41.052000+00:00;10;1254;13;9687
2025-03-14 05:10:41.052000+00:00;27;1254;15;9687
2025-03-14 05:10:41.052000+00:00;30;1254;14;9687
2025-03-14 05:10:45.631000+00:00;1;1254;8;9686
2025-03-14 05:10:45.631000+00:00;4;1254;5;9686
2025-03-14 05:10:45.631000+00:00;6;1254;11;9686
2025-03-14 05:10:45.631000+00:00;10;1254;14;9686
2025-03-14 05:10:45.631000+00:00;12;1254;13;9686
2025-03-14 05:10:45.631000+00:00;14;1254;10;9686
2025-03-14 05:10:45.631000+00:00;16;1254;6;9686
2025-03-14 05:10:45.631000+00:00;18;1254;12;9686
2025-03-14 05:10:45.631000+00:00;22;1254;4;9686
2025-03-14 05:10:45.631000+00:00;23;1254;3;9686
2025-03-14 05:10:45.631000+00:00;27;1254;16;9686
2025-03-14 05:10:45.631000+00:00;30;1254;15;9686
2025-03-14 05:10:45.631000+00:00;44;1254;9;9686
2025-03-14 05:10:45.631000+00:00;81;1254;7;9686
2025-03-14 05:10:45.631000+00:00;1;1254;8;9687
2025-03-14 05:10:45.631000+00:00;4;1254;5;9687
2025-03-14 05:10:45.631000+00:00;6;1254;11;9687
2025-03-14 05:10:45.631000+00:00;10;1254;14;9687
2025-03-14 05:10:45.631000+00:00;12;1254;13;9687
2025-03-14 05:10:45.631000+00:00;14;1254;10;9687
2025-03-14 05:10:45.631000+00:00;16;1254;6;9687
2025-03-14 05:10:45.631000+00:00;18;1254;12;9687
2025-03-14 05:10:45.631000+00:00;22;1254;4;9687
2025-03-14 05:10:45.631000+00:00;23;1254;3;9687
2025-03-14 05:10:45.631000+00:00;27;1254;16;9687
2025-03-14 05:10:45.631000+00:00;30;1254;15;9687
2025-03-14 05:10:45.631000+00:00;44;1254;9;9687
2025-03-14 05:10:45.631000+00:00;81;1254;7;9687
2025-03-14 05:10:59.906000+00:00;5;1254;19;9686
2025-03-14 05:10:59.906000+00:00;7;1254;18;9686
2025-03-14 05:10:59.906000+00:00;31;1254;17;9686
2025-03-14 05:10:59.906000+00:00;5;1254;19;9687
2025-03-14 05:10:59.906000+00:00;7;1254;18;9687
2025-03-14 05:10:59.906000+00:00;31;1254;17;9687
2025-03-14 05:11:03.031000+00:00;5;1254;15;9686
2025-03-14 05:11:03.031000+00:00;7;1254;19;9686
2025-03-14 05:11:03.031000+00:00;27;1254;17;9686
2025-03-14 05:11:03.031000+00:00;30;1254;16;9686
2025-03-14 05:11:03.031000+00:00;31;1254;18;9686
2025-03-14 05:11:03.031000+00:00;5;1254;15;9687
2025-03-14 05:11:03.031000+00:00;7;1254;19;9687
2025-03-14 05:11:03.031000+00:00;27;1254;17;9687
2025-03-14 05:11:03.031000+00:00;30;1254;16;9687
2025-03-14 05:11:03.031000+00:00;31;1254;18;9687
2025-03-14 05:11:54.281000+00:00;4;1254;3;9686
2025-03-14 05:11:54.281000+00:00;22;1254;5;9686
2025-03-14 05:11:54.281000+00:00;23;1254;4;9686
2025-03-14 05:11:54.281000+00:00;4;1254;3;9687
2025-03-14 05:11:54.281000+00:00;22;1254;5;9687
2025-03-14 05:11:54.281000+00:00;23;1254;4;9687
2025-03-14 05:12:12.827000+00:00;5;1254;16;9686
2025-03-14 05:12:12.827000+00:00;6;1254;12;9686
2025-03-14 05:12:12.827000+00:00;7;1254;11;9686
2025-03-14 05:12:12.827000+00:00;10;1254;15;9686
2025-03-14 05:12:12.827000+00:00;12;1254;14;9686
2025-03-14 05:12:12.827000+00:00;18;1254;13;9686
2025-03-14 05:12:12.827000+00:00;27;1254;18;9686
2025-03-14 05:12:12.827000+00:00;30;1254;17;9686
2025-03-14 05:12:12.827000+00:00;31;1254;19;9686
2025-03-14 05:12:12.827000+00:00;5;1254;16;9687
2025-03-14 05:12:12.827000+00:00;6;1254;12;9687
2025-03-14 05:12:12.827000+00:00;7;1254;11;9687
2025-03-14 05:12:12.827000+00:00;10;1254;15;9687
2025-03-14 05:12:12.827000+00:00;12;1254;14;9687
2025-03-14 05:12:12.827000+00:00;18;1254;13;9687
2025-03-14 05:12:12.827000+00:00;27;1254;18;9687
2025-03-14 05:12:12.827000+00:00;30;1254;17;9687
2025-03-14 05:12:12.827000+00:00;31;1254;19;9687
2025-03-14 05:13:34.932000+00:00;16;1254;7;9687
2025-03-14 05:13:34.932000+00:00;22;1254;6;9687
2025-03-14 05:13:34.932000+00:00;23;1254;5;9687
2025-03-14 05:13:34.932000+00:00;81;1254;4;9687
2025-03-14 05:14:43.211000+00:00;1;1254;9;9687
2025-03-14 05:14:43.211000+00:00;6;1254;8;9687
2025-03-14 05:14:43.211000+00:00;7;1254;12;9687
2025-03-14 05:14:43.211000+00:00;14;1254;11;9687
2025-03-14 05:14:43.211000+00:00;44;1254;10;9687
2025-03-14 05:14:48.196000+00:00;1;1254;10;9687
2025-03-14 05:14:48.196000+00:00;4;1254;4;9687
2025-03-14 05:14:48.196000+00:00;6;1254;9;9687
2025-03-14 05:14:48.196000+00:00;16;1254;8;9687
2025-03-14 05:14:48.196000+00:00;22;1254;7;9687
2025-03-14 05:14:48.196000+00:00;23;1254;6;9687
2025-03-14 05:14:48.196000+00:00;44;1254;3;9687
2025-03-14 05:14:48.196000+00:00;81;1254;5;9687
2025-03-14 05:15:39.904000+00:00;1;1254;11;9686
2025-03-14 05:15:39.904000+00:00;7;1254;10;9686
2025-03-14 05:15:39.904000+00:00;14;1254;12;9686
2025-03-14 05:15:39.904000+00:00;1;1254;11;9687
2025-03-14 05:15:39.904000+00:00;7;1254;10;9687
2025-03-14 05:15:39.904000+00:00;14;1254;12;9687
2025-03-14 05:16:18.629000+00:00;5;1254;17;9686
2025-03-14 05:16:18.629000+00:00;27;1254;19;9686
2025-03-14 05:16:18.629000+00:00;30;1254;18;9686
2025-03-14 05:16:18.629000+00:00;31;1254;16;9686
2025-03-14 05:16:18.629000+00:00;5;1254;17;9687
2025-03-14 05:16:18.629000+00:00;27;1254;19;9687
2025-03-14 05:16:18.629000+00:00;30;1254;18;9687
2025-03-14 05:16:18.629000+00:00;31;1254;16;9687
2025-03-14 05:17:49.722000+00:00;4;1254;5;9686
2025-03-14 05:17:49.722000+00:00;16;1254;1;9686
2025-03-14 05:17:49.722000+00:00;22;1254;8;9686
2025-03-14 05:17:49.722000+00:00;23;1254;7;9686
2025-03-14 05:17:49.722000+00:00;44;1254;4;9686
2025-03-14 05:17:49.722000+00:00;55;1254;2;9686
2025-03-14 05:17:49.722000+00:00;63;1254;3;9686
2025-03-14 05:17:49.722000+00:00;81;1254;6;9686
2025-03-14 05:17:49.722000+00:00;4;1254;5;9687
2025-03-14 05:17:49.722000+00:00;16;1254;1;9687
2025-03-14 05:17:49.722000+00:00;22;1254;8;9687
2025-03-14 05:17:49.722000+00:00;23;1254;7;9687
2025-03-14 05:17:49.722000+00:00;44;1254;4;9687
2025-03-14 05:17:49.722000+00:00;55;1254;2;9687
2025-03-14 05:17:49.722000+00:00;63;1254;3;9687
2025-03-14 05:17:49.722000+00:00;81;1254;6;9687
2025-03-14 05:18:20.456000+00:00;44;1254;2;9686
2025-03-14 05:18:20.456000+00:00;55;1254;3;9686
2025-03-14 05:18:20.456000+00:00;63;1254;4;9686
2025-03-14 05:18:20.456000+00:00;44;1254;2;9687
2025-03-14 05:18:20.456000+00:00;55;1254;3;9687
2025-03-14 05:18:20.456000+00:00;63;1254;4;9687
2025-03-14 05:23:40.137000+00:00;5;1254;18;9686
2025-03-14 05:23:40.137000+00:00;10;1254;16;9686
2025-03-14 05:23:40.137000+00:00;12;1254;15;9686
2025-03-14 05:23:40.137000+00:00;30;1254;14;9686
2025-03-14 05:23:40.137000+00:00;31;1254;17;9686
2025-03-14 05:23:40.137000+00:00;5;1254;18;9687
2025-03-14 05:23:40.137000+00:00;10;1254;16;9687
2025-03-14 05:23:40.137000+00:00;12;1254;15;9687
2025-03-14 05:23:40.137000+00:00;30;1254;14;9687
2025-03-14 05:23:40.137000+00:00;31;1254;17;9687
2025-03-14 05:24:09.725000+00:00;1;1254;12;9686
2025-03-14 05:24:09.725000+00:00;4;1254;6;9686
2025-03-14 05:24:09.725000+00:00;6;1254;10;9686
2025-03-14 05:24:09.725000+00:00;7;1254;11;9686
2025-03-14 05:24:09.725000+00:00;14;1254;5;9686
2025-03-14 05:24:09.725000+00:00;22;1254;9;9686
2025-03-14 05:24:09.725000+00:00;23;1254;8;9686
2025-03-14 05:24:09.725000+00:00;81;1254;7;9686
2025-03-14 05:24:09.725000+00:00;1;1254;12;9687
2025-03-14 05:24:09.725000+00:00;4;1254;6;9687
2025-03-14 05:24:09.725000+00:00;6;1254;10;9687
2025-03-14 05:24:09.725000+00:00;7;1254;11;9687
2025-03-14 05:24:09.725000+00:00;14;1254;5;9687
2025-03-14 05:24:09.725000+00:00;22;1254;9;9687
2025-03-14 05:24:09.725000+00:00;23;1254;8;9687
2025-03-14 05:24:09.725000+00:00;81;1254;7;9687
2025-03-14 05:24:36.771000+00:00;55;1254;4;9686
2025-03-14 05:24:36.771000+00:00;63;1254;3;9686
2025-03-14 05:24:36.771000+00:00;55;1254;4;9687
2025-03-14 05:24:36.771000+00:00;63;1254;3;9687
2025-03-14 05:25:33.412000+00:00;1;1254;13;9686
2025-03-14 05:25:33.412000+00:00;6;1254;11;9686
2025-03-14 05:25:33.412000+00:00;7;1254;12;9686
2025-03-14 05:25:33.412000+00:00;12;1254;9;9686
2025-03-14 05:25:33.412000+00:00;18;1254;14;9686
2025-03-14 05:25:33.412000+00:00;22;1254;10;9686
2025-03-14 05:25:33.412000+00:00;30;1254;15;9686
2025-03-14 05:25:33.412000+00:00;1;1254;13;9687
2025-03-14 05:25:33.412000+00:00;6;1254;11;9687
2025-03-14 05:25:33.412000+00:00;7;1254;12;9687
2025-03-14 05:25:33.412000+00:00;12;1254;9;9687
2025-03-14 05:25:33.412000+00:00;18;1254;14;9687
2025-03-14 05:25:33.412000+00:00;22;1254;10;9687
2025-03-14 05:25:33.412000+00:00;30;1254;15;9687
2025-03-14 05:25:44.682000+00:00;1;1254;14;9686
2025-03-14 05:25:44.682000+00:00;4;1254;7;9686
2025-03-14 05:25:44.682000+00:00;6;1254;12;9686
2025-03-14 05:25:44.682000+00:00;7;1254;13;9686
2025-03-14 05:25:44.682000+00:00;12;1254;10;9686
2025-03-14 05:25:44.682000+00:00;14;1254;6;9686
2025-03-14 05:25:44.682000+00:00;18;1254;3;9686
2025-03-14 05:25:44.682000+00:00;22;1254;11;9686
2025-03-14 05:25:44.682000+00:00;23;1254;9;9686
2025-03-14 05:25:44.682000+00:00;55;1254;5;9686
2025-03-14 05:25:44.682000+00:00;63;1254;4;9686
2025-03-14 05:25:44.682000+00:00;81;1254;8;9686
2025-03-14 05:25:44.682000+00:00;1;1254;14;9687
2025-03-14 05:25:44.682000+00:00;4;1254;7;9687
2025-03-14 05:25:44.682000+00:00;6;1254;12;9687
2025-03-14 05:25:44.682000+00:00;7;1254;13;9687
2025-03-14 05:25:44.682000+00:00;12;1254;10;9687
2025-03-14 05:25:44.682000+00:00;14;1254;6;9687
2025-03-14 05:25:44.682000+00:00;18;1254;3;9687
2025-03-14 05:25:44.682000+00:00;22;1254;11;9687
2025-03-14 05:25:44.682000+00:00;23;1254;9;9687
2025-03-14 05:25:44.682000+00:00;55;1254;5;9687
2025-03-14 05:25:44.682000+00:00;63;1254;4;9687
2025-03-14 05:25:44.682000+00:00;81;1254;8;9687
2025-03-14 05:25:52.803000+00:00;4;1254;8;9686
2025-03-14 05:25:52.803000+00:00;12;1254;11;9686
2025-03-14 05:25:52.803000+00:00;14;1254;7;9686
2025-03-14 05:25:52.803000+00:00;16;1254;2;9686
2025-03-14 05:25:52.803000+00:00;18;1254;4;9686
2025-03-14 05:25:52.803000+00:00;22;1254;1;9686
2025-03-14 05:25:52.803000+00:00;23;1254;10;9686
2025-03-14 05:25:52.803000+00:00;44;1254;3;9686
2025-03-14 05:25:52.803000+00:00;55;1254;6;9686
2025-03-14 05:25:52.803000+00:00;63;1254;5;9686
2025-03-14 05:25:52.803000+00:00;81;1254;9;9686
2025-03-14 05:25:52.803000+00:00;4;1254;8;9687
2025-03-14 05:25:52.803000+00:00;12;1254;11;9687
2025-03-14 05:25:52.803000+00:00;14;1254;7;9687
2025-03-14 05:25:52.803000+00:00;16;1254;2;9687
2025-03-14 05:25:52.803000+00:00;18;1254;4;9687
2025-03-14 05:25:52.803000+00:00;22;1254;1;9687
2025-03-14 05:25:52.803000+00:00;23;1254;10;9687
2025-03-14 05:25:52.803000+00:00;44;1254;3;9687
2025-03-14 05:25:52.803000+00:00;55;1254;6;9687
2025-03-14 05:25:52.803000+00:00;63;1254;5;9687
2025-03-14 05:25:52.803000+00:00;81;1254;9;9687
2025-03-14 05:26:32.238000+00:00;1;1254;15;9686
2025-03-14 05:26:32.238000+00:00;6;1254;13;9686
2025-03-14 05:26:32.238000+00:00;7;1254;14;9686
2025-03-14 05:26:32.238000+00:00;10;1254;10;9686
2025-03-14 05:26:32.238000+00:00;12;1254;12;9686
2025-03-14 05:26:32.238000+00:00;23;1254;11;9686
2025-03-14 05:26:32.238000+00:00;30;1254;16;9686
2025-03-14 05:26:32.238000+00:00;1;1254;15;9687
2025-03-14 05:26:32.238000+00:00;6;1254;13;9687
2025-03-14 05:26:32.238000+00:00;7;1254;14;9687
2025-03-14 05:26:32.238000+00:00;10;1254;10;9687
2025-03-14 05:26:32.238000+00:00;12;1254;12;9687
2025-03-14 05:26:32.238000+00:00;23;1254;11;9687
2025-03-14 05:26:32.238000+00:00;30;1254;16;9687
2025-03-14 05:26:40.027000+00:00;30;1254;17;9686
2025-03-14 05:26:40.027000+00:00;31;1254;16;9686
2025-03-14 05:26:40.027000+00:00;30;1254;17;9687
2025-03-14 05:26:40.027000+00:00;31;1254;16;9687
2025-03-14 05:27:04.405000+00:00;5;1254;16;9686
2025-03-14 05:27:04.405000+00:00;30;1254;18;9686
2025-03-14 05:27:04.405000+00:00;31;1254;17;9686
2025-03-14 05:27:04.405000+00:00;5;1254;16;9687
2025-03-14 05:27:04.405000+00:00;30;1254;18;9687
2025-03-14 05:27:04.405000+00:00;31;1254;17;9687
2025-03-14 05:28:31.043000+00:00;4;1254;9;9687
2025-03-14 05:28:31.043000+00:00;14;1254;8;9687
2025-03-14 05:28:31.043000+00:00;18;1254;5;9687
2025-03-14 05:28:31.043000+00:00;44;1254;4;9687
2025-03-14 05:28:31.043000+00:00;55;1254;7;9687
2025-03-14 05:28:31.043000+00:00;63;1254;6;9687
2025-03-14 05:28:31.043000+00:00;81;1254;3;9687
2025-03-14 05:28:40.958000+00:00;4;1254;1;9687
2025-03-14 05:28:40.958000+00:00;14;1254;9;9687
2025-03-14 05:28:40.958000+00:00;16;1254;3;9687
2025-03-14 05:28:40.958000+00:00;18;1254;6;9687
2025-03-14 05:28:40.958000+00:00;22;1254;2;9687
2025-03-14 05:28:40.958000+00:00;44;1254;5;9687
2025-03-14 05:28:40.958000+00:00;55;1254;8;9687
2025-03-14 05:28:40.958000+00:00;63;1254;7;9687
2025-03-14 05:28:40.958000+00:00;81;1254;4;9687
2025-03-14 05:29:27.997000+00:00;5;1254;17;9687
2025-03-14 05:29:27.997000+00:00;30;1254;16;9687
2025-03-14 05:29:27.997000+00:00;31;1254;18;9687
2025-03-14 05:29:38.757000+00:00;10;1254;11;9687
2025-03-14 05:29:38.757000+00:00;23;1254;10;9687
2025-03-14 05:31:16.654000+00:00;1;1254;10;9686
2025-03-14 05:31:16.654000+00:00;6;1254;14;9686
2025-03-14 05:31:16.654000+00:00;7;1254;15;9686
2025-03-14 05:31:16.654000+00:00;10;1254;12;9686
2025-03-14 05:31:16.654000+00:00;12;1254;13;9686
2025-03-14 05:31:16.654000+00:00;23;1254;11;9686
2025-03-14 05:31:16.654000+00:00;1;1254;10;9687
2025-03-14 05:31:16.654000+00:00;6;1254;14;9687
2025-03-14 05:31:16.654000+00:00;7;1254;15;9687
2025-03-14 05:31:16.654000+00:00;10;1254;12;9687
2025-03-14 05:31:16.654000+00:00;12;1254;13;9687
2025-03-14 05:31:16.654000+00:00;23;1254;11;9687
2025-03-14 05:32:00.855000+00:00;5;1254;18;9686
2025-03-14 05:32:00.855000+00:00;6;1254;15;9686
2025-03-14 05:32:00.855000+00:00;7;1254;16;9686
2025-03-14 05:32:00.855000+00:00;27;1254;14;9686
2025-03-14 05:32:00.855000+00:00;30;1254;17;9686
2025-03-14 05:32:00.855000+00:00;31;1254;19;9686
2025-03-14 05:32:00.855000+00:00;5;1254;18;9687
2025-03-14 05:32:00.855000+00:00;6;1254;15;9687
2025-03-14 05:32:00.855000+00:00;7;1254;16;9687
2025-03-14 05:32:00.855000+00:00;27;1254;14;9687
2025-03-14 05:32:00.855000+00:00;30;1254;17;9687
2025-03-14 05:32:00.855000+00:00;31;1254;19;9687
2025-03-14 05:32:06.375000+00:00;1;1254;11;9686
2025-03-14 05:32:06.375000+00:00;6;1254;5;9686
2025-03-14 05:32:06.375000+00:00;10;1254;13;9686
2025-03-14 05:32:06.375000+00:00;12;1254;14;9686
2025-03-14 05:32:06.375000+00:00;14;1254;10;9686
2025-03-14 05:32:06.375000+00:00;18;1254;7;9686
2025-03-14 05:32:06.375000+00:00;23;1254;12;9686
2025-03-14 05:32:06.375000+00:00;27;1254;15;9686
2025-03-14 05:32:06.375000+00:00;44;1254;6;9686
2025-03-14 05:32:06.375000+00:00;55;1254;9;9686
2025-03-14 05:32:06.375000+00:00;63;1254;8;9686
2025-03-14 05:32:06.375000+00:00;1;1254;11;9687
2025-03-14 05:32:06.375000+00:00;6;1254;5;9687
2025-03-14 05:32:06.375000+00:00;10;1254;13;9687
2025-03-14 05:32:06.375000+00:00;12;1254;14;9687
2025-03-14 05:32:06.375000+00:00;14;1254;10;9687
2025-03-14 05:32:06.375000+00:00;18;1254;7;9687
2025-03-14 05:32:06.375000+00:00;23;1254;12;9687
2025-03-14 05:32:06.375000+00:00;27;1254;15;9687
2025-03-14 05:32:06.375000+00:00;44;1254;6;9687
2025-03-14 05:32:06.375000+00:00;55;1254;9;9687
2025-03-14 05:32:06.375000+00:00;63;1254;8;9687
2025-03-14 05:32:37.843000+00:00;1;1254;12;9686
2025-03-14 05:32:37.843000+00:00;7;1254;11;9686
2025-03-14 05:32:37.843000+00:00;10;1254;14;9686
2025-03-14 05:32:37.843000+00:00;12;1254;15;9686
2025-03-14 05:32:37.843000+00:00;23;1254;13;9686
2025-03-14 05:32:37.843000+00:00;27;1254;16;9686
2025-03-14 05:32:37.843000+00:00;1;1254;12;9687
2025-03-14 05:32:37.843000+00:00;7;1254;11;9687
2025-03-14 05:32:37.843000+00:00;10;1254;14;9687
2025-03-14 05:32:37.843000+00:00;12;1254;15;9687
2025-03-14 05:32:37.843000+00:00;23;1254;13;9687
2025-03-14 05:32:37.843000+00:00;27;1254;16;9687
2025-03-14 05:32:59.874000+00:00;5;1254;17;9686
2025-03-14 05:32:59.874000+00:00;30;1254;18;9686
2025-03-14 05:32:59.874000+00:00;5;1254;17;9687
2025-03-14 05:32:59.874000+00:00;30;1254;18;9687
2025-03-14 05:33:44.903000+00:00;6;1254;6;9686
2025-03-14 05:33:44.903000+00:00;44;1254;4;9686
2025-03-14 05:33:44.903000+00:00;81;1254;5;9686
2025-03-14 05:33:44.903000+00:00;6;1254;6;9687
2025-03-14 05:33:44.903000+00:00;44;1254;4;9687
2025-03-14 05:33:44.903000+00:00;81;1254;5;9687
2025-03-14 05:33:52.381000+00:00;10;1254;13;9686
2025-03-14 05:33:52.381000+00:00;23;1254;14;9686
2025-03-14 05:33:52.381000+00:00;10;1254;13;9687
2025-03-14 05:33:52.381000+00:00;23;1254;14;9687
2025-03-14 05:34:29.960000+00:00;4;1254;2;9686
2025-03-14 05:34:29.960000+00:00;16;1254;1;9686
2025-03-14 05:34:29.960000+00:00;22;1254;3;9686
2025-03-14 05:34:29.960000+00:00;4;1254;2;9687
2025-03-14 05:34:29.960000+00:00;16;1254;1;9687
2025-03-14 05:34:29.960000+00:00;22;1254;3;9687
2025-03-14 05:35:08.760000+00:00;5;1254;18;9686
2025-03-14 05:35:08.760000+00:00;27;1254;17;9686
2025-03-14 05:35:08.760000+00:00;30;1254;16;9686
2025-03-14 05:35:08.760000+00:00;5;1254;18;9687
2025-03-14 05:35:08.760000+00:00;27;1254;17;9687
2025-03-14 05:35:08.760000+00:00;30;1254;16;9687
2025-03-14 05:35:42.719000+00:00;4;1254;3;9686
2025-03-14 05:35:42.719000+00:00;22;1254;4;9686
2025-03-14 05:35:42.719000+00:00;44;1254;5;9686
2025-03-14 05:35:42.719000+00:00;81;1254;2;9686
2025-03-14 05:35:42.719000+00:00;4;1254;3;9687
2025-03-14 05:35:42.719000+00:00;22;1254;4;9687
2025-03-14 05:35:42.719000+00:00;44;1254;5;9687
2025-03-14 05:35:42.719000+00:00;81;1254;2;9687
2025-03-14 05:37:06.964000+00:00;1;1254;13;9686
2025-03-14 05:37:06.964000+00:00;7;1254;12;9686
2025-03-14 05:37:06.964000+00:00;10;1254;14;9686
2025-03-14 05:37:06.964000+00:00;14;1254;11;9686
2025-03-14 05:37:06.964000+00:00;23;1254;10;9686
2025-03-14 05:37:06.964000+00:00;1;1254;13;9687
2025-03-14 05:37:06.964000+00:00;7;1254;12;9687
2025-03-14 05:37:06.964000+00:00;10;1254;14;9687
2025-03-14 05:37:06.964000+00:00;14;1254;11;9687
2025-03-14 05:37:06.964000+00:00;23;1254;10;9687
2025-03-14 05:37:12.206000+00:00;1;1254;7;9686
2025-03-14 05:37:12.206000+00:00;7;1254;13;9686
2025-03-14 05:37:12.206000+00:00;14;1254;12;9686
2025-03-14 05:37:12.206000+00:00;18;1254;8;9686
2025-03-14 05:37:12.206000+00:00;23;1254;11;9686
2025-03-14 05:37:12.206000+00:00;55;1254;10;9686
2025-03-14 05:37:12.206000+00:00;63;1254;9;9686
2025-03-14 05:37:12.206000+00:00;1;1254;7;9687
2025-03-14 05:37:12.206000+00:00;7;1254;13;9687
2025-03-14 05:37:12.206000+00:00;14;1254;12;9687
2025-03-14 05:37:12.206000+00:00;18;1254;8;9687
2025-03-14 05:37:12.206000+00:00;23;1254;11;9687
2025-03-14 05:37:12.206000+00:00;55;1254;10;9687
2025-03-14 05:37:12.206000+00:00;63;1254;9;9687
2025-03-14 05:37:18.718000+00:00;7;1254;14;9686
2025-03-14 05:37:18.718000+00:00;10;1254;15;9686
2025-03-14 05:37:18.718000+00:00;12;1254;16;9686
2025-03-14 05:37:18.718000+00:00;14;1254;13;9686
2025-03-14 05:37:18.718000+00:00;18;1254;9;9686
2025-03-14 05:37:18.718000+00:00;23;1254;12;9686
2025-03-14 05:37:18.718000+00:00;27;1254;8;9686
2025-03-14 05:37:18.718000+00:00;30;1254;17;9686
2025-03-14 05:37:18.718000+00:00;55;1254;11;9686
2025-03-14 05:37:18.718000+00:00;63;1254;10;9686
2025-03-14 05:37:18.718000+00:00;7;1254;14;9687
2025-03-14 05:37:18.718000+00:00;10;1254;15;9687
2025-03-14 05:37:18.718000+00:00;12;1254;16;9687
2025-03-14 05:37:18.718000+00:00;14;1254;13;9687
2025-03-14 05:37:18.718000+00:00;18;1254;9;9687
2025-03-14 05:37:18.718000+00:00;23;1254;12;9687
2025-03-14 05:37:18.718000+00:00;27;1254;8;9687
2025-03-14 05:37:18.718000+00:00;30;1254;17;9687
2025-03-14 05:37:18.718000+00:00;55;1254;11;9687
2025-03-14 05:37:18.718000+00:00;63;1254;10;9687
2025-03-15 01:19:15.794000+00:00;1;1254;1;9688
2025-03-15 01:19:15.794000+00:00;4;1254;2;9688
2025-03-15 01:19:15.794000+00:00;5;1254;3;9688
2025-03-15 01:19:15.794000+00:00;6;1254;4;9688
2025-03-15 01:19:15.794000+00:00;7;1254;5;9688
2025-03-15 01:19:15.794000+00:00;10;1254;6;9688
2025-03-15 01:19:15.794000+00:00;12;1254;7;9688
2025-03-15 01:19:15.794000+00:00;14;1254;8;9688
2025-03-15 01:19:15.794000+00:00;16;1254;9;9688
2025-03-15 01:19:15.794000+00:00;18;1254;10;9688
2025-03-15 01:19:15.794000+00:00;22;1254;11;9688
2025-03-15 01:19:15.794000+00:00;23;1254;12;9688
2025-03-15 01:19:15.794000+00:00;27;1254;13;9688
2025-03-15 01:19:15.794000+00:00;30;1254;14;9688
2025-03-15 01:19:15.794000+00:00;31;1254;15;9688
2025-03-15 01:19:15.794000+00:00;44;1254;16;9688
2025-03-15 01:19:15.794000+00:00;55;1254;17;9688
2025-03-15 01:19:15.794000+00:00;63;1254;18;9688
2025-03-15 01:19:15.794000+00:00;81;1254;19;9688
2025-03-15 01:19:15.794000+00:00;87;1254;20;9688
2025-03-15 01:30:02.542000+00:00;1;1254;2;9688
2025-03-15 01:30:02.542000+00:00;4;1254;3;9688
2025-03-15 01:30:02.542000+00:00;5;1254;4;9688
2025-03-15 01:30:02.542000+00:00;6;1254;5;9688
2025-03-15 01:30:02.542000+00:00;7;1254;6;9688
2025-03-15 01:30:02.542000+00:00;10;1254;7;9688
2025-03-15 01:30:02.542000+00:00;12;1254;8;9688
2025-03-15 01:30:02.542000+00:00;14;1254;9;9688
2025-03-15 01:30:02.542000+00:00;16;1254;10;9688
2025-03-15 01:30:02.542000+00:00;18;1254;11;9688
2025-03-15 01:30:02.542000+00:00;22;1254;12;9688
2025-03-15 01:30:02.542000+00:00;23;1254;13;9688
2025-03-15 01:30:02.542000+00:00;27;1254;14;9688
2025-03-15 01:30:02.542000+00:00;30;1254;15;9688
2025-03-15 01:30:02.542000+00:00;31;1254;16;9688
2025-03-15 01:30:02.542000+00:00;44;1254;17;9688
2025-03-15 01:30:02.542000+00:00;55;1254;18;9688
2025-03-15 01:30:02.542000+00:00;63;1254;19;9688
2025-03-15 01:30:02.542000+00:00;81;1254;20;9688
2025-03-15 01:30:02.542000+00:00;87;1254;1;9688
2025-03-15 01:30:32.832000+00:00;1;1254;3;9688
2025-03-15 01:30:32.832000+00:00;4;1254;4;9688
2025-03-15 01:30:32.832000+00:00;5;1254;5;9688
2025-03-15 01:30:32.832000+00:00;6;1254;6;9688
2025-03-15 01:30:32.832000+00:00;7;1254;7;9688
2025-03-15 01:30:32.832000+00:00;10;1254;8;9688
2025-03-15 01:30:32.832000+00:00;12;1254;9;9688
2025-03-15 01:30:32.832000+00:00;14;1254;10;9688
2025-03-15 01:30:32.832000+00:00;16;1254;11;9688
2025-03-15 01:30:32.832000+00:00;18;1254;12;9688
2025-03-15 01:30:32.832000+00:00;22;1254;13;9688
2025-03-15 01:30:32.832000+00:00;23;1254;14;9688
2025-03-15 01:30:32.832000+00:00;27;1254;15;9688
2025-03-15 01:30:32.832000+00:00;30;1254;16;9688
2025-03-15 01:30:32.832000+00:00;31;1254;17;9688
2025-03-15 01:30:32.832000+00:00;44;1254;2;9688
2025-03-15 01:30:42.327000+00:00;1;1254;4;9688
2025-03-15 01:30:42.327000+00:00;4;1254;5;9688
2025-03-15 01:30:42.327000+00:00;5;1254;6;9688
2025-03-15 01:30:42.327000+00:00;6;1254;7;9688
2025-03-15 01:30:42.327000+00:00;7;1254;8;9688
2025-03-15 01:30:42.327000+00:00;10;1254;9;9688
2025-03-15 01:30:42.327000+00:00;12;1254;10;9688
2025-03-15 01:30:42.327000+00:00;14;1254;11;9688
2025-03-15 01:30:42.327000+00:00;16;1254;12;9688
2025-03-15 01:30:42.327000+00:00;18;1254;13;9688
2025-03-15 01:30:42.327000+00:00;22;1254;14;9688
2025-03-15 01:30:42.327000+00:00;23;1254;15;9688
2025-03-15 01:30:42.327000+00:00;27;1254;16;9688
2025-03-15 01:30:42.327000+00:00;30;1254;17;9688
2025-03-15 01:30:42.327000+00:00;31;1254;18;9688
2025-03-15 01:30:42.327000+00:00;55;1254;19;9688
2025-03-15 01:30:42.327000+00:00;63;1254;20;9688
2025-03-15 01:30:42.327000+00:00;81;1254;3;9688
2025-03-15 01:30:46.843000+00:00;1;1254;5;9688
2025-03-15 01:30:46.843000+00:00;4;1254;6;9688
2025-03-15 01:30:46.843000+00:00;5;1254;7;9688
2025-03-15 01:30:46.843000+00:00;6;1254;8;9688
2025-03-15 01:30:46.843000+00:00;7;1254;9;9688
2025-03-15 01:30:46.843000+00:00;10;1254;10;9688
2025-03-15 01:30:46.843000+00:00;12;1254;11;9688
2025-03-15 01:30:46.843000+00:00;14;1254;12;9688
2025-03-15 01:30:46.843000+00:00;16;1254;4;9688
2025-03-15 01:30:54.876000+00:00;1;1254;6;9688
2025-03-15 01:30:54.876000+00:00;4;1254;7;9688
2025-03-15 01:30:54.876000+00:00;5;1254;8;9688
2025-03-15 01:30:54.876000+00:00;6;1254;5;9688
2025-03-15 01:31:44.224000+00:00;1;1254;7;9688
2025-03-15 01:31:44.224000+00:00;4;1254;8;9688
2025-03-15 01:31:44.224000+00:00;5;1254;9;9688
2025-03-15 01:31:44.224000+00:00;7;1254;10;9688
2025-03-15 01:31:44.224000+00:00;10;1254;11;9688
2025-03-15 01:31:44.224000+00:00;12;1254;12;9688
2025-03-15 01:31:44.224000+00:00;14;1254;13;9688
2025-03-15 01:31:44.224000+00:00;18;1254;14;9688
2025-03-15 01:31:44.224000+00:00;22;1254;6;9688
2025-03-15 01:31:47.601000+00:00;1;1254;8;9688
2025-03-15 01:31:47.601000+00:00;4;1254;7;9688
2025-03-15 01:41:09.093000+00:00;1;1254;9;9688
2025-03-15 01:41:09.093000+00:00;5;1254;10;9688
2025-03-15 01:41:09.093000+00:00;7;1254;11;9688
2025-03-15 01:41:09.093000+00:00;10;1254;12;9688
2025-03-15 01:41:09.093000+00:00;12;1254;13;9688
2025-03-15 01:41:09.093000+00:00;14;1254;14;9688
2025-03-15 01:41:09.093000+00:00;18;1254;15;9688
2025-03-15 01:41:09.093000+00:00;23;1254;16;9688
2025-03-15 01:41:09.093000+00:00;27;1254;17;9688
2025-03-15 01:41:09.093000+00:00;30;1254;18;9688
2025-03-15 01:41:09.093000+00:00;31;1254;8;9688
2025-03-15 01:41:12.741000+00:00;1;1254;10;9688
2025-03-15 01:41:12.741000+00:00;5;1254;11;9688
2025-03-15 01:41:12.741000+00:00;7;1254;9;9688
2025-03-15 01:41:13.023000+00:00;1;1254;11;9688
2025-03-15 01:41:13.023000+00:00;5;1254;12;9688
2025-03-15 01:41:13.023000+00:00;10;1254;13;9688
2025-03-15 01:41:13.023000+00:00;12;1254;14;9688
2025-03-15 01:41:13.023000+00:00;14;1254;15;9688
2025-03-15 01:41:13.023000+00:00;18;1254;10;9688
2025-03-15 01:41:16.438000+00:00;1;1254;12;9688
2025-03-15 01:41:16.438000+00:00;5;1254;13;9688
2025-03-15 01:41:16.438000+00:00;10;1254;14;9688
2025-03-15 01:41:16.438000+00:00;12;1254;15;9688
2025-03-15 01:41:16.438000+00:00;14;1254;11;9688
2025-03-15 01:44:18.361000+00:00;4;1254;8;9688
2025-03-15 01:44:18.361000+00:00;6;1254;6;9688
2025-03-15 01:44:18.361000+00:00;16;1254;5;9688
2025-03-15 01:44:18.361000+00:00;22;1254;7;9688
2025-03-15 01:44:18.361000+00:00;31;1254;1;9688
2025-03-15 01:44:18.361000+00:00;44;1254;3;9688
2025-03-15 01:44:18.361000+00:00;81;1254;4;9688
2025-03-15 01:44:18.361000+00:00;87;1254;2;9688
2025-03-15 01:44:39.298000+00:00;4;1254;9;9688
2025-03-15 01:44:39.298000+00:00;6;1254;7;9688
2025-03-15 01:44:39.298000+00:00;7;1254;1;9688
2025-03-15 01:44:39.298000+00:00;16;1254;6;9688
2025-03-15 01:44:39.298000+00:00;22;1254;8;9688
2025-03-15 01:44:39.298000+00:00;31;1254;2;9688
2025-03-15 01:44:39.298000+00:00;44;1254;4;9688
2025-03-15 01:44:39.298000+00:00;81;1254;5;9688
2025-03-15 01:44:39.298000+00:00;87;1254;3;9688
2025-03-15 01:44:40.182000+00:00;1;1254;13;9688
2025-03-15 01:44:40.182000+00:00;5;1254;14;9688
2025-03-15 01:44:40.182000+00:00;10;1254;15;9688
2025-03-15 01:44:40.182000+00:00;12;1254;16;9688
2025-03-15 01:44:40.182000+00:00;23;1254;17;9688
2025-03-15 01:44:40.182000+00:00;27;1254;18;9688
2025-03-15 01:44:40.182000+00:00;30;1254;12;9688
2025-03-15 01:46:46.150000+00:00;5;1254;15;9688
2025-03-15 01:46:46.150000+00:00;10;1254;16;9688
2025-03-15 01:46:46.150000+00:00;12;1254;17;9688
2025-03-15 01:46:46.150000+00:00;23;1254;18;9688
2025-03-15 01:46:46.150000+00:00;27;1254;19;9688
2025-03-15 01:46:46.150000+00:00;55;1254;14;9688
2025-03-15 01:48:06.369000+00:00;10;1254;17;9688
2025-03-15 01:48:06.369000+00:00;12;1254;16;9688
2025-03-15 01:48:35.458000+00:00;1;1254;1;9688
2025-03-15 01:48:35.458000+00:00;4;1254;10;9688
2025-03-15 01:48:35.458000+00:00;6;1254;8;9688
2025-03-15 01:48:35.458000+00:00;7;1254;2;9688
2025-03-15 01:48:35.458000+00:00;14;1254;12;9688
2025-03-15 01:48:35.458000+00:00;16;1254;7;9688
2025-03-15 01:48:35.458000+00:00;18;1254;11;9688
2025-03-15 01:48:35.458000+00:00;22;1254;9;9688
2025-03-15 01:48:35.458000+00:00;30;1254;13;9688
2025-03-15 01:48:35.458000+00:00;31;1254;3;9688
2025-03-15 01:48:35.458000+00:00;44;1254;5;9688
2025-03-15 01:48:35.458000+00:00;81;1254;6;9688
2025-03-15 01:48:35.458000+00:00;87;1254;4;9688
2025-03-15 01:49:34.801000+00:00;7;1254;3;9688
2025-03-15 01:49:34.801000+00:00;31;1254;2;9688
2025-03-15 01:49:42.327000+00:00;4;1254;11;9688
2025-03-15 01:49:42.327000+00:00;6;1254;9;9688
2025-03-15 01:49:42.327000+00:00;7;1254;4;9688
2025-03-15 01:49:42.327000+00:00;14;1254;13;9688
2025-03-15 01:49:42.327000+00:00;16;1254;8;9688
2025-03-15 01:49:42.327000+00:00;18;1254;12;9688
2025-03-15 01:49:42.327000+00:00;22;1254;10;9688
2025-03-15 01:49:42.327000+00:00;30;1254;14;9688
2025-03-15 01:49:42.327000+00:00;44;1254;6;9688
2025-03-15 01:49:42.327000+00:00;55;1254;3;9688
2025-03-15 01:49:42.327000+00:00;81;1254;7;9688
2025-03-15 01:49:42.327000+00:00;87;1254;5;9688
2025-03-15 01:49:58.887000+00:00;10;1254;18;9688
2025-03-15 01:49:58.887000+00:00;23;1254;17;9688
2025-03-15 01:50:00.123000+00:00;4;1254;12;9688
2025-03-15 01:50:00.123000+00:00;5;1254;4;9688
2025-03-15 01:50:00.123000+00:00;6;1254;10;9688
2025-03-15 01:50:00.123000+00:00;7;1254;5;9688
2025-03-15 01:50:00.123000+00:00;14;1254;14;9688
2025-03-15 01:50:00.123000+00:00;16;1254;9;9688
2025-03-15 01:50:00.123000+00:00;18;1254;13;9688
2025-03-15 01:50:00.123000+00:00;22;1254;11;9688
2025-03-15 01:50:00.123000+00:00;30;1254;15;9688
2025-03-15 01:50:00.123000+00:00;44;1254;7;9688
2025-03-15 01:50:00.123000+00:00;81;1254;8;9688
2025-03-15 01:50:00.123000+00:00;87;1254;6;9688
2025-03-15 01:50:18.171000+00:00;5;1254;5;9688
2025-03-15 01:50:18.171000+00:00;7;1254;2;9688
2025-03-15 01:50:18.171000+00:00;31;1254;3;9688
2025-03-15 01:50:18.171000+00:00;55;1254;4;9688
2025-03-15 01:50:26.957000+00:00;4;1254;5;9688
2025-03-15 01:50:26.957000+00:00;5;1254;6;9688
2025-03-15 01:50:26.957000+00:00;6;1254;11;9688
2025-03-15 01:50:26.957000+00:00;16;1254;10;9688
2025-03-15 01:50:26.957000+00:00;22;1254;12;9688
2025-03-15 01:50:26.957000+00:00;44;1254;8;9688
2025-03-15 01:50:26.957000+00:00;81;1254;9;9688
2025-03-15 01:50:26.957000+00:00;87;1254;7;9688
2025-03-15 01:51:14.111000+00:00;4;1254;6;9688
2025-03-15 01:51:14.111000+00:00;5;1254;7;9688
2025-03-15 01:51:14.111000+00:00;6;1254;12;9688
2025-03-15 01:51:14.111000+00:00;12;1254;3;9688
2025-03-15 01:51:14.111000+00:00;14;1254;15;9688
2025-03-15 01:51:14.111000+00:00;16;1254;11;9688
2025-03-15 01:51:14.111000+00:00;18;1254;14;9688
2025-03-15 01:51:14.111000+00:00;22;1254;13;9688
2025-03-15 01:51:14.111000+00:00;30;1254;16;9688
2025-03-15 01:51:14.111000+00:00;31;1254;4;9688
2025-03-15 01:51:14.111000+00:00;44;1254;9;9688
2025-03-15 01:51:14.111000+00:00;55;1254;5;9688
2025-03-15 01:51:14.111000+00:00;81;1254;10;9688
2025-03-15 01:51:14.111000+00:00;87;1254;8;9688
2025-03-15 01:51:30.077000+00:00;6;1254;13;9688
2025-03-15 01:51:30.077000+00:00;16;1254;12;9688
2025-03-15 01:51:30.077000+00:00;18;1254;8;9688
2025-03-15 01:51:30.077000+00:00;22;1254;14;9688
2025-03-15 01:51:30.077000+00:00;44;1254;10;9688
2025-03-15 01:51:30.077000+00:00;81;1254;11;9688
2025-03-15 01:51:30.077000+00:00;87;1254;9;9688
2025-03-15 01:52:06.535000+00:00;4;1254;7;9688
2025-03-15 01:52:06.535000+00:00;5;1254;8;9688
2025-03-15 01:52:06.535000+00:00;6;1254;14;9688
2025-03-15 01:52:06.535000+00:00;14;1254;5;9688
2025-03-15 01:52:06.535000+00:00;16;1254;13;9688
2025-03-15 01:52:06.535000+00:00;18;1254;9;9688
2025-03-15 01:52:06.535000+00:00;22;1254;15;9688
2025-03-15 01:52:06.535000+00:00;44;1254;11;9688
2025-03-15 01:52:06.535000+00:00;55;1254;6;9688
2025-03-15 01:52:06.535000+00:00;81;1254;12;9688
2025-03-15 01:52:06.535000+00:00;87;1254;10;9688
2025-03-15 01:52:13.724000+00:00;1;1254;2;9688
2025-03-15 01:52:13.724000+00:00;4;1254;8;9688
2025-03-15 01:52:13.724000+00:00;5;1254;9;9688
2025-03-15 01:52:13.724000+00:00;7;1254;3;9688
2025-03-15 01:52:13.724000+00:00;12;1254;4;9688
2025-03-15 01:52:13.724000+00:00;14;1254;6;9688
2025-03-15 01:52:13.724000+00:00;18;1254;10;9688
2025-03-15 01:52:13.724000+00:00;31;1254;5;9688
2025-03-15 01:52:13.724000+00:00;44;1254;12;9688
2025-03-15 01:52:13.724000+00:00;55;1254;7;9688
2025-03-15 01:52:13.724000+00:00;81;1254;1;9688
2025-03-15 01:52:13.724000+00:00;87;1254;11;9688
2025-03-15 01:52:38.672000+00:00;4;1254;9;9688
2025-03-15 01:52:38.672000+00:00;5;1254;10;9688
2025-03-15 01:52:38.672000+00:00;12;1254;5;9688
2025-03-15 01:52:38.672000+00:00;14;1254;7;9688
2025-03-15 01:52:38.672000+00:00;16;1254;4;9688
2025-03-15 01:52:38.672000+00:00;18;1254;11;9688
2025-03-15 01:52:38.672000+00:00;31;1254;6;9688
2025-03-15 01:52:38.672000+00:00;44;1254;13;9688
2025-03-15 01:52:38.672000+00:00;55;1254;8;9688
2025-03-15 01:52:38.672000+00:00;87;1254;12;9688
2025-03-15 01:52:58.487000+00:00;4;1254;10;9688
2025-03-15 01:52:58.487000+00:00;5;1254;11;9688
2025-03-15 01:52:58.487000+00:00;6;1254;15;9688
2025-03-15 01:52:58.487000+00:00;18;1254;12;9688
2025-03-15 01:52:58.487000+00:00;22;1254;16;9688
2025-03-15 01:52:58.487000+00:00;23;1254;9;9688
2025-03-15 01:52:58.487000+00:00;30;1254;17;9688
2025-03-15 01:52:58.487000+00:00;44;1254;14;9688
2025-03-15 01:52:58.487000+00:00;87;1254;13;9688
2025-03-15 01:53:11.342000+00:00;14;1254;8;9688
2025-03-15 01:53:11.342000+00:00;31;1254;7;9688
2025-03-15 01:53:11.342000+00:00;55;1254;6;9688
2025-03-15 01:53:17.972000+00:00;4;1254;11;9688
2025-03-15 01:53:17.972000+00:00;5;1254;12;9688
2025-03-15 01:53:17.972000+00:00;6;1254;16;9688
2025-03-15 01:53:17.972000+00:00;10;1254;7;9688
2025-03-15 01:53:17.972000+00:00;14;1254;9;9688
2025-03-15 01:53:17.972000+00:00;18;1254;13;9688
2025-03-15 01:53:17.972000+00:00;22;1254;17;9688
2025-03-15 01:53:17.972000+00:00;23;1254;10;9688
2025-03-15 01:53:17.972000+00:00;30;1254;18;9688
2025-03-15 01:53:17.972000+00:00;31;1254;8;9688
2025-03-15 01:53:17.972000+00:00;44;1254;15;9688
2025-03-15 01:53:17.972000+00:00;87;1254;14;9688
2025-03-15 01:53:38.674000+00:00;44;1254;14;9688
2025-03-15 01:53:38.674000+00:00;87;1254;15;9688
2025-03-15 01:54:41.203000+00:00;1;1254;1;9688
2025-03-15 01:54:41.203000+00:00;81;1254;2;9688
2025-03-15 01:54:50.034000+00:00;4;1254;12;9688
2025-03-15 01:54:50.034000+00:00;5;1254;13;9688
2025-03-15 01:54:50.034000+00:00;14;1254;10;9688
2025-03-15 01:54:50.034000+00:00;18;1254;9;9688
2025-03-15 01:54:50.034000+00:00;23;1254;11;9688
2025-03-15 01:54:55.975000+00:00;4;1254;13;9688
2025-03-15 01:54:55.975000+00:00;5;1254;14;9688
2025-03-15 01:54:55.975000+00:00;7;1254;4;9688
2025-03-15 01:54:55.975000+00:00;10;1254;8;9688
2025-03-15 01:54:55.975000+00:00;12;1254;6;9688
2025-03-15 01:54:55.975000+00:00;14;1254;11;9688
2025-03-15 01:54:55.975000+00:00;16;1254;5;9688
2025-03-15 01:54:55.975000+00:00;18;1254;10;9688
2025-03-15 01:54:55.975000+00:00;23;1254;12;9688
2025-03-15 01:54:55.975000+00:00;31;1254;9;9688
2025-03-15 01:54:55.975000+00:00;44;1254;3;9688
2025-03-15 01:54:55.975000+00:00;55;1254;7;9688
2025-03-15 01:55:12.848000+00:00;14;1254;10;9688
2025-03-15 01:55:12.848000+00:00;18;1254;11;9688
2025-03-15 01:55:26.300000+00:00;4;1254;14;9688
2025-03-15 01:55:26.300000+00:00;5;1254;15;9688
2025-03-15 01:55:26.300000+00:00;6;1254;17;9688
2025-03-15 01:55:26.300000+00:00;18;1254;12;9688
2025-03-15 01:55:26.300000+00:00;22;1254;18;9688
2025-03-15 01:55:26.300000+00:00;23;1254;13;9688
2025-03-15 01:55:26.300000+00:00;27;1254;11;9688
2025-03-15 01:55:26.300000+00:00;30;1254;19;9688
2025-03-15 01:55:26.300000+00:00;87;1254;16;9688
2025-03-15 01:55:33.604000+00:00;4;1254;15;9688
2025-03-15 01:55:33.604000+00:00;5;1254;16;9688
2025-03-15 01:55:33.604000+00:00;6;1254;18;9688
2025-03-15 01:55:33.604000+00:00;7;1254;5;9688
2025-03-15 01:55:33.604000+00:00;10;1254;9;9688
2025-03-15 01:55:33.604000+00:00;12;1254;7;9688
2025-03-15 01:55:33.604000+00:00;14;1254;11;9688
2025-03-15 01:55:33.604000+00:00;16;1254;6;9688
2025-03-15 01:55:33.604000+00:00;18;1254;13;9688
2025-03-15 01:55:33.604000+00:00;22;1254;19;9688
2025-03-15 01:55:33.604000+00:00;23;1254;14;9688
2025-03-15 01:55:33.604000+00:00;27;1254;12;9688
2025-03-15 01:55:33.604000+00:00;30;1254;20;9688
2025-03-15 01:55:33.604000+00:00;31;1254;10;9688
2025-03-15 01:55:33.604000+00:00;44;1254;4;9688
2025-03-15 01:55:33.604000+00:00;55;1254;8;9688
2025-03-15 01:55:33.604000+00:00;63;1254;2;9688
2025-03-15 01:55:33.604000+00:00;81;1254;3;9688
2025-03-15 01:55:33.604000+00:00;87;1254;17;9688
2025-03-15 01:55:55.994000+00:00;4;1254;16;9688
2025-03-15 01:55:55.994000+00:00;5;1254;5;9688
2025-03-15 01:55:55.994000+00:00;7;1254;6;9688
2025-03-15 01:55:55.994000+00:00;10;1254;10;9688
2025-03-15 01:55:55.994000+00:00;12;1254;8;9688
2025-03-15 01:55:55.994000+00:00;14;1254;12;9688
2025-03-15 01:55:55.994000+00:00;16;1254;7;9688
2025-03-15 01:55:55.994000+00:00;18;1254;14;9688
2025-03-15 01:55:55.994000+00:00;23;1254;15;9688
2025-03-15 01:55:55.994000+00:00;27;1254;13;9688
2025-03-15 01:55:55.994000+00:00;31;1254;11;9688
2025-03-15 01:55:55.994000+00:00;55;1254;9;9688
2025-03-15 01:56:14.213000+00:00;4;1254;2;9688
2025-03-15 01:56:14.213000+00:00;5;1254;6;9688
2025-03-15 01:56:14.213000+00:00;7;1254;7;9688
2025-03-15 01:56:14.213000+00:00;10;1254;11;9688
2025-03-15 01:56:14.213000+00:00;12;1254;9;9688
2025-03-15 01:56:14.213000+00:00;14;1254;13;9688
2025-03-15 01:56:14.213000+00:00;16;1254;8;9688
2025-03-15 01:56:14.213000+00:00;18;1254;15;9688
2025-03-15 01:56:14.213000+00:00;23;1254;16;9688
2025-03-15 01:56:14.213000+00:00;27;1254;14;9688
2025-03-15 01:56:14.213000+00:00;31;1254;12;9688
2025-03-15 01:56:14.213000+00:00;44;1254;5;9688
2025-03-15 01:56:14.213000+00:00;55;1254;10;9688
2025-03-15 01:56:14.213000+00:00;63;1254;3;9688
2025-03-15 01:56:14.213000+00:00;81;1254;4;9688
2025-03-15 01:56:20.476000+00:00;10;1254;12;9688
2025-03-15 01:56:20.476000+00:00;14;1254;14;9688
2025-03-15 01:56:20.476000+00:00;18;1254;16;9688
2025-03-15 01:56:20.476000+00:00;23;1254;10;9688
2025-03-15 01:56:20.476000+00:00;27;1254;15;9688
2025-03-15 01:56:20.476000+00:00;31;1254;13;9688
2025-03-15 01:56:20.476000+00:00;55;1254;11;9688
2025-03-15 01:57:18.488000+00:00;4;1254;3;9688
2025-03-15 01:57:18.488000+00:00;63;1254;4;9688
2025-03-15 01:57:18.488000+00:00;81;1254;2;9688
2025-03-15 01:57:28.148000+00:00;6;1254;17;9688
2025-03-15 01:57:28.148000+00:00;87;1254;18;9688
2025-03-15 01:57:35.250000+00:00;22;1254;18;9688
2025-03-15 01:57:35.250000+00:00;87;1254;19;9688
2025-03-15 01:57:51.959000+00:00;4;1254;4;9688
2025-03-15 01:57:51.959000+00:00;5;1254;7;9688
2025-03-15 01:57:51.959000+00:00;7;1254;8;9688
2025-03-15 01:57:51.959000+00:00;12;1254;2;9688
2025-03-15 01:57:51.959000+00:00;16;1254;9;9688
2025-03-15 01:57:51.959000+00:00;44;1254;6;9688
2025-03-15 01:57:51.959000+00:00;63;1254;5;9688
2025-03-15 01:57:51.959000+00:00;81;1254;3;9688
2025-03-15 01:58:15.031000+00:00;18;1254;15;9688
2025-03-15 01:58:15.031000+00:00;27;1254;16;9688
2025-03-15 01:58:28.374000+00:00;4;1254;5;9688
2025-03-15 01:58:28.374000+00:00;5;1254;8;9688
2025-03-15 01:58:28.374000+00:00;7;1254;9;9688
2025-03-15 01:58:28.374000+00:00;16;1254;4;9688
2025-03-15 01:58:28.374000+00:00;44;1254;7;9688
2025-03-15 01:58:28.374000+00:00;63;1254;6;9688
2025-03-15 01:58:32.906000+00:00;10;1254;13;9688
2025-03-15 01:58:32.906000+00:00;14;1254;10;9688
2025-03-15 01:58:32.906000+00:00;23;1254;11;9688
2025-03-15 01:58:32.906000+00:00;31;1254;14;9688
2025-03-15 01:58:32.906000+00:00;55;1254;12;9688
2025-03-15 02:00:22.247000+00:00;5;1254;9;9688
2025-03-15 02:00:22.247000+00:00;7;1254;10;9688
2025-03-15 02:00:22.247000+00:00;14;1254;11;9688
2025-03-15 02:00:22.247000+00:00;23;1254;12;9688
2025-03-15 02:00:22.247000+00:00;44;1254;8;9688
2025-03-15 02:00:22.247000+00:00;55;1254;6;9688
2025-03-15 02:00:22.247000+00:00;63;1254;7;9688
2025-03-15 02:00:39.301000+00:00;6;1254;10;9688
2025-03-15 02:00:39.301000+00:00;7;1254;11;9688
2025-03-15 02:00:39.301000+00:00;10;1254;14;9688
2025-03-15 02:00:39.301000+00:00;14;1254;12;9688
2025-03-15 02:00:39.301000+00:00;18;1254;16;9688
2025-03-15 02:00:39.301000+00:00;23;1254;13;9688
2025-03-15 02:00:39.301000+00:00;27;1254;17;9688
2025-03-15 02:00:39.301000+00:00;31;1254;15;9688
2025-03-15 02:01:00.326000+00:00;10;1254;15;9688
2025-03-15 02:01:00.326000+00:00;14;1254;13;9688
2025-03-15 02:01:00.326000+00:00;18;1254;17;9688
2025-03-15 02:01:00.326000+00:00;22;1254;12;9688
2025-03-15 02:01:00.326000+00:00;23;1254;14;9688
2025-03-15 02:01:00.326000+00:00;27;1254;18;9688
2025-03-15 02:01:00.326000+00:00;31;1254;16;9688
2025-03-15 02:01:05.895000+00:00;5;1254;10;9688
2025-03-15 02:01:05.895000+00:00;6;1254;11;9688
2025-03-15 02:01:05.895000+00:00;7;1254;12;9688
2025-03-15 02:01:05.895000+00:00;10;1254;16;9688
2025-03-15 02:01:05.895000+00:00;14;1254;14;9688
2025-03-15 02:01:05.895000+00:00;18;1254;18;9688
2025-03-15 02:01:05.895000+00:00;22;1254;13;9688
2025-03-15 02:01:05.895000+00:00;23;1254;15;9688
2025-03-15 02:01:05.895000+00:00;27;1254;7;9688
2025-03-15 02:01:05.895000+00:00;31;1254;17;9688
2025-03-15 02:01:05.895000+00:00;44;1254;9;9688
2025-03-15 02:01:05.895000+00:00;63;1254;8;9688
2025-03-15 02:01:43.463000+00:00;4;1254;6;9688
2025-03-15 02:01:43.463000+00:00;5;1254;11;9688
2025-03-15 02:01:43.463000+00:00;6;1254;12;9688
2025-03-15 02:01:43.463000+00:00;7;1254;13;9688
2025-03-15 02:01:43.463000+00:00;12;1254;3;9688
2025-03-15 02:01:43.463000+00:00;14;1254;15;9688
2025-03-15 02:01:43.463000+00:00;16;1254;5;9688
2025-03-15 02:01:43.463000+00:00;22;1254;14;9688
2025-03-15 02:01:43.463000+00:00;23;1254;2;9688
2025-03-15 02:01:43.463000+00:00;27;1254;8;9688
2025-03-15 02:01:43.463000+00:00;44;1254;10;9688
2025-03-15 02:01:43.463000+00:00;55;1254;7;9688
2025-03-15 02:01:43.463000+00:00;63;1254;9;9688
2025-03-15 02:01:43.463000+00:00;81;1254;4;9688
2025-03-15 02:03:54.185000+00:00;4;1254;7;9688
2025-03-15 02:03:54.185000+00:00;12;1254;4;9688
2025-03-15 02:03:54.185000+00:00;16;1254;6;9688
2025-03-15 02:03:54.185000+00:00;55;1254;3;9688
2025-03-15 02:03:54.185000+00:00;81;1254;5;9688
2025-03-15 02:04:23.461000+00:00;12;1254;5;9688
2025-03-15 02:04:23.461000+00:00;16;1254;2;9688
2025-03-15 02:04:23.461000+00:00;23;1254;3;9688
2025-03-15 02:04:23.461000+00:00;55;1254;4;9688
2025-03-15 02:04:23.461000+00:00;81;1254;6;9688
2025-03-15 02:05:00.878000+00:00;4;1254;8;9688
2025-03-15 02:05:00.878000+00:00;12;1254;6;9688
2025-03-15 02:05:00.878000+00:00;23;1254;4;9688
2025-03-15 02:05:00.878000+00:00;27;1254;9;9688
2025-03-15 02:05:00.878000+00:00;44;1254;3;9688
2025-03-15 02:05:00.878000+00:00;55;1254;5;9688
2025-03-15 02:05:00.878000+00:00;63;1254;10;9688
2025-03-15 02:05:00.878000+00:00;81;1254;7;9688
2025-03-15 02:06:34.231000+00:00;4;1254;9;9688
2025-03-15 02:06:34.231000+00:00;5;1254;12;9688
2025-03-15 02:06:34.231000+00:00;6;1254;13;9688
2025-03-15 02:06:34.231000+00:00;7;1254;14;9688
2025-03-15 02:06:34.231000+00:00;22;1254;8;9688
2025-03-15 02:06:34.231000+00:00;27;1254;10;9688
2025-03-15 02:06:34.231000+00:00;63;1254;11;9688
2025-03-15 02:07:03.294000+00:00;10;1254;15;9688
2025-03-15 02:07:03.294000+00:00;14;1254;16;9688
2025-03-15 02:07:23.486000+00:00;1;1254;2;9688
2025-03-15 02:07:23.486000+00:00;4;1254;10;9688
2025-03-15 02:07:23.486000+00:00;12;1254;7;9688
2025-03-15 02:07:23.486000+00:00;16;1254;3;9688
2025-03-15 02:07:23.486000+00:00;22;1254;9;9688
2025-03-15 02:07:23.486000+00:00;23;1254;5;9688
2025-03-15 02:07:23.486000+00:00;27;1254;11;9688
2025-03-15 02:07:23.486000+00:00;44;1254;4;9688
2025-03-15 02:07:23.486000+00:00;55;1254;6;9688
2025-03-15 02:07:23.486000+00:00;63;1254;1;9688
2025-03-15 02:07:23.486000+00:00;81;1254;8;9688
2025-03-15 02:09:19.052000+00:00;1;1254;3;9688
2025-03-15 02:09:19.052000+00:00;4;1254;2;9688
2025-03-15 02:09:19.052000+00:00;12;1254;8;9688
2025-03-15 02:09:19.052000+00:00;16;1254;4;9688
2025-03-15 02:09:19.052000+00:00;22;1254;10;9688
2025-03-15 02:09:19.052000+00:00;23;1254;6;9688
2025-03-15 02:09:19.052000+00:00;44;1254;5;9688
2025-03-15 02:09:19.052000+00:00;55;1254;7;9688
2025-03-15 02:09:19.052000+00:00;81;1254;9;9688
2025-03-15 02:10:33.914000+00:00;14;1254;17;9688
2025-03-15 02:10:33.914000+00:00;18;1254;16;9688
2025-03-15 02:10:33.914000+00:00;31;1254;18;9688
2025-03-15 02:10:43.754000+00:00;6;1254;14;9688
2025-03-15 02:10:43.754000+00:00;7;1254;15;9688
2025-03-15 02:10:43.754000+00:00;10;1254;13;9688
2025-03-15 02:12:32.426000+00:00;6;1254;15;9688
2025-03-15 02:12:32.426000+00:00;7;1254;16;9688
2025-03-15 02:12:32.426000+00:00;14;1254;14;9688
2025-03-15 02:12:32.426000+00:00;18;1254;17;9688
2025-03-15 02:12:53.899000+00:00;1;1254;4;9688
2025-03-15 02:12:53.899000+00:00;4;1254;3;9688
2025-03-15 02:12:53.899000+00:00;16;1254;5;9688
2025-03-15 02:12:53.899000+00:00;23;1254;2;9688
2025-03-15 02:12:53.899000+00:00;44;1254;6;9688
2025-03-15 02:14:03.539000+00:00;1;1254;5;9688
2025-03-15 02:14:03.539000+00:00;4;1254;4;9688
2025-03-15 02:14:03.539000+00:00;16;1254;6;9688
2025-03-15 02:14:03.539000+00:00;44;1254;7;9688
2025-03-15 02:14:03.539000+00:00;55;1254;3;9688
2025-03-15 02:15:28.740000+00:00;1;1254;1;9688
2025-03-15 02:15:28.740000+00:00;4;1254;5;9688
2025-03-15 02:15:28.740000+00:00;23;1254;3;9688
2025-03-15 02:15:28.740000+00:00;55;1254;4;9688
2025-03-15 02:15:28.740000+00:00;63;1254;2;9688
2025-03-15 02:16:17.646000+00:00;4;1254;6;9688
2025-03-15 02:16:17.646000+00:00;12;1254;9;9688
2025-03-15 02:16:17.646000+00:00;16;1254;7;9688
2025-03-15 02:16:17.646000+00:00;23;1254;4;9688
2025-03-15 02:16:17.646000+00:00;44;1254;8;9688
2025-03-15 02:16:17.646000+00:00;55;1254;5;9688
2025-03-15 02:16:17.646000+00:00;63;1254;3;9688
2025-03-15 02:16:17.646000+00:00;81;1254;2;9688
2025-03-15 02:17:32.617000+00:00;5;1254;9;9688
2025-03-15 02:17:32.617000+00:00;12;1254;10;9688
2025-03-15 02:17:32.617000+00:00;22;1254;11;9688
2025-03-15 02:17:32.617000+00:00;27;1254;12;9688
2025-03-15 02:18:38.185000+00:00;10;1254;10;9688
2025-03-15 02:18:38.185000+00:00;12;1254;11;9688
2025-03-15 02:18:38.185000+00:00;22;1254;12;9688
2025-03-15 02:18:38.185000+00:00;27;1254;13;9688
2025-03-15 02:19:09.984000+00:00;6;1254;16;9688
2025-03-15 02:19:09.984000+00:00;7;1254;13;9688
2025-03-15 02:19:09.984000+00:00;14;1254;15;9688
2025-03-15 02:19:09.984000+00:00;27;1254;14;9688
2025-03-15 02:19:38.812000+00:00;23;1254;5;9688
2025-03-15 02:19:38.812000+00:00;55;1254;4;9688
2025-03-15 02:19:42.413000+00:00;6;1254;10;9688
2025-03-15 02:19:42.413000+00:00;7;1254;14;9688
2025-03-15 02:19:42.413000+00:00;10;1254;11;9688
2025-03-15 02:19:42.413000+00:00;12;1254;12;9688
2025-03-15 02:19:42.413000+00:00;14;1254;16;9688
2025-03-15 02:19:42.413000+00:00;22;1254;13;9688
2025-03-15 02:19:42.413000+00:00;27;1254;15;9688
2025-03-15 02:19:49.302000+00:00;4;1254;7;9688
2025-03-15 02:19:49.302000+00:00;16;1254;6;9688
2025-03-15 02:19:58.316000+00:00;4;1254;8;9688
2025-03-15 02:19:58.316000+00:00;5;1254;10;9688
2025-03-15 02:19:58.316000+00:00;6;1254;11;9688
2025-03-15 02:19:58.316000+00:00;10;1254;12;9688
2025-03-15 02:19:58.316000+00:00;12;1254;13;9688
2025-03-15 02:19:58.316000+00:00;22;1254;7;9688
2025-03-15 02:19:58.316000+00:00;44;1254;9;9688
2025-03-15 02:20:35.613000+00:00;4;1254;9;9688
2025-03-15 02:20:35.613000+00:00;5;1254;11;9688
2025-03-15 02:20:35.613000+00:00;6;1254;12;9688
2025-03-15 02:20:35.613000+00:00;10;1254;13;9688
2025-03-15 02:20:35.613000+00:00;12;1254;4;9688
2025-03-15 02:20:35.613000+00:00;16;1254;7;9688
2025-03-15 02:20:35.613000+00:00;22;1254;8;9688
2025-03-15 02:20:35.613000+00:00;23;1254;6;9688
2025-03-15 02:20:35.613000+00:00;44;1254;10;9688
2025-03-15 02:20:35.613000+00:00;55;1254;5;9688
2025-03-15 02:21:23.825000+00:00;1;1254;2;9688
2025-03-15 02:21:23.825000+00:00;81;1254;1;9688
2025-03-15 02:21:32.218000+00:00;4;1254;10;9688
2025-03-15 02:21:32.218000+00:00;22;1254;9;9688
2025-03-15 02:21:32.218000+00:00;44;1254;8;9688
2025-03-15 02:23:38.790000+00:00;7;1254;15;9688
2025-03-15 02:23:38.790000+00:00;14;1254;17;9688
2025-03-15 02:23:38.790000+00:00;18;1254;14;9688
2025-03-15 02:23:38.790000+00:00;27;1254;16;9688
2025-03-15 02:25:41.953000+00:00;12;1254;5;9688
2025-03-15 02:25:41.953000+00:00;16;1254;4;9688
2025-03-15 02:25:41.953000+00:00;23;1254;7;9688
2025-03-15 02:25:41.953000+00:00;55;1254;6;9688
2025-03-15 02:26:52.628000+00:00;1;1254;3;9688
2025-03-15 02:26:52.628000+00:00;63;1254;2;9688
2025-03-15 02:31:04.160000+00:00;6;1254;13;9688
2025-03-15 02:31:04.160000+00:00;10;1254;12;9688
2025-03-15 04:47:41.106000+00:00;1;1254;3;9689
2025-03-15 04:47:41.106000+00:00;4;1254;10;9689
2025-03-15 04:47:41.106000+00:00;5;1254;11;9689
2025-03-15 04:47:41.106000+00:00;6;1254;13;9689
2025-03-15 04:47:41.106000+00:00;7;1254;15;9689
2025-03-15 04:47:41.106000+00:00;10;1254;12;9689
2025-03-15 04:47:41.106000+00:00;12;1254;5;9689
2025-03-15 04:47:41.106000+00:00;14;1254;17;9689
2025-03-15 04:47:41.106000+00:00;16;1254;4;9689
2025-03-15 04:47:41.106000+00:00;18;1254;14;9689
2025-03-15 04:47:41.106000+00:00;22;1254;9;9689
2025-03-15 04:47:41.106000+00:00;23;1254;7;9689
2025-03-15 04:47:41.106000+00:00;27;1254;16;9689
2025-03-15 04:47:41.106000+00:00;30;1254;20;9689
2025-03-15 04:47:41.106000+00:00;31;1254;18;9689
2025-03-15 04:47:41.106000+00:00;44;1254;8;9689
2025-03-15 04:47:41.106000+00:00;55;1254;6;9689
2025-03-15 04:47:41.106000+00:00;63;1254;2;9689
2025-03-15 04:47:41.106000+00:00;81;1254;1;9689
2025-03-15 04:47:41.106000+00:00;87;1254;19;9689
2025-03-15 05:00:03.471000+00:00;1;1254;4;9689
2025-03-15 05:00:03.471000+00:00;4;1254;11;9689
2025-03-15 05:00:03.471000+00:00;5;1254;12;9689
2025-03-15 05:00:03.471000+00:00;6;1254;14;9689
2025-03-15 05:00:03.471000+00:00;7;1254;16;9689
2025-03-15 05:00:03.471000+00:00;10;1254;13;9689
2025-03-15 05:00:03.471000+00:00;12;1254;6;9689
2025-03-15 05:00:03.471000+00:00;14;1254;18;9689
2025-03-15 05:00:03.471000+00:00;16;1254;5;9689
2025-03-15 05:00:03.471000+00:00;18;1254;15;9689
2025-03-15 05:00:03.471000+00:00;22;1254;10;9689
2025-03-15 05:00:03.471000+00:00;23;1254;8;9689
2025-03-15 05:00:03.471000+00:00;27;1254;17;9689
2025-03-15 05:00:03.471000+00:00;31;1254;1;9689
2025-03-15 05:00:03.471000+00:00;44;1254;9;9689
2025-03-15 05:00:03.471000+00:00;55;1254;7;9689
2025-03-15 05:00:03.471000+00:00;63;1254;3;9689
2025-03-15 05:00:03.471000+00:00;81;1254;2;9689
2025-03-15 05:00:11.094000+00:00;1;1254;5;9689
2025-03-15 05:00:11.094000+00:00;4;1254;12;9689
2025-03-15 05:00:11.094000+00:00;5;1254;13;9689
2025-03-15 05:00:11.094000+00:00;6;1254;15;9689
2025-03-15 05:00:11.094000+00:00;7;1254;17;9689
2025-03-15 05:00:11.094000+00:00;10;1254;14;9689
2025-03-15 05:00:11.094000+00:00;12;1254;7;9689
2025-03-15 05:00:11.094000+00:00;14;1254;19;9689
2025-03-15 05:00:11.094000+00:00;16;1254;6;9689
2025-03-15 05:00:11.094000+00:00;18;1254;16;9689
2025-03-15 05:00:11.094000+00:00;22;1254;11;9689
2025-03-15 05:00:11.094000+00:00;23;1254;9;9689
2025-03-15 05:00:11.094000+00:00;27;1254;18;9689
2025-03-15 05:00:11.094000+00:00;44;1254;10;9689
2025-03-15 05:00:11.094000+00:00;55;1254;8;9689
2025-03-15 05:00:11.094000+00:00;63;1254;4;9689
2025-03-15 05:00:11.094000+00:00;81;1254;3;9689
2025-03-15 05:00:11.094000+00:00;87;1254;2;9689
2025-03-15 05:00:20.317000+00:00;31;1254;2;9689
2025-03-15 05:00:20.317000+00:00;63;1254;1;9689
2025-03-15 05:00:20.317000+00:00;81;1254;4;9689
2025-03-15 05:00:20.317000+00:00;87;1254;3;9689
2025-03-15 05:00:28.784000+00:00;1;1254;6;9689
2025-03-15 05:00:28.784000+00:00;4;1254;13;9689
2025-03-15 05:00:28.784000+00:00;5;1254;14;9689
2025-03-15 05:00:28.784000+00:00;6;1254;16;9689
2025-03-15 05:00:28.784000+00:00;7;1254;2;9689
2025-03-15 05:00:28.784000+00:00;10;1254;15;9689
2025-03-15 05:00:28.784000+00:00;12;1254;8;9689
2025-03-15 05:00:28.784000+00:00;16;1254;7;9689
2025-03-15 05:00:28.784000+00:00;18;1254;17;9689
2025-03-15 05:00:28.784000+00:00;22;1254;12;9689
2025-03-15 05:00:28.784000+00:00;23;1254;10;9689
2025-03-15 05:00:28.784000+00:00;31;1254;3;9689
2025-03-15 05:00:28.784000+00:00;44;1254;11;9689
2025-03-15 05:00:28.784000+00:00;55;1254;9;9689
2025-03-15 05:00:28.784000+00:00;81;1254;5;9689
2025-03-15 05:00:28.784000+00:00;87;1254;4;9689
2025-03-15 05:00:38.159000+00:00;1;1254;7;9689
2025-03-15 05:00:38.159000+00:00;4;1254;14;9689
2025-03-15 05:00:38.159000+00:00;5;1254;15;9689
2025-03-15 05:00:38.159000+00:00;6;1254;17;9689
2025-03-15 05:00:38.159000+00:00;10;1254;16;9689
2025-03-15 05:00:38.159000+00:00;12;1254;9;9689
2025-03-15 05:00:38.159000+00:00;16;1254;8;9689
2025-03-15 05:00:38.159000+00:00;18;1254;18;9689
2025-03-15 05:00:38.159000+00:00;22;1254;13;9689
2025-03-15 05:00:38.159000+00:00;23;1254;11;9689
2025-03-15 05:00:38.159000+00:00;27;1254;3;9689
2025-03-15 05:00:38.159000+00:00;31;1254;4;9689
2025-03-15 05:00:38.159000+00:00;44;1254;12;9689
2025-03-15 05:00:38.159000+00:00;55;1254;10;9689
2025-03-15 05:00:38.159000+00:00;81;1254;6;9689
2025-03-15 05:00:38.159000+00:00;87;1254;5;9689
2025-03-15 05:00:39.954000+00:00;1;1254;8;9689
2025-03-15 05:00:39.954000+00:00;7;1254;3;9689
2025-03-15 05:00:39.954000+00:00;12;1254;10;9689
2025-03-15 05:00:39.954000+00:00;16;1254;9;9689
2025-03-15 05:00:39.954000+00:00;27;1254;4;9689
2025-03-15 05:00:39.954000+00:00;31;1254;5;9689
2025-03-15 05:00:39.954000+00:00;55;1254;2;9689
2025-03-15 05:00:39.954000+00:00;81;1254;7;9689
2025-03-15 05:00:39.954000+00:00;87;1254;6;9689
2025-03-15 05:00:48.258000+00:00;1;1254;9;9689
2025-03-15 05:00:48.258000+00:00;4;1254;15;9689
2025-03-15 05:00:48.258000+00:00;5;1254;3;9689
2025-03-15 05:00:48.258000+00:00;7;1254;4;9689
2025-03-15 05:00:48.258000+00:00;12;1254;11;9689
2025-03-15 05:00:48.258000+00:00;16;1254;10;9689
2025-03-15 05:00:48.258000+00:00;22;1254;14;9689
2025-03-15 05:00:48.258000+00:00;23;1254;12;9689
2025-03-15 05:00:48.258000+00:00;27;1254;5;9689
2025-03-15 05:00:48.258000+00:00;31;1254;6;9689
2025-03-15 05:00:48.258000+00:00;44;1254;13;9689
2025-03-15 05:00:48.258000+00:00;81;1254;8;9689
2025-03-15 05:00:48.258000+00:00;87;1254;7;9689
2025-03-15 05:01:01.593000+00:00;1;1254;10;9689
2025-03-15 05:01:01.593000+00:00;4;1254;16;9689
2025-03-15 05:01:01.593000+00:00;6;1254;18;9689
2025-03-15 05:01:01.593000+00:00;10;1254;17;9689
2025-03-15 05:01:01.593000+00:00;12;1254;12;9689
2025-03-15 05:01:01.593000+00:00;14;1254;6;9689
2025-03-15 05:01:01.593000+00:00;16;1254;11;9689
2025-03-15 05:01:01.593000+00:00;18;1254;19;9689
2025-03-15 05:01:01.593000+00:00;22;1254;15;9689
2025-03-15 05:01:01.593000+00:00;23;1254;13;9689
2025-03-15 05:01:01.593000+00:00;31;1254;7;9689
2025-03-15 05:01:01.593000+00:00;44;1254;14;9689
2025-03-15 05:01:01.593000+00:00;81;1254;9;9689
2025-03-15 05:01:01.593000+00:00;87;1254;8;9689
2025-03-15 05:01:18.897000+00:00;1;1254;11;9689
2025-03-15 05:01:18.897000+00:00;4;1254;17;9689
2025-03-15 05:01:18.897000+00:00;6;1254;19;9689
2025-03-15 05:01:18.897000+00:00;10;1254;18;9689
2025-03-15 05:01:18.897000+00:00;12;1254;13;9689
2025-03-15 05:01:18.897000+00:00;16;1254;12;9689
2025-03-15 05:01:18.897000+00:00;18;1254;20;9689
2025-03-15 05:01:18.897000+00:00;22;1254;16;9689
2025-03-15 05:01:18.897000+00:00;23;1254;14;9689
2025-03-15 05:01:18.897000+00:00;30;1254;9;9689
2025-03-15 05:01:18.897000+00:00;44;1254;15;9689
2025-03-15 05:01:18.897000+00:00;81;1254;10;9689
2025-03-15 05:01:29.919000+00:00;1;1254;12;9689
2025-03-15 05:01:29.919000+00:00;5;1254;4;9689
2025-03-15 05:01:29.919000+00:00;7;1254;5;9689
2025-03-15 05:01:29.919000+00:00;12;1254;14;9689
2025-03-15 05:01:29.919000+00:00;14;1254;7;9689
2025-03-15 05:01:29.919000+00:00;16;1254;13;9689
2025-03-15 05:01:29.919000+00:00;23;1254;3;9689
2025-03-15 05:01:29.919000+00:00;27;1254;6;9689
2025-03-15 05:01:29.919000+00:00;30;1254;10;9689
2025-03-15 05:01:29.919000+00:00;31;1254;8;9689
2025-03-15 05:01:29.919000+00:00;81;1254;11;9689
2025-03-15 05:01:29.919000+00:00;87;1254;9;9689
2025-03-15 05:01:38.804000+00:00;1;1254;13;9689
2025-03-15 05:01:38.804000+00:00;4;1254;18;9689
2025-03-15 05:01:38.804000+00:00;6;1254;20;9689
2025-03-15 05:01:38.804000+00:00;7;1254;6;9689
2025-03-15 05:01:38.804000+00:00;10;1254;19;9689
2025-03-15 05:01:38.804000+00:00;12;1254;15;9689
2025-03-15 05:01:38.804000+00:00;14;1254;8;9689
2025-03-15 05:01:38.804000+00:00;16;1254;14;9689
2025-03-15 05:01:38.804000+00:00;18;1254;5;9689
2025-03-15 05:01:38.804000+00:00;22;1254;17;9689
2025-03-15 05:01:38.804000+00:00;27;1254;7;9689
2025-03-15 05:01:38.804000+00:00;30;1254;11;9689
2025-03-15 05:01:38.804000+00:00;31;1254;9;9689
2025-03-15 05:01:38.804000+00:00;44;1254;16;9689
2025-03-15 05:01:38.804000+00:00;81;1254;12;9689
2025-03-15 05:01:38.804000+00:00;87;1254;10;9689
2025-03-15 05:01:41.035000+00:00;5;1254;5;9689
2025-03-15 05:01:41.035000+00:00;7;1254;7;9689
2025-03-15 05:01:41.035000+00:00;14;1254;9;9689
2025-03-15 05:01:41.035000+00:00;18;1254;6;9689
2025-03-15 05:01:41.035000+00:00;23;1254;4;9689
2025-03-15 05:01:41.035000+00:00;27;1254;8;9689
2025-03-15 05:01:41.035000+00:00;31;1254;1;9689
2025-03-15 05:01:41.035000+00:00;55;1254;3;9689
2025-03-15 05:01:41.035000+00:00;63;1254;2;9689
2025-03-15 05:01:53.049000+00:00;1;1254;14;9689
2025-03-15 05:01:53.049000+00:00;4;1254;19;9689
2025-03-15 05:01:53.049000+00:00;7;1254;8;9689
2025-03-15 05:01:53.049000+00:00;10;1254;6;9689
2025-03-15 05:01:53.049000+00:00;12;1254;16;9689
2025-03-15 05:01:53.049000+00:00;14;1254;10;9689
2025-03-15 05:01:53.049000+00:00;16;1254;15;9689
2025-03-15 05:01:53.049000+00:00;18;1254;7;9689
2025-03-15 05:01:53.049000+00:00;22;1254;18;9689
2025-03-15 05:01:53.049000+00:00;27;1254;9;9689
2025-03-15 05:01:53.049000+00:00;30;1254;12;9689
2025-03-15 05:01:53.049000+00:00;44;1254;17;9689
2025-03-15 05:01:53.049000+00:00;81;1254;13;9689
2025-03-15 05:01:53.049000+00:00;87;1254;11;9689
2025-03-15 05:01:56.682000+00:00;1;1254;15;9689
2025-03-15 05:01:56.682000+00:00;5;1254;6;9689
2025-03-15 05:01:56.682000+00:00;7;1254;9;9689
2025-03-15 05:01:56.682000+00:00;10;1254;7;9689
2025-03-15 05:01:56.682000+00:00;12;1254;3;9689
2025-03-15 05:01:56.682000+00:00;14;1254;11;9689
2025-03-15 05:01:56.682000+00:00;16;1254;16;9689
2025-03-15 05:01:56.682000+00:00;18;1254;8;9689
2025-03-15 05:01:56.682000+00:00;23;1254;5;9689
2025-03-15 05:01:56.682000+00:00;27;1254;10;9689
2025-03-15 05:01:56.682000+00:00;30;1254;13;9689
2025-03-15 05:01:56.682000+00:00;55;1254;4;9689
2025-03-15 05:01:56.682000+00:00;81;1254;14;9689
2025-03-15 05:01:56.682000+00:00;87;1254;12;9689
2025-03-15 05:02:03.487000+00:00;31;1254;2;9689
2025-03-15 05:02:03.487000+00:00;63;1254;1;9689
2025-03-15 05:02:04.134000+00:00;1;1254;16;9689
2025-03-15 05:02:04.134000+00:00;5;1254;7;9689
2025-03-15 05:02:04.134000+00:00;7;1254;10;9689
2025-03-15 05:02:04.134000+00:00;10;1254;8;9689
2025-03-15 05:02:04.134000+00:00;12;1254;4;9689
2025-03-15 05:02:04.134000+00:00;14;1254;12;9689
2025-03-15 05:02:04.134000+00:00;16;1254;3;9689
2025-03-15 05:02:04.134000+00:00;18;1254;9;9689
2025-03-15 05:02:04.134000+00:00;23;1254;6;9689
2025-03-15 05:02:04.134000+00:00;27;1254;11;9689
2025-03-15 05:02:04.134000+00:00;30;1254;14;9689
2025-03-15 05:02:04.134000+00:00;55;1254;5;9689
2025-03-15 05:02:04.134000+00:00;81;1254;15;9689
2025-03-15 05:02:04.134000+00:00;87;1254;13;9689
2025-03-15 05:02:10.783000+00:00;1;1254;17;9689
2025-03-15 05:02:10.783000+00:00;5;1254;8;9689
2025-03-15 05:02:10.783000+00:00;7;1254;11;9689
2025-03-15 05:02:10.783000+00:00;10;1254;9;9689
2025-03-15 05:02:10.783000+00:00;14;1254;13;9689
2025-03-15 05:02:10.783000+00:00;18;1254;10;9689
2025-03-15 05:02:10.783000+00:00;27;1254;12;9689
2025-03-15 05:02:10.783000+00:00;30;1254;15;9689
2025-03-15 05:02:10.783000+00:00;44;1254;7;9689
2025-03-15 05:02:10.783000+00:00;81;1254;16;9689
2025-03-15 05:02:10.783000+00:00;87;1254;14;9689
2025-03-15 05:02:20.111000+00:00;5;1254;9;9689
2025-03-15 05:02:20.111000+00:00;7;1254;2;9689
2025-03-15 05:02:20.111000+00:00;10;1254;10;9689
2025-03-15 05:02:20.111000+00:00;12;1254;5;9689
2025-03-15 05:02:20.111000+00:00;16;1254;4;9689
2025-03-15 05:02:20.111000+00:00;18;1254;11;9689
2025-03-15 05:02:20.111000+00:00;23;1254;7;9689
2025-03-15 05:02:20.111000+00:00;31;1254;3;9689
2025-03-15 05:02:20.111000+00:00;44;1254;8;9689
2025-03-15 05:02:20.111000+00:00;55;1254;6;9689
2025-03-15 05:02:28.119000+00:00;5;1254;10;9689
2025-03-15 05:02:28.119000+00:00;10;1254;11;9689
2025-03-15 05:02:28.119000+00:00;12;1254;6;9689
2025-03-15 05:02:28.119000+00:00;16;1254;5;9689
2025-03-15 05:02:28.119000+00:00;18;1254;12;9689
2025-03-15 05:02:28.119000+00:00;23;1254;8;9689
2025-03-15 05:02:28.119000+00:00;27;1254;3;9689
2025-03-15 05:02:28.119000+00:00;31;1254;4;9689
2025-03-15 05:02:28.119000+00:00;44;1254;9;9689
2025-03-15 05:02:28.119000+00:00;55;1254;7;9689
2025-03-15 05:02:36.443000+00:00;7;1254;3;9689
2025-03-15 05:02:36.443000+00:00;12;1254;7;9689
2025-03-15 05:02:36.443000+00:00;16;1254;6;9689
2025-03-15 05:02:36.443000+00:00;27;1254;4;9689
2025-03-15 05:02:36.443000+00:00;31;1254;5;9689
2025-03-15 05:02:36.443000+00:00;55;1254;2;9689
2025-03-15 05:02:39.666000+00:00;1;1254;18;9689
2025-03-15 05:02:39.666000+00:00;4;1254;10;9689
2025-03-15 05:02:39.666000+00:00;5;1254;11;9689
2025-03-15 05:02:39.666000+00:00;10;1254;12;9689
2025-03-15 05:02:39.666000+00:00;14;1254;14;9689
2025-03-15 05:02:39.666000+00:00;18;1254;13;9689
2025-03-15 05:02:39.666000+00:00;22;1254;19;9689
2025-03-15 05:02:39.666000+00:00;30;1254;16;9689
2025-03-15 05:02:39.666000+00:00;81;1254;17;9689
2025-03-15 05:02:39.666000+00:00;87;1254;15;9689
2025-03-15 05:02:41.927000+00:00;4;1254;11;9689
2025-03-15 05:02:41.927000+00:00;5;1254;3;9689
2025-03-15 05:02:41.927000+00:00;7;1254;4;9689
2025-03-15 05:02:41.927000+00:00;12;1254;8;9689
2025-03-15 05:02:41.927000+00:00;16;1254;7;9689
2025-03-15 05:02:41.927000+00:00;23;1254;9;9689
2025-03-15 05:02:41.927000+00:00;27;1254;5;9689
2025-03-15 05:02:41.927000+00:00;31;1254;6;9689
2025-03-15 05:02:41.927000+00:00;44;1254;10;9689
2025-03-15 05:02:49.459000+00:00;4;1254;12;9689
2025-03-15 05:02:49.459000+00:00;10;1254;13;9689
2025-03-15 05:02:49.459000+00:00;12;1254;9;9689
2025-03-15 05:02:49.459000+00:00;14;1254;6;9689
2025-03-15 05:02:49.459000+00:00;16;1254;8;9689
2025-03-15 05:02:49.459000+00:00;18;1254;14;9689
2025-03-15 05:02:49.459000+00:00;23;1254;10;9689
2025-03-15 05:02:49.459000+00:00;31;1254;7;9689
2025-03-15 05:02:49.459000+00:00;44;1254;11;9689
2025-03-15 05:02:58.653000+00:00;5;1254;4;9689
2025-03-15 05:02:58.653000+00:00;7;1254;5;9689
2025-03-15 05:02:58.653000+00:00;14;1254;7;9689
2025-03-15 05:02:58.653000+00:00;27;1254;6;9689
2025-03-15 05:02:58.653000+00:00;31;1254;1;9689
2025-03-15 05:02:58.653000+00:00;55;1254;3;9689
2025-03-15 05:02:58.653000+00:00;63;1254;2;9689
2025-03-15 05:03:04.703000+00:00;4;1254;13;9689
2025-03-15 05:03:04.703000+00:00;10;1254;14;9689
2025-03-15 05:03:04.703000+00:00;12;1254;10;9689
2025-03-15 05:03:04.703000+00:00;16;1254;9;9689
2025-03-15 05:03:04.703000+00:00;18;1254;15;9689
2025-03-15 05:03:04.703000+00:00;23;1254;11;9689
2025-03-15 05:03:04.703000+00:00;30;1254;8;9689
2025-03-15 05:03:04.703000+00:00;44;1254;12;9689
2025-03-15 05:03:04.703000+00:00;87;1254;16;9689
2025-03-15 05:03:10.960000+00:00;5;1254;5;9689
2025-03-15 05:03:10.960000+00:00;7;1254;6;9689
2025-03-15 05:03:10.960000+00:00;12;1254;11;9689
2025-03-15 05:03:10.960000+00:00;14;1254;8;9689
2025-03-15 05:03:10.960000+00:00;16;1254;10;9689
2025-03-15 05:03:10.960000+00:00;23;1254;4;9689
2025-03-15 05:03:10.960000+00:00;27;1254;7;9689
2025-03-15 05:03:10.960000+00:00;30;1254;9;9689
2025-03-15 05:03:18.056000+00:00;4;1254;14;9689
2025-03-15 05:03:18.056000+00:00;7;1254;7;9689
2025-03-15 05:03:18.056000+00:00;10;1254;15;9689
2025-03-15 05:03:18.056000+00:00;12;1254;12;9689
2025-03-15 05:03:18.056000+00:00;14;1254;9;9689
2025-03-15 05:03:18.056000+00:00;16;1254;11;9689
2025-03-15 05:03:18.056000+00:00;18;1254;6;9689
2025-03-15 05:03:18.056000+00:00;27;1254;8;9689
2025-03-15 05:03:18.056000+00:00;30;1254;10;9689
2025-03-15 05:03:18.056000+00:00;44;1254;13;9689
2025-03-15 05:03:20.799000+00:00;31;1254;2;9689
2025-03-15 05:03:20.799000+00:00;63;1254;1;9689
2025-03-15 05:03:23.440000+00:00;4;1254;15;9689
2025-03-15 05:03:23.440000+00:00;10;1254;16;9689
2025-03-15 05:03:23.440000+00:00;12;1254;13;9689
2025-03-15 05:03:23.440000+00:00;16;1254;12;9689
2025-03-15 05:03:23.440000+00:00;44;1254;14;9689
2025-03-15 05:03:23.440000+00:00;81;1254;11;9689
2025-03-15 05:03:23.440000+00:00;87;1254;17;9689
2025-03-15 05:03:33.038000+00:00;4;1254;16;9689
2025-03-15 05:03:33.038000+00:00;7;1254;8;9689
2025-03-15 05:03:33.038000+00:00;10;1254;6;9689
2025-03-15 05:03:33.038000+00:00;12;1254;14;9689
2025-03-15 05:03:33.038000+00:00;14;1254;10;9689
2025-03-15 05:03:33.038000+00:00;16;1254;13;9689
2025-03-15 05:03:33.038000+00:00;18;1254;7;9689
2025-03-15 05:03:33.038000+00:00;27;1254;9;9689
2025-03-15 05:03:33.038000+00:00;30;1254;11;9689
2025-03-15 05:03:33.038000+00:00;44;1254;15;9689
2025-03-15 05:03:33.038000+00:00;81;1254;12;9689
2025-03-15 05:03:37.258000+00:00;5;1254;6;9689
2025-03-15 05:03:37.258000+00:00;7;1254;1;9689
2025-03-15 05:03:37.258000+00:00;10;1254;7;9689
2025-03-15 05:03:37.258000+00:00;18;1254;8;9689
2025-03-15 05:03:37.258000+00:00;23;1254;5;9689
2025-03-15 05:03:37.258000+00:00;31;1254;3;9689
2025-03-15 05:03:37.258000+00:00;55;1254;4;9689
2025-03-15 05:03:37.258000+00:00;63;1254;2;9689
2025-03-15 05:03:45.153000+00:00;5;1254;7;9689
2025-03-15 05:03:45.153000+00:00;7;1254;2;9689
2025-03-15 05:03:45.153000+00:00;10;1254;8;9689
2025-03-15 05:03:45.153000+00:00;18;1254;9;9689
2025-03-15 05:03:45.153000+00:00;23;1254;6;9689
2025-03-15 05:03:45.153000+00:00;27;1254;1;9689
2025-03-15 05:03:45.153000+00:00;31;1254;4;9689
2025-03-15 05:03:45.153000+00:00;55;1254;5;9689
2025-03-15 05:03:45.153000+00:00;63;1254;3;9689
2025-03-15 05:03:52.138000+00:00;5;1254;8;9689
2025-03-15 05:03:52.138000+00:00;10;1254;9;9689
2025-03-15 05:03:52.138000+00:00;12;1254;5;9689
2025-03-15 05:03:52.138000+00:00;14;1254;11;9689
2025-03-15 05:03:52.138000+00:00;16;1254;14;9689
2025-03-15 05:03:52.138000+00:00;18;1254;10;9689
2025-03-15 05:03:52.138000+00:00;23;1254;7;9689
2025-03-15 05:03:52.138000+00:00;30;1254;12;9689
2025-03-15 05:03:52.138000+00:00;55;1254;6;9689
2025-03-15 05:03:52.138000+00:00;81;1254;13;9689
2025-03-15 05:03:54.121000+00:00;12;1254;6;9689
2025-03-15 05:03:54.121000+00:00;55;1254;5;9689
2025-03-15 05:04:02.185000+00:00;5;1254;9;9689
2025-03-15 05:04:02.185000+00:00;10;1254;10;9689
2025-03-15 05:04:02.185000+00:00;12;1254;7;9689
2025-03-15 05:04:02.185000+00:00;14;1254;12;9689
2025-03-15 05:04:02.185000+00:00;16;1254;6;9689
2025-03-15 05:04:02.185000+00:00;18;1254;11;9689
2025-03-15 05:04:02.185000+00:00;23;1254;8;9689
2025-03-15 05:04:02.185000+00:00;30;1254;13;9689
2025-03-15 05:04:02.185000+00:00;81;1254;14;9689
2025-03-15 05:04:06.177000+00:00;5;1254;10;9689
2025-03-15 05:04:06.177000+00:00;7;1254;3;9689
2025-03-15 05:04:06.177000+00:00;10;1254;11;9689
2025-03-15 05:04:06.177000+00:00;12;1254;8;9689
2025-03-15 05:04:06.177000+00:00;14;1254;1;9689
2025-03-15 05:04:06.177000+00:00;16;1254;7;9689
2025-03-15 05:04:06.177000+00:00;18;1254;12;9689
2025-03-15 05:04:06.177000+00:00;23;1254;9;9689
2025-03-15 05:04:06.177000+00:00;27;1254;2;9689
2025-03-15 05:04:06.177000+00:00;31;1254;5;9689
2025-03-15 05:04:06.177000+00:00;55;1254;6;9689
2025-03-15 05:04:06.177000+00:00;63;1254;4;9689
2025-03-15 05:04:13.200000+00:00;5;1254;11;9689
2025-03-15 05:04:13.200000+00:00;10;1254;12;9689
2025-03-15 05:04:13.200000+00:00;18;1254;13;9689
2025-03-15 05:04:13.200000+00:00;30;1254;14;9689
2025-03-15 05:04:13.200000+00:00;44;1254;10;9689
2025-03-15 05:04:13.200000+00:00;81;1254;15;9689
2025-03-15 05:04:18.324000+00:00;1;1254;16;9689
2025-03-15 05:04:18.324000+00:00;4;1254;17;9689
2025-03-15 05:04:18.324000+00:00;87;1254;18;9689
2025-03-15 05:04:21.854000+00:00;5;1254;12;9689
2025-03-15 05:04:21.854000+00:00;10;1254;13;9689
2025-03-15 05:04:21.854000+00:00;12;1254;9;9689
2025-03-15 05:04:21.854000+00:00;16;1254;8;9689
2025-03-15 05:04:21.854000+00:00;18;1254;14;9689
2025-03-15 05:04:21.854000+00:00;23;1254;10;9689
2025-03-15 05:04:21.854000+00:00;30;1254;4;9689
2025-03-15 05:04:21.854000+00:00;31;1254;6;9689
2025-03-15 05:04:21.854000+00:00;44;1254;11;9689
2025-03-15 05:04:21.854000+00:00;55;1254;7;9689
2025-03-15 05:04:21.854000+00:00;63;1254;5;9689
2025-03-15 05:04:26.041000+00:00;1;1254;17;9689
2025-03-15 05:04:26.041000+00:00;4;1254;12;9689
2025-03-15 05:04:26.041000+00:00;5;1254;13;9689
2025-03-15 05:04:26.041000+00:00;10;1254;14;9689
2025-03-15 05:04:26.041000+00:00;18;1254;15;9689
2025-03-15 05:04:26.041000+00:00;81;1254;16;9689
2025-03-15 05:04:27.890000+00:00;7;1254;4;9689
2025-03-15 05:04:27.890000+00:00;12;1254;10;9689
2025-03-15 05:04:27.890000+00:00;16;1254;9;9689
2025-03-15 05:04:27.890000+00:00;23;1254;3;9689
2025-03-15 05:04:27.890000+00:00;30;1254;5;9689
2025-03-15 05:04:27.890000+00:00;31;1254;7;9689
2025-03-15 05:04:27.890000+00:00;55;1254;8;9689
2025-03-15 05:04:27.890000+00:00;63;1254;6;9689
2025-03-15 05:04:34.988000+00:00;4;1254;13;9689
2025-03-15 05:04:34.988000+00:00;5;1254;14;9689
2025-03-15 05:04:34.988000+00:00;7;1254;5;9689
2025-03-15 05:04:34.988000+00:00;10;1254;15;9689
2025-03-15 05:04:34.988000+00:00;12;1254;11;9689
2025-03-15 05:04:34.988000+00:00;16;1254;10;9689
2025-03-15 05:04:34.988000+00:00;18;1254;3;9689
2025-03-15 05:04:34.988000+00:00;23;1254;4;9689
2025-03-15 05:04:34.988000+00:00;30;1254;6;9689
2025-03-15 05:04:34.988000+00:00;31;1254;8;9689
2025-03-15 05:04:34.988000+00:00;44;1254;12;9689
2025-03-15 05:04:34.988000+00:00;55;1254;9;9689
2025-03-15 05:04:34.988000+00:00;63;1254;7;9689
2025-03-15 05:04:49.848000+00:00;4;1254;14;9689
2025-03-15 05:04:49.848000+00:00;5;1254;15;9689
2025-03-15 05:04:49.848000+00:00;7;1254;6;9689
2025-03-15 05:04:49.848000+00:00;10;1254;2;9689
2025-03-15 05:04:49.848000+00:00;12;1254;12;9689
2025-03-15 05:04:49.848000+00:00;16;1254;11;9689
2025-03-15 05:04:49.848000+00:00;18;1254;4;9689
2025-03-15 05:04:49.848000+00:00;23;1254;5;9689
2025-03-15 05:04:49.848000+00:00;27;1254;3;9689
2025-03-15 05:04:49.848000+00:00;30;1254;7;9689
2025-03-15 05:04:49.848000+00:00;31;1254;9;9689
2025-03-15 05:04:49.848000+00:00;44;1254;13;9689
2025-03-15 05:04:49.848000+00:00;55;1254;10;9689
2025-03-15 05:04:49.848000+00:00;63;1254;8;9689
2025-03-15 05:05:07.673000+00:00;4;1254;15;9689
2025-03-15 05:05:07.673000+00:00;5;1254;16;9689
2025-03-15 05:05:07.673000+00:00;12;1254;13;9689
2025-03-15 05:05:07.673000+00:00;16;1254;12;9689
2025-03-15 05:05:07.673000+00:00;44;1254;14;9689
2025-03-15 05:05:07.673000+00:00;81;1254;11;9689
2025-03-15 05:05:09.638000+00:00;12;1254;9;9689
2025-03-15 05:05:09.638000+00:00;16;1254;13;9689
2025-03-15 05:05:09.638000+00:00;31;1254;10;9689
2025-03-15 05:05:09.638000+00:00;55;1254;11;9689
2025-03-15 05:05:09.638000+00:00;81;1254;12;9689
2025-03-15 05:05:18.825000+00:00;7;1254;7;9689
2025-03-15 05:05:18.825000+00:00;10;1254;3;9689
2025-03-15 05:05:18.825000+00:00;12;1254;10;9689
2025-03-15 05:05:18.825000+00:00;14;1254;2;9689
2025-03-15 05:05:18.825000+00:00;16;1254;1;9689
2025-03-15 05:05:18.825000+00:00;18;1254;5;9689
2025-03-15 05:05:18.825000+00:00;23;1254;6;9689
2025-03-15 05:05:18.825000+00:00;27;1254;4;9689
2025-03-15 05:05:18.825000+00:00;30;1254;8;9689
2025-03-15 05:05:18.825000+00:00;31;1254;11;9689
2025-03-15 05:05:18.825000+00:00;55;1254;12;9689
2025-03-15 05:05:18.825000+00:00;63;1254;9;9689
2025-03-15 05:05:18.825000+00:00;81;1254;13;9689
2025-03-15 05:05:29.863000+00:00;7;1254;8;9689
2025-03-15 05:05:29.863000+00:00;10;1254;4;9689
2025-03-15 05:05:29.863000+00:00;12;1254;11;9689
2025-03-15 05:05:29.863000+00:00;18;1254;6;9689
2025-03-15 05:05:29.863000+00:00;23;1254;7;9689
2025-03-15 05:05:29.863000+00:00;27;1254;5;9689
2025-03-15 05:05:29.863000+00:00;30;1254;9;9689
2025-03-15 05:05:29.863000+00:00;31;1254;12;9689
2025-03-15 05:05:29.863000+00:00;44;1254;3;9689
2025-03-15 05:05:29.863000+00:00;55;1254;13;9689
2025-03-15 05:05:29.863000+00:00;63;1254;10;9689
2025-03-15 05:05:29.863000+00:00;81;1254;14;9689
2025-03-15 05:05:42.149000+00:00;4;1254;1;9689
2025-03-15 05:05:42.149000+00:00;7;1254;9;9689
2025-03-15 05:05:42.149000+00:00;10;1254;5;9689
2025-03-15 05:05:42.149000+00:00;12;1254;12;9689
2025-03-15 05:05:42.149000+00:00;14;1254;3;9689
2025-03-15 05:05:42.149000+00:00;16;1254;2;9689
2025-03-15 05:05:42.149000+00:00;18;1254;7;9689
2025-03-15 05:05:42.149000+00:00;23;1254;8;9689
2025-03-15 05:05:42.149000+00:00;27;1254;6;9689
2025-03-15 05:05:42.149000+00:00;30;1254;10;9689
2025-03-15 05:05:42.149000+00:00;31;1254;13;9689
2025-03-15 05:05:42.149000+00:00;44;1254;4;9689
2025-03-15 05:05:42.149000+00:00;55;1254;14;9689
2025-03-15 05:05:42.149000+00:00;63;1254;11;9689
2025-03-15 05:05:42.149000+00:00;81;1254;15;9689
2025-03-15 05:05:55.056000+00:00;1;1254;16;9689
2025-03-15 05:05:55.056000+00:00;5;1254;17;9689
2025-03-15 05:06:11.792000+00:00;6;1254;18;9689
2025-03-15 05:06:11.792000+00:00;22;1254;20;9689
2025-03-15 05:06:11.792000+00:00;87;1254;19;9689
2025-03-15 05:06:22.327000+00:00;6;1254;19;9689
2025-03-15 05:06:22.327000+00:00;22;1254;18;9689
2025-03-15 05:06:22.327000+00:00;87;1254;20;9689
2025-03-15 05:06:23.924000+00:00;7;1254;10;9689
2025-03-15 05:06:23.924000+00:00;10;1254;6;9689
2025-03-15 05:06:23.924000+00:00;12;1254;13;9689
2025-03-15 05:06:23.924000+00:00;14;1254;4;9689
2025-03-15 05:06:23.924000+00:00;16;1254;3;9689
2025-03-15 05:06:23.924000+00:00;18;1254;8;9689
2025-03-15 05:06:23.924000+00:00;23;1254;9;9689
2025-03-15 05:06:23.924000+00:00;27;1254;7;9689
2025-03-15 05:06:23.924000+00:00;30;1254;11;9689
2025-03-15 05:06:23.924000+00:00;31;1254;14;9689
2025-03-15 05:06:23.924000+00:00;44;1254;5;9689
2025-03-15 05:06:23.924000+00:00;55;1254;15;9689
2025-03-15 05:06:23.924000+00:00;63;1254;12;9689
2025-03-15 05:06:23.924000+00:00;81;1254;2;9689
2025-03-15 05:07:11.022000+00:00;1;1254;2;9689
2025-03-15 05:07:11.022000+00:00;7;1254;11;9689
2025-03-15 05:07:11.022000+00:00;10;1254;7;9689
2025-03-15 05:07:11.022000+00:00;12;1254;14;9689
2025-03-15 05:07:11.022000+00:00;14;1254;5;9689
2025-03-15 05:07:11.022000+00:00;16;1254;4;9689
2025-03-15 05:07:11.022000+00:00;18;1254;9;9689
2025-03-15 05:07:11.022000+00:00;23;1254;10;9689
2025-03-15 05:07:11.022000+00:00;27;1254;8;9689
2025-03-15 05:07:11.022000+00:00;30;1254;12;9689
2025-03-15 05:07:11.022000+00:00;31;1254;15;9689
2025-03-15 05:07:11.022000+00:00;44;1254;6;9689
2025-03-15 05:07:11.022000+00:00;55;1254;16;9689
2025-03-15 05:07:11.022000+00:00;63;1254;13;9689
2025-03-15 05:07:11.022000+00:00;81;1254;3;9689
2025-03-15 05:07:43.042000+00:00;5;1254;7;9689
2025-03-15 05:07:43.042000+00:00;7;1254;12;9689
2025-03-15 05:07:43.042000+00:00;10;1254;8;9689
2025-03-15 05:07:43.042000+00:00;12;1254;15;9689
2025-03-15 05:07:43.042000+00:00;18;1254;10;9689
2025-03-15 05:07:43.042000+00:00;23;1254;11;9689
2025-03-15 05:07:43.042000+00:00;27;1254;9;9689
2025-03-15 05:07:43.042000+00:00;30;1254;13;9689
2025-03-15 05:07:43.042000+00:00;31;1254;16;9689
2025-03-15 05:07:43.042000+00:00;55;1254;17;9689
2025-03-15 05:07:43.042000+00:00;63;1254;14;9689
2025-03-15 05:08:04.387000+00:00;6;1254;18;9689
2025-03-15 05:08:04.387000+00:00;22;1254;19;9689
2025-03-15 05:08:21.141000+00:00;6;1254;19;9689
2025-03-15 05:08:21.141000+00:00;22;1254;18;9689
2025-03-15 05:08:22.964000+00:00;5;1254;8;9689
2025-03-15 05:08:22.964000+00:00;7;1254;6;9689
2025-03-15 05:08:22.964000+00:00;10;1254;9;9689
2025-03-15 05:08:22.964000+00:00;18;1254;11;9689
2025-03-15 05:08:22.964000+00:00;23;1254;12;9689
2025-03-15 05:08:22.964000+00:00;27;1254;10;9689
2025-03-15 05:08:22.964000+00:00;44;1254;7;9689
2025-03-15 05:08:57.310000+00:00;5;1254;9;9689
2025-03-15 05:08:57.310000+00:00;7;1254;7;9689
2025-03-15 05:08:57.310000+00:00;10;1254;10;9689
2025-03-15 05:08:57.310000+00:00;12;1254;16;9689
2025-03-15 05:08:57.310000+00:00;14;1254;6;9689
2025-03-15 05:08:57.310000+00:00;16;1254;5;9689
2025-03-15 05:08:57.310000+00:00;18;1254;12;9689
2025-03-15 05:08:57.310000+00:00;23;1254;13;9689
2025-03-15 05:08:57.310000+00:00;27;1254;11;9689
2025-03-15 05:08:57.310000+00:00;30;1254;14;9689
2025-03-15 05:08:57.310000+00:00;31;1254;17;9689
2025-03-15 05:08:57.310000+00:00;44;1254;8;9689
2025-03-15 05:08:57.310000+00:00;55;1254;4;9689
2025-03-15 05:08:57.310000+00:00;63;1254;15;9689
2025-03-15 05:09:13.508000+00:00;5;1254;10;9689
2025-03-15 05:09:13.508000+00:00;7;1254;8;9689
2025-03-15 05:09:13.508000+00:00;10;1254;11;9689
2025-03-15 05:09:13.508000+00:00;18;1254;13;9689
2025-03-15 05:09:13.508000+00:00;23;1254;7;9689
2025-03-15 05:09:13.508000+00:00;27;1254;12;9689
2025-03-15 05:09:13.508000+00:00;44;1254;9;9689
2025-03-15 05:09:21.266000+00:00;5;1254;11;9689
2025-03-15 05:09:21.266000+00:00;6;1254;8;9689
2025-03-15 05:09:21.266000+00:00;7;1254;9;9689
2025-03-15 05:09:21.266000+00:00;10;1254;12;9689
2025-03-15 05:09:21.266000+00:00;12;1254;17;9689
2025-03-15 05:09:21.266000+00:00;18;1254;14;9689
2025-03-15 05:09:21.266000+00:00;22;1254;19;9689
2025-03-15 05:09:21.266000+00:00;27;1254;13;9689
2025-03-15 05:09:21.266000+00:00;30;1254;15;9689
2025-03-15 05:09:21.266000+00:00;31;1254;18;9689
2025-03-15 05:09:21.266000+00:00;44;1254;10;9689
2025-03-15 05:09:21.266000+00:00;63;1254;16;9689
2025-03-15 05:09:28.875000+00:00;5;1254;12;9689
2025-03-15 05:09:28.875000+00:00;6;1254;9;9689
2025-03-15 05:09:28.875000+00:00;7;1254;10;9689
2025-03-15 05:09:28.875000+00:00;10;1254;13;9689
2025-03-15 05:09:28.875000+00:00;14;1254;7;9689
2025-03-15 05:09:28.875000+00:00;16;1254;6;9689
2025-03-15 05:09:28.875000+00:00;18;1254;15;9689
2025-03-15 05:09:28.875000+00:00;23;1254;8;9689
2025-03-15 05:09:28.875000+00:00;27;1254;14;9689
2025-03-15 05:09:28.875000+00:00;30;1254;16;9689
2025-03-15 05:09:28.875000+00:00;44;1254;11;9689
2025-03-15 05:09:28.875000+00:00;55;1254;5;9689
2025-03-15 05:09:28.875000+00:00;63;1254;4;9689
2025-03-15 05:09:38.066000+00:00;5;1254;13;9689
2025-03-15 05:09:38.066000+00:00;10;1254;14;9689
2025-03-15 05:09:38.066000+00:00;12;1254;18;9689
2025-03-15 05:09:38.066000+00:00;18;1254;16;9689
2025-03-15 05:09:38.066000+00:00;22;1254;12;9689
2025-03-15 05:09:38.066000+00:00;27;1254;15;9689
2025-03-15 05:09:38.066000+00:00;30;1254;17;9689
2025-03-15 05:09:38.066000+00:00;31;1254;19;9689
2025-03-15 05:09:57.023000+00:00;12;1254;19;9689
2025-03-15 05:09:57.023000+00:00;31;1254;18;9689
2025-03-15 05:10:23.515000+00:00;16;1254;3;9689
2025-03-15 05:10:23.515000+00:00;55;1254;6;9689
2025-03-15 05:10:23.515000+00:00;63;1254;5;9689
2025-03-15 05:10:23.515000+00:00;81;1254;4;9689
2025-03-15 05:10:28.371000+00:00;14;1254;5;9689
2025-03-15 05:10:28.371000+00:00;55;1254;7;9689
2025-03-15 05:10:28.371000+00:00;63;1254;6;9689
2025-03-15 05:10:40.242000+00:00;5;1254;14;9689
2025-03-15 05:10:40.242000+00:00;6;1254;10;9689
2025-03-15 05:10:40.242000+00:00;7;1254;11;9689
2025-03-15 05:10:40.242000+00:00;10;1254;15;9689
2025-03-15 05:10:40.242000+00:00;18;1254;9;9689
2025-03-15 05:10:40.242000+00:00;22;1254;13;9689
2025-03-15 05:10:40.242000+00:00;27;1254;16;9689
2025-03-15 05:10:40.242000+00:00;44;1254;12;9689
2025-03-15 05:11:04.617000+00:00;6;1254;11;9689
2025-03-15 05:11:04.617000+00:00;7;1254;12;9689
2025-03-15 05:11:04.617000+00:00;18;1254;10;9689
2025-03-15 05:11:04.617000+00:00;23;1254;9;9689
2025-03-15 05:11:04.617000+00:00;44;1254;7;9689
2025-03-15 05:11:04.617000+00:00;55;1254;8;9689
2025-03-15 05:12:28.564000+00:00;5;1254;15;9689
2025-03-15 05:12:28.564000+00:00;10;1254;16;9689
2025-03-15 05:12:28.564000+00:00;12;1254;14;9689
2025-03-15 05:12:28.564000+00:00;27;1254;17;9689
2025-03-15 05:12:28.564000+00:00;30;1254;18;9689
2025-03-15 05:12:28.564000+00:00;31;1254;19;9689
2025-03-15 05:15:25.366000+00:00;44;1254;8;9689
2025-03-15 05:15:25.366000+00:00;55;1254;7;9689
2025-03-15 05:16:38.382000+00:00;1;1254;3;9689
2025-03-15 05:16:38.382000+00:00;14;1254;6;9689
2025-03-15 05:16:38.382000+00:00;16;1254;4;9689
2025-03-15 05:16:38.382000+00:00;63;1254;2;9689
2025-03-15 05:16:38.382000+00:00;81;1254;5;9689
2025-03-15 05:17:02.749000+00:00;6;1254;12;9689
2025-03-15 05:17:02.749000+00:00;7;1254;13;9689
2025-03-15 05:17:02.749000+00:00;14;1254;7;9689
2025-03-15 05:17:02.749000+00:00;18;1254;11;9689
2025-03-15 05:17:02.749000+00:00;22;1254;6;9689
2025-03-15 05:17:02.749000+00:00;23;1254;10;9689
2025-03-15 05:17:02.749000+00:00;44;1254;9;9689
2025-03-15 05:17:02.749000+00:00;55;1254;8;9689
2025-03-15 05:17:16.664000+00:00;6;1254;13;9689
2025-03-15 05:17:16.664000+00:00;7;1254;14;9689
2025-03-15 05:17:16.664000+00:00;12;1254;10;9689
2025-03-15 05:17:16.664000+00:00;18;1254;12;9689
2025-03-15 05:17:16.664000+00:00;23;1254;11;9689
2025-03-15 05:17:23.744000+00:00;5;1254;16;9689
2025-03-15 05:17:23.744000+00:00;6;1254;14;9689
2025-03-15 05:17:23.744000+00:00;7;1254;15;9689
2025-03-15 05:17:23.744000+00:00;10;1254;8;9689
2025-03-15 05:17:23.744000+00:00;12;1254;11;9689
2025-03-15 05:17:23.744000+00:00;18;1254;13;9689
2025-03-15 05:17:23.744000+00:00;23;1254;12;9689
2025-03-15 05:17:23.744000+00:00;44;1254;10;9689
2025-03-15 05:17:23.744000+00:00;55;1254;9;9689
2025-03-15 05:17:37.559000+00:00;6;1254;9;9689
2025-03-15 05:17:37.559000+00:00;12;1254;12;9689
2025-03-15 05:17:37.559000+00:00;18;1254;14;9689
2025-03-15 05:17:37.559000+00:00;23;1254;13;9689
2025-03-15 05:17:37.559000+00:00;44;1254;11;9689
2025-03-15 05:17:37.559000+00:00;55;1254;10;9689
2025-03-15 05:17:48.775000+00:00;6;1254;10;9689
2025-03-15 05:17:48.775000+00:00;7;1254;8;9689
2025-03-15 05:17:48.775000+00:00;10;1254;9;9689
2025-03-15 05:17:48.775000+00:00;12;1254;13;9689
2025-03-15 05:17:48.775000+00:00;18;1254;15;9689
2025-03-15 05:17:48.775000+00:00;23;1254;14;9689
2025-03-15 05:17:48.775000+00:00;44;1254;12;9689
2025-03-15 05:17:48.775000+00:00;55;1254;11;9689
2025-03-15 05:18:09.124000+00:00;6;1254;11;9689
2025-03-15 05:18:09.124000+00:00;7;1254;9;9689
2025-03-15 05:18:09.124000+00:00;10;1254;10;9689
2025-03-15 05:18:09.124000+00:00;12;1254;14;9689
2025-03-15 05:18:09.124000+00:00;14;1254;8;9689
2025-03-15 05:18:09.124000+00:00;23;1254;7;9689
2025-03-15 05:18:09.124000+00:00;44;1254;13;9689
2025-03-15 05:18:09.124000+00:00;55;1254;12;9689
2025-03-15 05:18:15.108000+00:00;12;1254;15;9689
2025-03-15 05:18:15.108000+00:00;18;1254;13;9689
2025-03-15 05:18:15.108000+00:00;44;1254;14;9689
2025-03-15 05:18:34.029000+00:00;6;1254;12;9689
2025-03-15 05:18:34.029000+00:00;7;1254;10;9689
2025-03-15 05:18:34.029000+00:00;10;1254;11;9689
2025-03-15 05:18:34.029000+00:00;14;1254;9;9689
2025-03-15 05:18:34.029000+00:00;18;1254;14;9689
2025-03-15 05:18:34.029000+00:00;22;1254;7;9689
2025-03-15 05:18:34.029000+00:00;23;1254;8;9689
2025-03-15 05:18:34.029000+00:00;44;1254;6;9689
2025-03-15 05:18:34.029000+00:00;55;1254;13;9689
2025-03-15 05:18:49.349000+00:00;5;1254;17;9689
2025-03-15 05:18:49.349000+00:00;27;1254;16;9689
2025-03-15 05:19:03.113000+00:00;5;1254;15;9689
2025-03-15 05:19:03.113000+00:00;12;1254;16;9689
2025-03-15 05:19:03.113000+00:00;27;1254;17;9689
2025-03-15 05:25:04.485000+00:00;1;1254;1;9689
2025-03-15 05:25:04.485000+00:00;4;1254;2;9689
2025-03-15 05:25:04.485000+00:00;63;1254;3;9689
2025-03-15 05:25:09.411000+00:00;4;1254;3;9689
2025-03-15 05:25:09.411000+00:00;16;1254;2;9689
2025-03-15 05:25:09.411000+00:00;63;1254;4;9689
2025-03-15 05:25:16.457000+00:00;4;1254;4;9689
2025-03-15 05:25:16.457000+00:00;44;1254;3;9689
2025-03-15 05:25:16.457000+00:00;63;1254;5;9689
2025-03-15 05:25:16.457000+00:00;81;1254;6;9689
2025-03-15 05:25:56.505000+00:00;1;1254;2;9689
2025-03-15 05:25:56.505000+00:00;4;1254;5;9689
2025-03-15 05:25:56.505000+00:00;16;1254;3;9689
2025-03-15 05:25:56.505000+00:00;44;1254;4;9689
2025-03-15 05:25:56.505000+00:00;63;1254;1;9689
2025-03-15 05:26:11.252000+00:00;4;1254;6;9689
2025-03-15 05:26:11.252000+00:00;6;1254;13;9689
2025-03-15 05:26:11.252000+00:00;7;1254;11;9689
2025-03-15 05:26:11.252000+00:00;10;1254;12;9689
2025-03-15 05:26:11.252000+00:00;14;1254;10;9689
2025-03-15 05:26:11.252000+00:00;22;1254;8;9689
2025-03-15 05:26:11.252000+00:00;23;1254;9;9689
2025-03-15 05:26:11.252000+00:00;55;1254;5;9689
2025-03-15 05:26:11.252000+00:00;81;1254;7;9689
2025-03-15 05:26:16.609000+00:00;4;1254;7;9689
2025-03-15 05:26:16.609000+00:00;22;1254;9;9689
2025-03-15 05:26:16.609000+00:00;23;1254;5;9689
2025-03-15 05:26:16.609000+00:00;55;1254;6;9689
2025-03-15 05:26:16.609000+00:00;81;1254;8;9689
2025-03-15 05:26:22.638000+00:00;4;1254;8;9689
2025-03-15 05:26:22.638000+00:00;23;1254;6;9689
2025-03-15 05:26:22.638000+00:00;44;1254;5;9689
2025-03-15 05:26:22.638000+00:00;55;1254;7;9689
2025-03-15 05:26:22.638000+00:00;81;1254;4;9689
2025-03-15 05:26:37.467000+00:00;1;1254;3;9689
2025-03-15 05:26:37.467000+00:00;4;1254;1;9689
2025-03-15 05:26:37.467000+00:00;16;1254;4;9689
2025-03-15 05:26:37.467000+00:00;23;1254;7;9689
2025-03-15 05:26:37.467000+00:00;44;1254;6;9689
2025-03-15 05:26:37.467000+00:00;55;1254;8;9689
2025-03-15 05:26:37.467000+00:00;63;1254;2;9689
2025-03-15 05:26:37.467000+00:00;81;1254;5;9689
2025-03-15 05:26:40.499000+00:00;1;1254;1;9689
2025-03-15 05:26:40.499000+00:00;4;1254;2;9689
2025-03-15 05:26:40.499000+00:00;63;1254;3;9689
2025-03-15 05:26:51.251000+00:00;4;1254;3;9689
2025-03-15 05:26:51.251000+00:00;16;1254;2;9689
2025-03-15 05:26:51.251000+00:00;63;1254;4;9689
2025-03-15 05:27:05.195000+00:00;14;1254;8;9689
2025-03-15 05:27:05.195000+00:00;22;1254;10;9689
2025-03-15 05:27:05.195000+00:00;55;1254;9;9689
2025-03-15 05:27:12.320000+00:00;4;1254;4;9689
2025-03-15 05:27:12.320000+00:00;44;1254;3;9689
2025-03-15 05:27:12.320000+00:00;63;1254;5;9689
2025-03-15 05:27:12.320000+00:00;81;1254;6;9689
2025-03-15 05:27:16.376000+00:00;6;1254;14;9689
2025-03-15 05:27:16.376000+00:00;7;1254;12;9689
2025-03-15 05:27:16.376000+00:00;10;1254;13;9689
2025-03-15 05:27:16.376000+00:00;18;1254;10;9689
2025-03-15 05:27:16.376000+00:00;22;1254;11;9689
2025-03-15 05:27:44.875000+00:00;1;1254;2;9689
2025-03-15 05:27:44.875000+00:00;4;1254;5;9689
2025-03-15 05:27:44.875000+00:00;16;1254;3;9689
2025-03-15 05:27:44.875000+00:00;44;1254;4;9689
2025-03-15 05:27:44.875000+00:00;63;1254;1;9689
2025-03-15 05:27:52.793000+00:00;4;1254;6;9689
2025-03-15 05:27:52.793000+00:00;14;1254;9;9689
2025-03-15 05:27:52.793000+00:00;23;1254;8;9689
2025-03-15 05:27:52.793000+00:00;55;1254;5;9689
2025-03-15 05:27:52.793000+00:00;81;1254;7;9689
2025-03-15 05:27:56.287000+00:00;1;1254;1;9689
2025-03-15 05:27:56.287000+00:00;63;1254;2;9689
2025-03-15 05:27:59.783000+00:00;4;1254;7;9689
2025-03-15 05:27:59.783000+00:00;23;1254;5;9689
2025-03-15 05:27:59.783000+00:00;55;1254;6;9689
2025-03-15 05:27:59.783000+00:00;81;1254;8;9689
2025-03-15 05:28:07.099000+00:00;16;1254;2;9689
2025-03-15 05:28:07.099000+00:00;63;1254;3;9689
2025-03-15 05:28:14.955000+00:00;4;1254;8;9689
2025-03-15 05:28:14.955000+00:00;23;1254;6;9689
2025-03-15 05:28:14.955000+00:00;44;1254;5;9689
2025-03-15 05:28:14.955000+00:00;55;1254;7;9689
2025-03-15 05:28:14.955000+00:00;81;1254;4;9689
2025-03-15 05:28:24.595000+00:00;4;1254;3;9689
2025-03-15 05:28:24.595000+00:00;23;1254;7;9689
2025-03-15 05:28:24.595000+00:00;44;1254;6;9689
2025-03-15 05:28:24.595000+00:00;55;1254;8;9689
2025-03-15 05:28:24.595000+00:00;63;1254;4;9689
2025-03-15 05:28:24.595000+00:00;81;1254;5;9689
2025-03-15 05:28:28.375000+00:00;4;1254;4;9689
2025-03-15 05:28:28.375000+00:00;44;1254;3;9689
2025-03-15 05:28:28.375000+00:00;63;1254;5;9689
2025-03-15 05:28:28.375000+00:00;81;1254;6;9689
2025-03-15 05:28:41.342000+00:00;14;1254;8;9689
2025-03-15 05:28:41.342000+00:00;55;1254;9;9689
2025-03-15 05:28:48.840000+00:00;6;1254;10;9689
2025-03-15 05:28:48.840000+00:00;7;1254;13;9689
2025-03-15 05:28:48.840000+00:00;10;1254;14;9689
2025-03-15 05:28:48.840000+00:00;18;1254;11;9689
2025-03-15 05:28:48.840000+00:00;22;1254;12;9689
2025-03-15 05:28:53.446000+00:00;6;1254;11;9689
2025-03-15 05:28:53.446000+00:00;18;1254;10;9689
2025-03-15 05:29:00.656000+00:00;4;1254;5;9689
2025-03-15 05:29:00.656000+00:00;16;1254;3;9689
2025-03-15 05:29:00.656000+00:00;44;1254;4;9689
2025-03-15 05:29:00.656000+00:00;63;1254;2;9689
2025-03-15 05:29:04.376000+00:00;6;1254;12;9689
2025-03-15 05:29:04.376000+00:00;7;1254;14;9689
2025-03-15 05:29:04.376000+00:00;10;1254;11;9689
2025-03-15 05:29:04.376000+00:00;22;1254;13;9689
2025-03-15 05:29:08.968000+00:00;4;1254;6;9689
2025-03-15 05:29:08.968000+00:00;14;1254;9;9689
2025-03-15 05:29:08.968000+00:00;23;1254;8;9689
2025-03-15 05:29:08.968000+00:00;55;1254;5;9689
2025-03-15 05:29:08.968000+00:00;81;1254;7;9689
2025-03-15 05:29:13.375000+00:00;6;1254;13;9689
2025-03-15 05:29:13.375000+00:00;7;1254;11;9689
2025-03-15 05:29:13.375000+00:00;10;1254;12;9689
2025-03-15 05:29:13.375000+00:00;22;1254;14;9689
2025-03-15 05:29:15.828000+00:00;4;1254;7;9689
2025-03-15 05:29:15.828000+00:00;23;1254;4;9689
2025-03-15 05:29:15.828000+00:00;44;1254;5;9689
2025-03-15 05:29:15.828000+00:00;55;1254;6;9689
2025-03-15 05:29:15.828000+00:00;81;1254;8;9689
2025-03-15 05:29:23.755000+00:00;5;1254;14;9689
2025-03-15 05:29:23.755000+00:00;22;1254;15;9689
2025-03-15 05:29:30.423000+00:00;1;1254;2;9689
2025-03-15 05:29:30.423000+00:00;4;1254;8;9689
2025-03-15 05:29:30.423000+00:00;16;1254;4;9689
2025-03-15 05:29:30.423000+00:00;23;1254;5;9689
2025-03-15 05:29:30.423000+00:00;44;1254;6;9689
2025-03-15 05:29:30.423000+00:00;55;1254;7;9689
2025-03-15 05:29:30.423000+00:00;63;1254;3;9689
2025-03-15 05:29:30.423000+00:00;81;1254;1;9689
2025-03-15 05:29:35.994000+00:00;5;1254;15;9689
2025-03-15 05:29:35.994000+00:00;6;1254;14;9689
2025-03-15 05:29:35.994000+00:00;7;1254;12;9689
2025-03-15 05:29:35.994000+00:00;10;1254;13;9689
2025-03-15 05:29:35.994000+00:00;22;1254;11;9689
2025-03-15 05:29:40.074000+00:00;1;1254;3;9689
2025-03-15 05:29:40.074000+00:00;4;1254;2;9689
2025-03-15 05:29:40.074000+00:00;16;1254;5;9689
2025-03-15 05:29:40.074000+00:00;23;1254;6;9689
2025-03-15 05:29:40.074000+00:00;44;1254;7;9689
2025-03-15 05:29:40.074000+00:00;55;1254;8;9689
2025-03-15 05:29:40.074000+00:00;63;1254;4;9689
2025-03-15 05:30:10.577000+00:00;14;1254;10;9689
2025-03-15 05:30:10.577000+00:00;18;1254;9;9689
2025-03-15 05:30:40.784000+00:00;6;1254;11;9689
2025-03-15 05:30:40.784000+00:00;7;1254;13;9689
2025-03-15 05:30:40.784000+00:00;10;1254;14;9689
2025-03-15 05:30:40.784000+00:00;22;1254;12;9689
2025-03-15 05:30:48.659000+00:00;6;1254;12;9689
2025-03-15 05:30:48.659000+00:00;7;1254;14;9689
2025-03-15 05:30:48.659000+00:00;10;1254;11;9689
2025-03-15 05:30:48.659000+00:00;22;1254;13;9689
2025-03-15 05:30:59.875000+00:00;6;1254;13;9689
2025-03-15 05:30:59.875000+00:00;7;1254;11;9689
2025-03-15 05:30:59.875000+00:00;10;1254;12;9689
2025-03-15 05:30:59.875000+00:00;22;1254;14;9689
2025-03-15 05:31:10.981000+00:00;5;1254;14;9689
2025-03-15 05:31:10.981000+00:00;22;1254;15;9689
2025-03-15 05:31:27.526000+00:00;5;1254;15;9689
2025-03-15 05:31:27.526000+00:00;6;1254;14;9689
2025-03-15 05:31:27.526000+00:00;7;1254;12;9689
2025-03-15 05:31:27.526000+00:00;10;1254;13;9689
2025-03-15 05:31:27.526000+00:00;14;1254;11;9689
2025-03-15 05:31:27.526000+00:00;22;1254;10;9689
2025-03-15 05:31:57.220000+00:00;6;1254;9;9689
2025-03-15 05:31:57.220000+00:00;7;1254;13;9689
2025-03-15 05:31:57.220000+00:00;10;1254;14;9689
2025-03-15 05:31:57.220000+00:00;14;1254;12;9689
2025-03-15 05:31:57.220000+00:00;18;1254;10;9689
2025-03-15 05:31:57.220000+00:00;22;1254;11;9689
2025-03-15 05:32:04.590000+00:00;6;1254;10;9689
2025-03-15 05:32:04.590000+00:00;7;1254;14;9689
2025-03-15 05:32:04.590000+00:00;10;1254;8;9689
2025-03-15 05:32:04.590000+00:00;14;1254;13;9689
2025-03-15 05:32:04.590000+00:00;18;1254;11;9689
2025-03-15 05:32:04.590000+00:00;22;1254;12;9689
2025-03-15 05:32:04.590000+00:00;55;1254;9;9689
2025-03-15 05:32:16.892000+00:00;7;1254;11;9689
2025-03-15 05:32:16.892000+00:00;14;1254;14;9689
2025-03-15 05:32:16.892000+00:00;18;1254;12;9689
2025-03-15 05:32:16.892000+00:00;22;1254;13;9689
2025-03-15 05:32:28.598000+00:00;5;1254;13;9689
2025-03-15 05:32:28.598000+00:00;14;1254;15;9689
2025-03-15 05:32:28.598000+00:00;22;1254;14;9689
2025-03-15 05:32:43.489000+00:00;5;1254;14;9689
2025-03-15 05:32:43.489000+00:00;6;1254;11;9689
2025-03-15 05:32:43.489000+00:00;7;1254;12;9689
2025-03-15 05:32:43.489000+00:00;10;1254;9;9689
2025-03-15 05:32:43.489000+00:00;18;1254;13;9689
2025-03-15 05:32:43.489000+00:00;22;1254;6;9689
2025-03-15 05:32:43.489000+00:00;23;1254;7;9689
2025-03-15 05:32:43.489000+00:00;44;1254;8;9689
2025-03-15 05:32:43.489000+00:00;55;1254;10;9689
2025-03-15 05:32:48.522000+00:00;5;1254;13;9689
2025-03-15 05:32:48.522000+00:00;7;1254;15;9689
2025-03-15 05:32:48.522000+00:00;14;1254;14;9689
2025-03-15 05:32:48.522000+00:00;18;1254;12;9689
2025-03-15 05:34:47.681000+00:00;22;1254;7;9689
2025-03-15 05:34:47.681000+00:00;23;1254;8;9689
2025-03-15 05:34:47.681000+00:00;44;1254;6;9689
2025-03-15 05:39:51.505000+00:00;5;1254;14;9689
2025-03-15 05:39:51.505000+00:00;7;1254;13;9689
2025-03-15 05:39:51.505000+00:00;14;1254;15;9689
2025-03-15 05:40:21.579000+00:00;10;1254;10;9689
2025-03-15 05:40:21.579000+00:00;22;1254;8;9689
2025-03-15 05:40:21.579000+00:00;23;1254;9;9689
2025-03-15 05:40:21.579000+00:00;55;1254;7;9689
2025-03-15 05:40:55.193000+00:00;4;1254;1;9689
2025-03-15 05:40:55.193000+00:00;81;1254;2;9689
2025-03-15 05:40:59.331000+00:00;5;1254;15;9689
2025-03-15 05:40:59.331000+00:00;7;1254;14;9689
2025-03-15 05:40:59.331000+00:00;14;1254;12;9689
2025-03-15 05:40:59.331000+00:00;18;1254;13;9689
2025-03-15 05:48:08.569000+00:00;4;1254;2;9689
2025-03-15 05:48:08.569000+00:00;81;1254;1;9689
2025-03-15 05:48:13.353000+00:00;4;1254;1;9689
2025-03-15 05:48:13.353000+00:00;81;1254;2;9689
2025-03-15 05:48:17.239000+00:00;1;1254;4;9689
2025-03-15 05:48:17.239000+00:00;16;1254;3;9689
2025-03-15 05:48:17.239000+00:00;63;1254;5;9689
2025-03-15 05:48:28.015000+00:00;1;1254;5;9689
2025-03-15 05:48:28.015000+00:00;16;1254;4;9689
2025-03-15 05:48:28.015000+00:00;63;1254;3;9689
2025-03-15 05:48:36.942000+00:00;1;1254;6;9689
2025-03-15 05:48:36.942000+00:00;44;1254;5;9689
2025-03-15 05:48:54.480000+00:00;1;1254;3;9689
2025-03-15 05:48:54.480000+00:00;16;1254;5;9689
2025-03-15 05:48:54.480000+00:00;44;1254;6;9689
2025-03-15 05:48:54.480000+00:00;63;1254;4;9689
2025-03-15 05:49:18.194000+00:00;10;1254;8;9689
2025-03-15 05:49:18.194000+00:00;22;1254;9;9689
2025-03-15 05:49:18.194000+00:00;23;1254;10;9689
2025-03-15 05:49:26.512000+00:00;10;1254;9;9689
2025-03-15 05:49:26.512000+00:00;22;1254;10;9689
2025-03-15 05:49:26.512000+00:00;23;1254;8;9689
2025-03-15 05:49:38.832000+00:00;10;1254;10;9689
2025-03-15 05:49:38.832000+00:00;22;1254;8;9689
2025-03-15 05:49:38.832000+00:00;23;1254;9;9689
2025-03-15 05:49:49.894000+00:00;4;1254;2;9689
2025-03-15 05:49:49.894000+00:00;81;1254;1;9689
2025-03-15 05:49:58.584000+00:00;4;1254;1;9689
2025-03-15 05:49:58.584000+00:00;81;1254;2;9689
2025-03-15 05:50:07.827000+00:00;1;1254;4;9689
2025-03-15 05:50:07.827000+00:00;16;1254;3;9689
2025-03-15 05:50:07.827000+00:00;63;1254;5;9689
2025-03-15 05:50:19.358000+00:00;1;1254;5;9689
2025-03-15 05:50:19.358000+00:00;16;1254;4;9689
2025-03-15 05:50:19.358000+00:00;63;1254;3;9689
2025-03-15 05:50:26.795000+00:00;1;1254;6;9689
2025-03-15 05:50:26.795000+00:00;44;1254;5;9689
2025-03-15 05:50:39.633000+00:00;1;1254;3;9689
2025-03-15 05:50:39.633000+00:00;16;1254;5;9689
2025-03-15 05:50:39.633000+00:00;44;1254;6;9689
2025-03-15 05:50:39.633000+00:00;63;1254;4;9689
2025-03-15 05:51:02.270000+00:00;10;1254;8;9689
2025-03-15 05:51:02.270000+00:00;22;1254;9;9689
2025-03-15 05:51:02.270000+00:00;23;1254;10;9689
2025-03-15 05:51:06.052000+00:00;4;1254;2;9689
2025-03-15 05:51:06.052000+00:00;81;1254;1;9689
2025-03-15 05:51:10.025000+00:00;10;1254;9;9689
2025-03-15 05:51:10.025000+00:00;22;1254;10;9689
2025-03-15 05:51:10.025000+00:00;23;1254;8;9689
2025-03-15 05:51:14.591000+00:00;4;1254;1;9689
2025-03-15 05:51:14.591000+00:00;81;1254;2;9689
2025-03-15 05:51:23.586000+00:00;1;1254;4;9689
2025-03-15 05:51:23.586000+00:00;4;1254;2;9689
2025-03-15 05:51:23.586000+00:00;16;1254;1;9689
2025-03-15 05:51:23.586000+00:00;63;1254;5;9689
2025-03-15 05:51:23.586000+00:00;81;1254;3;9689
2025-03-15 05:51:23.896000+00:00;4;1254;3;9689
2025-03-15 05:51:23.896000+00:00;81;1254;2;9689
2025-03-15 05:51:27.730000+00:00;10;1254;10;9689
2025-03-15 05:51:27.730000+00:00;22;1254;8;9689
2025-03-15 05:51:27.730000+00:00;23;1254;9;9689
2025-03-15 05:51:35.057000+00:00;1;1254;5;9689
2025-03-15 05:51:35.057000+00:00;4;1254;4;9689
2025-03-15 05:51:35.057000+00:00;16;1254;2;9689
2025-03-15 05:51:35.057000+00:00;63;1254;1;9689
2025-03-15 05:51:35.057000+00:00;81;1254;3;9689
2025-03-15 05:51:42.997000+00:00;1;1254;6;9689
2025-03-15 05:51:42.997000+00:00;4;1254;5;9689
2025-03-15 05:51:42.997000+00:00;44;1254;4;9689
2025-03-15 05:51:55.436000+00:00;1;1254;1;9689
2025-03-15 05:51:55.436000+00:00;4;1254;6;9689
2025-03-15 05:51:55.436000+00:00;16;1254;3;9689
2025-03-15 05:51:55.436000+00:00;44;1254;5;9689
2025-03-15 05:51:55.436000+00:00;63;1254;2;9689
2025-03-15 05:51:55.436000+00:00;81;1254;4;9689
2025-03-15 05:52:06.620000+00:00;4;1254;7;9689
2025-03-15 05:52:06.620000+00:00;55;1254;6;9689
2025-03-15 05:52:18.493000+00:00;4;1254;8;9689
2025-03-15 05:52:18.493000+00:00;10;1254;6;9689
2025-03-15 05:52:18.493000+00:00;22;1254;9;9689
2025-03-15 05:52:18.493000+00:00;23;1254;10;9689
2025-03-15 05:52:18.493000+00:00;55;1254;7;9689
2025-03-15 05:52:26.223000+00:00;4;1254;9;9689
2025-03-15 05:52:26.223000+00:00;10;1254;7;9689
2025-03-15 05:52:26.223000+00:00;22;1254;10;9689
2025-03-15 05:52:26.223000+00:00;23;1254;5;9689
2025-03-15 05:52:26.223000+00:00;44;1254;6;9689
2025-03-15 05:52:26.223000+00:00;55;1254;8;9689
2025-03-15 05:52:43.387000+00:00;4;1254;10;9689
2025-03-15 05:52:43.387000+00:00;10;1254;8;9689
2025-03-15 05:52:43.387000+00:00;22;1254;6;9689
2025-03-15 05:52:43.387000+00:00;44;1254;7;9689
2025-03-15 05:52:43.387000+00:00;55;1254;9;9689
2025-03-15 05:59:05.169000+00:00;1;1254;2;9689
2025-03-15 05:59:05.169000+00:00;16;1254;4;9689
2025-03-15 05:59:05.169000+00:00;63;1254;3;9689
2025-03-15 05:59:05.169000+00:00;81;1254;1;9689
2025-03-15 05:59:15.341000+00:00;1;1254;3;9689
2025-03-15 05:59:15.341000+00:00;4;1254;1;9689
2025-03-15 05:59:15.341000+00:00;10;1254;9;9689
2025-03-15 05:59:15.341000+00:00;16;1254;5;9689
2025-03-15 05:59:15.341000+00:00;22;1254;7;9689
2025-03-15 05:59:15.341000+00:00;23;1254;6;9689
2025-03-15 05:59:15.341000+00:00;44;1254;8;9689
2025-03-15 05:59:15.341000+00:00;55;1254;10;9689
2025-03-15 05:59:15.341000+00:00;63;1254;4;9689
2025-03-15 05:59:15.341000+00:00;81;1254;2;9689
2025-03-15 05:59:28.365000+00:00;1;1254;4;9689
2025-03-15 05:59:28.365000+00:00;63;1254;3;9689
2025-03-15 05:59:37.317000+00:00;1;1254;3;9689
2025-03-15 05:59:37.317000+00:00;63;1254;4;9689
2025-03-15 05:59:46.882000+00:00;10;1254;6;9689
2025-03-15 05:59:46.882000+00:00;22;1254;8;9689
2025-03-15 05:59:46.882000+00:00;23;1254;7;9689
2025-03-15 05:59:46.882000+00:00;44;1254;9;9689
2025-03-15 06:00:04.526000+00:00;10;1254;7;9689
2025-03-15 06:00:04.526000+00:00;22;1254;9;9689
2025-03-15 06:00:04.526000+00:00;23;1254;8;9689
2025-03-15 06:00:04.526000+00:00;44;1254;6;9689
2025-03-15 06:00:14.132000+00:00;22;1254;10;9689
2025-03-15 06:00:14.132000+00:00;23;1254;9;9689
2025-03-15 06:00:14.132000+00:00;55;1254;8;9689
2025-03-15 06:00:22.211000+00:00;10;1254;8;9689
2025-03-15 06:00:22.211000+00:00;16;1254;6;9689
2025-03-15 06:00:22.211000+00:00;23;1254;5;9689
2025-03-15 06:00:22.211000+00:00;44;1254;7;9689
2025-03-15 06:00:22.211000+00:00;55;1254;9;9689
2025-03-15 06:00:40.437000+00:00;10;1254;9;9689
2025-03-15 06:00:40.437000+00:00;16;1254;7;9689
2025-03-15 06:00:40.437000+00:00;22;1254;5;9689
2025-03-15 06:00:40.437000+00:00;23;1254;6;9689
2025-03-15 06:00:40.437000+00:00;44;1254;8;9689
2025-03-15 06:00:40.437000+00:00;55;1254;10;9689
2025-03-16 03:07:26.837000+00:00;1;1254;3;9693
2025-03-16 03:07:26.837000+00:00;4;1254;1;9693
2025-03-16 03:07:26.837000+00:00;5;1254;15;9693
2025-03-16 03:07:26.837000+00:00;6;1254;11;9693
2025-03-16 03:07:26.837000+00:00;7;1254;14;9693
2025-03-16 03:07:26.837000+00:00;10;1254;9;9693
2025-03-16 03:07:26.837000+00:00;12;1254;16;9693
2025-03-16 03:07:26.837000+00:00;14;1254;12;9693
2025-03-16 03:07:26.837000+00:00;16;1254;7;9693
2025-03-16 03:07:26.837000+00:00;18;1254;13;9693
2025-03-16 03:07:26.837000+00:00;22;1254;5;9693
2025-03-16 03:07:26.837000+00:00;23;1254;6;9693
2025-03-16 03:07:26.837000+00:00;27;1254;17;9693
2025-03-16 03:07:26.837000+00:00;30;1254;18;9693
2025-03-16 03:07:26.837000+00:00;31;1254;19;9693
2025-03-16 03:07:26.837000+00:00;44;1254;8;9693
2025-03-16 03:07:26.837000+00:00;55;1254;10;9693
2025-03-16 03:07:26.837000+00:00;63;1254;4;9693
2025-03-16 03:07:26.837000+00:00;81;1254;2;9693
2025-03-16 03:07:26.837000+00:00;87;1254;20;9693
2025-03-16 04:19:06.734000+00:00;1;1254;2;9693
2025-03-16 04:19:06.734000+00:00;81;1254;3;9693
2025-03-16 04:19:08.559000+00:00;16;1254;5;9693
2025-03-16 04:19:08.559000+00:00;22;1254;6;9693
2025-03-16 04:19:08.559000+00:00;23;1254;7;9693
2025-03-16 04:19:11.279000+00:00;6;1254;12;9693
2025-03-16 04:19:11.279000+00:00;14;1254;11;9693
2025-03-16 04:19:12.185000+00:00;6;1254;13;9693
2025-03-16 04:19:12.185000+00:00;18;1254;12;9693
2025-03-16 04:19:13.307000+00:00;5;1254;16;9693
2025-03-16 04:19:13.307000+00:00;6;1254;14;9693
2025-03-16 04:19:13.307000+00:00;7;1254;15;9693
2025-03-16 04:19:13.307000+00:00;12;1254;17;9693
2025-03-16 04:19:13.307000+00:00;27;1254;13;9693
2025-03-16 04:19:13.405000+00:00;5;1254;17;9693
2025-03-16 04:19:13.405000+00:00;6;1254;15;9693
2025-03-16 04:19:13.405000+00:00;7;1254;16;9693
2025-03-16 04:19:13.405000+00:00;12;1254;14;9693
2025-03-16 04:19:13.881000+00:00;5;1254;15;9693
2025-03-16 04:19:13.881000+00:00;6;1254;16;9693
2025-03-16 04:19:13.881000+00:00;7;1254;17;9693
2025-03-16 04:19:14.801000+00:00;6;1254;17;9693
2025-03-16 04:19:14.801000+00:00;7;1254;18;9693
2025-03-16 04:19:14.801000+00:00;30;1254;19;9693
2025-03-16 04:19:14.801000+00:00;31;1254;16;9693
2025-03-16 04:19:17.021000+00:00;6;1254;18;9693
2025-03-16 04:19:17.021000+00:00;7;1254;19;9693
2025-03-16 04:19:17.021000+00:00;30;1254;17;9693
2025-03-16 04:19:18.607000+00:00;6;1254;19;9693
2025-03-16 04:19:18.607000+00:00;7;1254;20;9693
2025-03-16 04:19:18.607000+00:00;87;1254;18;9693
2025-03-16 04:20:40.461000+00:00;14;1254;10;9693
2025-03-16 04:20:40.461000+00:00;55;1254;11;9693
2025-03-16 04:20:42.729000+00:00;18;1254;11;9693
2025-03-16 04:20:42.729000+00:00;55;1254;12;9693
2025-03-16 04:20:44.509000+00:00;27;1254;12;9693
2025-03-16 04:20:44.509000+00:00;55;1254;13;9693
2025-03-16 04:20:45.638000+00:00;12;1254;13;9693
2025-03-16 04:20:45.638000+00:00;55;1254;14;9693
2025-03-16 04:20:47.408000+00:00;5;1254;14;9693
2025-03-16 04:20:47.408000+00:00;55;1254;15;9693
2025-03-16 04:20:49.031000+00:00;31;1254;15;9693
2025-03-16 04:20:49.031000+00:00;55;1254;16;9693
2025-03-16 04:20:52.119000+00:00;30;1254;16;9693
2025-03-16 04:20:52.119000+00:00;55;1254;17;9693
2025-03-16 04:20:52.594000+00:00;55;1254;18;9693
2025-03-16 04:20:52.594000+00:00;87;1254;17;9693
2025-03-16 04:46:46.419000+00:00;12;1254;12;9693
2025-03-16 04:46:46.419000+00:00;27;1254;13;9693
2025-03-16 04:49:54.559000+00:00;12;1254;13;9693
2025-03-16 04:49:54.559000+00:00;27;1254;12;9693
2025-03-16 04:50:51.733000+00:00;1;1254;3;9693
2025-03-16 04:50:51.733000+00:00;81;1254;2;9693
2025-03-16 04:51:28.278000+00:00;12;1254;12;9693
2025-03-16 04:51:28.278000+00:00;27;1254;13;9693
2025-03-16 04:54:46.902000+00:00;30;1254;15;9693
2025-03-16 04:54:46.902000+00:00;31;1254;16;9693
2025-03-16 04:59:06.639000+00:00;12;1254;11;9693
2025-03-16 04:59:06.639000+00:00;18;1254;12;9693
2025-03-16 05:16:02.587000+00:00;12;1254;10;9693
2025-03-16 05:16:02.587000+00:00;14;1254;11;9693
2025-03-16 05:16:24.448000+00:00;14;1254;12;9693
2025-03-16 05:16:24.448000+00:00;18;1254;11;9693
2025-03-16 05:16:34.750000+00:00;14;1254;13;9693
2025-03-16 05:16:34.750000+00:00;27;1254;12;9693
2025-03-16 05:16:43.907000+00:00;5;1254;13;9693
2025-03-16 05:16:43.907000+00:00;14;1254;14;9693
2025-03-16 05:16:48.786000+00:00;14;1254;15;9693
2025-03-16 05:16:48.786000+00:00;30;1254;16;9693
2025-03-16 05:16:48.786000+00:00;31;1254;14;9693
2025-03-16 05:16:51.235000+00:00;14;1254;16;9693
2025-03-16 05:16:51.235000+00:00;30;1254;15;9693
2025-03-16 05:16:51.593000+00:00;14;1254;17;9693
2025-03-16 05:16:51.593000+00:00;87;1254;16;9693
2025-03-16 05:18:52.210000+00:00;30;1254;16;9693
2025-03-16 05:18:52.210000+00:00;87;1254;15;9693
2025-03-16 05:30:05.665000+00:00;30;1254;14;9693
2025-03-16 05:30:05.665000+00:00;31;1254;15;9693
2025-03-16 05:30:05.665000+00:00;87;1254;16;9693
2025-03-16 05:35:35.052000+00:00;16;1254;6;9693
2025-03-16 05:35:35.052000+00:00;22;1254;5;9693
2025-03-16 05:36:56.786000+00:00;1;1254;1;9693
2025-03-16 05:36:56.786000+00:00;4;1254;2;9693
2025-03-16 05:36:56.786000+00:00;81;1254;3;9693
2025-03-16 05:37:03.333000+00:00;4;1254;3;9693
2025-03-16 05:37:03.333000+00:00;22;1254;2;9693
2025-03-16 05:37:03.333000+00:00;63;1254;5;9693
2025-03-16 05:37:03.333000+00:00;81;1254;4;9693
2025-03-16 05:37:05.705000+00:00;4;1254;4;9693
2025-03-16 05:37:05.705000+00:00;16;1254;7;9693
2025-03-16 05:37:05.705000+00:00;23;1254;8;9693
2025-03-16 05:37:05.705000+00:00;44;1254;3;9693
2025-03-16 05:37:05.705000+00:00;63;1254;6;9693
2025-03-16 05:37:05.705000+00:00;81;1254;5;9693
2025-03-16 05:37:06.461000+00:00;4;1254;5;9693
2025-03-16 05:37:06.461000+00:00;10;1254;4;9693
2025-03-16 05:37:06.461000+00:00;16;1254;8;9693
2025-03-16 05:37:06.461000+00:00;23;1254;9;9693
2025-03-16 05:37:06.461000+00:00;63;1254;7;9693
2025-03-16 05:37:06.461000+00:00;81;1254;6;9693
2025-03-16 05:37:11.835000+00:00;4;1254;6;9693
2025-03-16 05:37:11.835000+00:00;16;1254;5;9693
2025-03-16 05:37:11.835000+00:00;63;1254;8;9693
2025-03-16 05:37:11.835000+00:00;81;1254;7;9693
2025-03-16 05:37:16.429000+00:00;5;1254;14;9693
2025-03-16 05:37:16.429000+00:00;12;1254;11;9693
2025-03-16 05:37:16.429000+00:00;18;1254;12;9693
2025-03-16 05:37:16.429000+00:00;23;1254;10;9693
2025-03-16 05:37:16.429000+00:00;27;1254;13;9693
2025-03-16 05:37:16.429000+00:00;30;1254;7;9693
2025-03-16 05:37:16.429000+00:00;63;1254;9;9693
2025-03-16 05:37:16.429000+00:00;81;1254;8;9693
2025-03-16 05:37:20.165000+00:00;63;1254;8;9693
2025-03-16 05:37:20.165000+00:00;81;1254;9;9693
2025-03-16 05:37:21.134000+00:00;23;1254;9;9693
2025-03-16 05:37:21.134000+00:00;81;1254;10;9693
2025-03-16 05:37:24.528000+00:00;12;1254;12;9693
2025-03-16 05:37:24.528000+00:00;18;1254;10;9693
2025-03-16 05:37:24.528000+00:00;81;1254;11;9693
2025-03-16 05:37:26.680000+00:00;12;1254;11;9693
2025-03-16 05:37:26.680000+00:00;81;1254;12;9693
2025-03-16 05:37:27.089000+00:00;27;1254;12;9693
2025-03-16 05:37:27.089000+00:00;81;1254;13;9693
2025-03-16 05:37:42.779000+00:00;5;1254;13;9693
2025-03-16 05:37:42.779000+00:00;81;1254;14;9693
2025-03-16 05:37:57.399000+00:00;31;1254;14;9693
2025-03-16 05:37:57.399000+00:00;81;1254;15;9693
2025-03-16 05:38:38.743000+00:00;22;1254;3;9693
2025-03-16 05:38:38.743000+00:00;44;1254;2;9693
2025-03-16 05:40:15.562000+00:00;1;1254;2;9693
2025-03-16 05:40:15.562000+00:00;44;1254;1;9693
2025-03-16 05:40:19.422000+00:00;1;1254;3;9693
2025-03-16 05:40:19.422000+00:00;10;1254;5;9693
2025-03-16 05:40:19.422000+00:00;16;1254;2;9693
2025-03-16 05:40:19.422000+00:00;22;1254;4;9693
2025-03-16 05:40:20.047000+00:00;1;1254;4;9693
2025-03-16 05:40:20.047000+00:00;4;1254;3;9693
2025-03-16 05:40:20.047000+00:00;10;1254;6;9693
2025-03-16 05:40:20.047000+00:00;22;1254;5;9693
2025-03-16 05:40:20.312000+00:00;1;1254;5;9693
2025-03-16 05:40:20.312000+00:00;22;1254;4;9693
2025-03-16 05:40:28.369000+00:00;10;1254;7;9693
2025-03-16 05:40:28.369000+00:00;30;1254;8;9693
2025-03-16 05:40:28.369000+00:00;63;1254;6;9693
2025-03-16 05:40:30.564000+00:00;10;1254;8;9693
2025-03-16 05:40:30.564000+00:00;23;1254;7;9693
2025-03-16 05:40:30.564000+00:00;30;1254;9;9693
2025-03-16 05:40:33.046000+00:00;10;1254;9;9693
2025-03-16 05:40:33.046000+00:00;12;1254;8;9693
2025-03-16 05:40:33.046000+00:00;18;1254;11;9693
2025-03-16 05:40:33.046000+00:00;30;1254;10;9693
2025-03-16 05:40:33.813000+00:00;10;1254;10;9693
2025-03-16 05:40:33.813000+00:00;30;1254;9;9693
2025-03-16 05:40:34.146000+00:00;10;1254;11;9693
2025-03-16 05:40:34.146000+00:00;18;1254;10;9693
2025-03-16 05:41:55.274000+00:00;5;1254;14;9693
2025-03-16 05:41:55.274000+00:00;31;1254;13;9693
2025-03-16 05:42:09.403000+00:00;5;1254;15;9693
2025-03-16 05:42:09.403000+00:00;81;1254;14;9693
2025-03-16 05:42:13.687000+00:00;4;1254;1;9693
2025-03-16 05:42:13.687000+00:00;16;1254;3;9693
2025-03-16 05:42:13.687000+00:00;44;1254;2;9693
2025-03-16 05:42:29.680000+00:00;1;1254;2;9693
2025-03-16 05:42:29.680000+00:00;16;1254;4;9693
2025-03-16 05:42:29.680000+00:00;22;1254;5;9693
2025-03-16 05:42:29.680000+00:00;44;1254;3;9693
2025-03-16 05:42:30.709000+00:00;16;1254;5;9693
2025-03-16 05:42:30.709000+00:00;22;1254;6;9693
2025-03-16 05:42:30.709000+00:00;44;1254;4;9693
2025-03-16 05:42:30.709000+00:00;63;1254;3;9693
2025-03-16 05:42:35.962000+00:00;16;1254;6;9693
2025-03-16 05:42:35.962000+00:00;22;1254;7;9693
2025-03-16 05:42:35.962000+00:00;23;1254;4;9693
2025-03-16 05:42:35.962000+00:00;44;1254;5;9693
2025-03-16 05:42:37.760000+00:00;5;1254;16;9693
2025-03-16 05:42:37.760000+00:00;87;1254;15;9693
2025-03-16 05:42:38.691000+00:00;12;1254;5;9693
2025-03-16 05:42:38.691000+00:00;16;1254;7;9693
2025-03-16 05:42:38.691000+00:00;22;1254;8;9693
2025-03-16 05:42:38.691000+00:00;44;1254;6;9693
2025-03-16 05:42:39.800000+00:00;16;1254;8;9693
2025-03-16 05:42:39.800000+00:00;18;1254;6;9693
2025-03-16 05:42:39.800000+00:00;22;1254;9;9693
2025-03-16 05:42:39.800000+00:00;30;1254;10;9693
2025-03-16 05:42:39.800000+00:00;44;1254;7;9693
2025-03-16 05:42:40.581000+00:00;10;1254;12;9693
2025-03-16 05:42:40.581000+00:00;16;1254;9;9693
2025-03-16 05:42:40.581000+00:00;22;1254;10;9693
2025-03-16 05:42:40.581000+00:00;27;1254;7;9693
2025-03-16 05:42:40.581000+00:00;30;1254;11;9693
2025-03-16 05:42:40.581000+00:00;44;1254;8;9693
2025-03-16 05:42:42.045000+00:00;10;1254;8;9693
2025-03-16 05:42:42.045000+00:00;16;1254;10;9693
2025-03-16 05:42:42.045000+00:00;22;1254;11;9693
2025-03-16 05:42:42.045000+00:00;30;1254;12;9693
2025-03-16 05:42:42.045000+00:00;44;1254;9;9693
2025-03-16 05:51:40.492000+00:00;31;1254;13;9693
2025-03-16 05:51:40.492000+00:00;81;1254;12;9693
2025-03-16 05:53:14.842000+00:00;16;1254;9;9693
2025-03-16 05:53:14.842000+00:00;44;1254;10;9693
2025-03-16 05:54:49.495000+00:00;22;1254;12;9693
2025-03-16 05:54:49.495000+00:00;81;1254;11;9693
2025-03-16 05:56:18.694000+00:00;10;1254;9;9693
2025-03-16 05:56:18.694000+00:00;16;1254;8;9693
2025-03-16 05:56:19.743000+00:00;10;1254;10;9693
2025-03-16 05:56:19.743000+00:00;44;1254;9;9693
2025-03-16 05:57:52.059000+00:00;10;1254;11;9693
2025-03-16 05:57:52.059000+00:00;81;1254;10;9693
2025-03-16 05:59:11.197000+00:00;12;1254;4;9693
2025-03-16 05:59:11.197000+00:00;23;1254;5;9693
2025-03-16 06:00:42.359000+00:00;12;1254;5;9693
2025-03-16 06:00:42.359000+00:00;23;1254;4;9693
2025-03-16 06:00:50.173000+00:00;44;1254;10;9693
2025-03-16 06:00:50.173000+00:00;81;1254;9;9693
2025-03-21 03:15:43.156000+00:00;1;1255;1;9988
2025-03-21 03:15:43.156000+00:00;4;1255;2;9988
2025-03-21 03:15:43.156000+00:00;5;1255;3;9988
2025-03-21 03:15:43.156000+00:00;6;1255;4;9988
2025-03-21 03:15:43.156000+00:00;7;1255;5;9988
2025-03-21 03:15:43.156000+00:00;10;1255;6;9988
2025-03-21 03:15:43.156000+00:00;12;1255;7;9988
2025-03-21 03:15:43.156000+00:00;14;1255;8;9988
2025-03-21 03:15:43.156000+00:00;16;1255;9;9988
2025-03-21 03:15:43.156000+00:00;18;1255;10;9988
2025-03-21 03:15:43.156000+00:00;22;1255;11;9988
2025-03-21 03:15:43.156000+00:00;23;1255;12;9988
2025-03-21 03:15:43.156000+00:00;27;1255;13;9988
2025-03-21 03:15:43.156000+00:00;30;1255;14;9988
2025-03-21 03:15:43.156000+00:00;31;1255;15;9988
2025-03-21 03:15:43.156000+00:00;44;1255;16;9988
2025-03-21 03:15:43.156000+00:00;55;1255;17;9988
2025-03-21 03:15:43.156000+00:00;63;1255;18;9988
2025-03-21 03:15:43.156000+00:00;81;1255;19;9988
2025-03-21 03:15:43.156000+00:00;87;1255;20;9988
2025-03-21 03:30:04.115000+00:00;1;1255;2;9988
2025-03-21 03:30:04.115000+00:00;4;1255;3;9988
2025-03-21 03:30:04.115000+00:00;5;1255;4;9988
2025-03-21 03:30:04.115000+00:00;6;1255;5;9988
2025-03-21 03:30:04.115000+00:00;7;1255;6;9988
2025-03-21 03:30:04.115000+00:00;10;1255;7;9988
2025-03-21 03:30:04.115000+00:00;12;1255;8;9988
2025-03-21 03:30:04.115000+00:00;14;1255;9;9988
2025-03-21 03:30:04.115000+00:00;16;1255;10;9988
2025-03-21 03:30:04.115000+00:00;18;1255;11;9988
2025-03-21 03:30:04.115000+00:00;22;1255;12;9988
2025-03-21 03:30:04.115000+00:00;23;1255;13;9988
2025-03-21 03:30:04.115000+00:00;27;1255;14;9988
2025-03-21 03:30:04.115000+00:00;30;1255;15;9988
2025-03-21 03:30:04.115000+00:00;31;1255;16;9988
2025-03-21 03:30:04.115000+00:00;44;1255;17;9988
2025-03-21 03:30:04.115000+00:00;55;1255;18;9988
2025-03-21 03:30:04.115000+00:00;63;1255;19;9988
2025-03-21 03:30:04.115000+00:00;81;1255;20;9988
2025-03-21 03:30:04.115000+00:00;87;1255;1;9988
2025-03-21 03:30:09.217000+00:00;1;1255;3;9988
2025-03-21 03:30:09.217000+00:00;4;1255;4;9988
2025-03-21 03:30:09.217000+00:00;5;1255;5;9988
2025-03-21 03:30:09.217000+00:00;6;1255;6;9988
2025-03-21 03:30:09.217000+00:00;7;1255;7;9988
2025-03-21 03:30:09.217000+00:00;10;1255;8;9988
2025-03-21 03:30:09.217000+00:00;12;1255;9;9988
2025-03-21 03:30:09.217000+00:00;14;1255;10;9988
2025-03-21 03:30:09.217000+00:00;16;1255;11;9988
2025-03-21 03:30:09.217000+00:00;18;1255;12;9988
2025-03-21 03:30:09.217000+00:00;22;1255;13;9988
2025-03-21 03:30:09.217000+00:00;23;1255;14;9988
2025-03-21 03:30:09.217000+00:00;27;1255;15;9988
2025-03-21 03:30:09.217000+00:00;30;1255;16;9988
2025-03-21 03:30:09.217000+00:00;31;1255;2;9988
2025-03-21 03:30:12.520000+00:00;1;1255;4;9988
2025-03-21 03:30:12.520000+00:00;4;1255;5;9988
2025-03-21 03:30:12.520000+00:00;5;1255;6;9988
2025-03-21 03:30:12.520000+00:00;6;1255;7;9988
2025-03-21 03:30:12.520000+00:00;7;1255;8;9988
2025-03-21 03:30:12.520000+00:00;10;1255;9;9988
2025-03-21 03:30:12.520000+00:00;12;1255;10;9988
2025-03-21 03:30:12.520000+00:00;14;1255;11;9988
2025-03-21 03:30:12.520000+00:00;16;1255;12;9988
2025-03-21 03:30:12.520000+00:00;18;1255;13;9988
2025-03-21 03:30:12.520000+00:00;22;1255;3;9988
2025-03-21 03:30:18.879000+00:00;1;1255;5;9988
2025-03-21 03:30:18.879000+00:00;4;1255;6;9988
2025-03-21 03:30:18.879000+00:00;5;1255;7;9988
2025-03-21 03:30:18.879000+00:00;6;1255;4;9988
2025-03-21 03:30:20.217000+00:00;1;1255;6;9988
2025-03-21 03:30:20.217000+00:00;4;1255;7;9988
2025-03-21 03:30:20.217000+00:00;5;1255;8;9988
2025-03-21 03:30:20.217000+00:00;7;1255;9;9988
2025-03-21 03:30:20.217000+00:00;10;1255;10;9988
2025-03-21 03:30:20.217000+00:00;12;1255;11;9988
2025-03-21 03:30:20.217000+00:00;14;1255;12;9988
2025-03-21 03:30:20.217000+00:00;16;1255;13;9988
2025-03-21 03:30:20.217000+00:00;18;1255;14;9988
2025-03-21 03:30:20.217000+00:00;23;1255;15;9988
2025-03-21 03:30:20.217000+00:00;27;1255;16;9988
2025-03-21 03:30:20.217000+00:00;30;1255;17;9988
2025-03-21 03:30:20.217000+00:00;44;1255;18;9988
2025-03-21 03:30:20.217000+00:00;55;1255;5;9988
2025-03-21 03:30:28.006000+00:00;1;1255;7;9988
2025-03-21 03:30:28.006000+00:00;4;1255;8;9988
2025-03-21 03:30:28.006000+00:00;5;1255;9;9988
2025-03-21 03:30:28.006000+00:00;7;1255;10;9988
2025-03-21 03:30:28.006000+00:00;10;1255;6;9988
2025-03-21 03:30:38.736000+00:00;1;1255;8;9988
2025-03-21 03:30:38.736000+00:00;4;1255;9;9988
2025-03-21 03:30:38.736000+00:00;5;1255;10;9988
2025-03-21 03:30:38.736000+00:00;7;1255;7;9988
2025-03-21 03:30:43.640000+00:00;1;1255;9;9988
2025-03-21 03:30:43.640000+00:00;4;1255;10;9988
2025-03-21 03:30:43.640000+00:00;5;1255;11;9988
2025-03-21 03:30:43.640000+00:00;12;1255;8;9988
2025-03-21 03:30:49.144000+00:00;1;1255;10;9988
2025-03-21 03:30:49.144000+00:00;4;1255;11;9988
2025-03-21 03:30:49.144000+00:00;5;1255;12;9988
2025-03-21 03:30:49.144000+00:00;14;1255;13;9988
2025-03-21 03:30:49.144000+00:00;16;1255;14;9988
2025-03-21 03:30:49.144000+00:00;18;1255;15;9988
2025-03-21 03:30:49.144000+00:00;23;1255;16;9988
2025-03-21 03:30:49.144000+00:00;27;1255;17;9988
2025-03-21 03:30:49.144000+00:00;30;1255;18;9988
2025-03-21 03:30:49.144000+00:00;44;1255;9;9988
2025-03-21 03:30:58.154000+00:00;4;1255;12;9988
2025-03-21 03:30:58.154000+00:00;5;1255;11;9988
2025-03-21 03:31:01.664000+00:00;4;1255;13;9988
2025-03-21 03:31:01.664000+00:00;14;1255;14;9988
2025-03-21 03:31:01.664000+00:00;16;1255;15;9988
2025-03-21 03:31:01.664000+00:00;18;1255;16;9988
2025-03-21 03:31:01.664000+00:00;23;1255;17;9988
2025-03-21 03:31:01.664000+00:00;27;1255;18;9988
2025-03-21 03:31:01.664000+00:00;30;1255;19;9988
2025-03-21 03:31:01.664000+00:00;63;1255;20;9988
2025-03-21 03:31:01.664000+00:00;81;1255;12;9988
2025-03-21 03:31:05.688000+00:00;4;1255;14;9988
2025-03-21 03:31:05.688000+00:00;14;1255;15;9988
2025-03-21 03:31:05.688000+00:00;16;1255;13;9988
2025-03-21 03:31:10.365000+00:00;4;1255;15;9988
2025-03-21 03:31:10.365000+00:00;14;1255;16;9988
2025-03-21 03:31:10.365000+00:00;18;1255;17;9988
2025-03-21 03:31:10.365000+00:00;23;1255;18;9988
2025-03-21 03:31:10.365000+00:00;27;1255;19;9988
2025-03-21 03:31:10.365000+00:00;30;1255;14;9988
2025-03-21 03:31:23.689000+00:00;14;1255;17;9988
2025-03-21 03:31:23.689000+00:00;18;1255;18;9988
2025-03-21 03:31:23.689000+00:00;23;1255;16;9988
2025-03-21 03:31:37.891000+00:00;14;1255;18;9988
2025-03-21 03:31:37.891000+00:00;18;1255;19;9988
2025-03-21 03:31:37.891000+00:00;27;1255;17;9988
2025-03-21 03:31:51.293000+00:00;14;1255;19;9988
2025-03-21 03:31:51.293000+00:00;18;1255;20;9988
2025-03-21 03:31:51.293000+00:00;63;1255;18;9988
2025-03-21 03:33:49.526000+00:00;31;1255;1;9988
2025-03-21 03:33:49.526000+00:00;87;1255;2;9988
2025-03-21 03:33:56.949000+00:00;22;1255;1;9988
2025-03-21 03:33:56.949000+00:00;31;1255;2;9988
2025-03-21 03:33:56.949000+00:00;87;1255;3;9988
2025-03-21 03:34:03.852000+00:00;6;1255;5;9988
2025-03-21 03:34:03.852000+00:00;31;1255;3;9988
2025-03-21 03:34:03.852000+00:00;55;1255;2;9988
2025-03-21 03:34:03.852000+00:00;87;1255;4;9988
2025-03-21 03:34:11.255000+00:00;6;1255;3;9988
2025-03-21 03:34:11.255000+00:00;31;1255;4;9988
2025-03-21 03:34:11.255000+00:00;87;1255;5;9988
2025-03-21 03:34:17.389000+00:00;6;1255;4;9988
2025-03-21 03:34:17.389000+00:00;10;1255;1;9988
2025-03-21 03:34:17.389000+00:00;22;1255;2;9988
2025-03-21 03:34:17.389000+00:00;31;1255;5;9988
2025-03-21 03:34:17.389000+00:00;55;1255;3;9988
2025-03-21 03:34:17.389000+00:00;87;1255;6;9988
2025-03-21 03:34:29.825000+00:00;6;1255;5;9988
2025-03-21 03:34:29.825000+00:00;7;1255;4;9988
2025-03-21 03:34:29.825000+00:00;31;1255;6;9988
2025-03-21 03:34:29.825000+00:00;87;1255;7;9988
2025-03-21 03:34:36.018000+00:00;6;1255;6;9988
2025-03-21 03:34:36.018000+00:00;7;1255;5;9988
2025-03-21 03:34:36.018000+00:00;12;1255;9;9988
2025-03-21 03:34:36.018000+00:00;22;1255;3;9988
2025-03-21 03:34:36.018000+00:00;31;1255;7;9988
2025-03-21 03:34:36.018000+00:00;44;1255;2;9988
2025-03-21 03:34:36.018000+00:00;55;1255;4;9988
2025-03-21 03:34:36.018000+00:00;87;1255;8;9988
2025-03-21 03:34:43.380000+00:00;1;1255;1;9988
2025-03-21 03:34:43.380000+00:00;6;1255;7;9988
2025-03-21 03:34:43.380000+00:00;7;1255;6;9988
2025-03-21 03:34:43.380000+00:00;10;1255;2;9988
2025-03-21 03:34:43.380000+00:00;12;1255;10;9988
2025-03-21 03:34:43.380000+00:00;22;1255;4;9988
2025-03-21 03:34:43.380000+00:00;31;1255;8;9988
2025-03-21 03:34:43.380000+00:00;44;1255;3;9988
2025-03-21 03:34:43.380000+00:00;55;1255;5;9988
2025-03-21 03:34:43.380000+00:00;87;1255;9;9988
2025-03-21 03:34:49.720000+00:00;5;1255;9;9988
2025-03-21 03:34:49.720000+00:00;12;1255;11;9988
2025-03-21 03:34:49.720000+00:00;87;1255;10;9988
2025-03-21 03:34:54.012000+00:00;1;1255;2;9988
2025-03-21 03:34:54.012000+00:00;5;1255;10;9988
2025-03-21 03:34:54.012000+00:00;6;1255;8;9988
2025-03-21 03:34:54.012000+00:00;7;1255;7;9988
2025-03-21 03:34:54.012000+00:00;10;1255;3;9988
2025-03-21 03:34:54.012000+00:00;12;1255;12;9988
2025-03-21 03:34:54.012000+00:00;22;1255;5;9988
2025-03-21 03:34:54.012000+00:00;31;1255;9;9988
2025-03-21 03:34:54.012000+00:00;44;1255;4;9988
2025-03-21 03:34:54.012000+00:00;55;1255;6;9988
2025-03-21 03:34:54.012000+00:00;81;1255;1;9988
2025-03-21 03:34:54.012000+00:00;87;1255;11;9988
2025-03-21 03:35:01.090000+00:00;5;1255;11;9988
2025-03-21 03:35:01.090000+00:00;6;1255;9;9988
2025-03-21 03:35:01.090000+00:00;7;1255;8;9988
2025-03-21 03:35:01.090000+00:00;12;1255;13;9988
2025-03-21 03:35:01.090000+00:00;16;1255;5;9988
2025-03-21 03:35:01.090000+00:00;22;1255;6;9988
2025-03-21 03:35:01.090000+00:00;31;1255;10;9988
2025-03-21 03:35:01.090000+00:00;55;1255;7;9988
2025-03-21 03:35:01.090000+00:00;87;1255;12;9988
2025-03-21 03:35:05.913000+00:00;4;1255;5;9988
2025-03-21 03:35:05.913000+00:00;5;1255;12;9988
2025-03-21 03:35:05.913000+00:00;6;1255;10;9988
2025-03-21 03:35:05.913000+00:00;7;1255;9;9988
2025-03-21 03:35:05.913000+00:00;12;1255;14;9988
2025-03-21 03:35:05.913000+00:00;16;1255;6;9988
2025-03-21 03:35:05.913000+00:00;22;1255;7;9988
2025-03-21 03:35:05.913000+00:00;30;1255;15;9988
2025-03-21 03:35:05.913000+00:00;31;1255;11;9988
2025-03-21 03:35:05.913000+00:00;55;1255;8;9988
2025-03-21 03:35:05.913000+00:00;87;1255;13;9988
2025-03-21 03:35:13.358000+00:00;1;1255;3;9988
2025-03-21 03:35:13.358000+00:00;4;1255;6;9988
2025-03-21 03:35:13.358000+00:00;5;1255;13;9988
2025-03-21 03:35:13.358000+00:00;6;1255;11;9988
2025-03-21 03:35:13.358000+00:00;7;1255;10;9988
2025-03-21 03:35:13.358000+00:00;10;1255;4;9988
2025-03-21 03:35:13.358000+00:00;12;1255;15;9988
2025-03-21 03:35:13.358000+00:00;16;1255;7;9988
2025-03-21 03:35:13.358000+00:00;22;1255;8;9988
2025-03-21 03:35:13.358000+00:00;23;1255;17;9988
2025-03-21 03:35:13.358000+00:00;27;1255;18;9988
2025-03-21 03:35:13.358000+00:00;30;1255;16;9988
2025-03-21 03:35:13.358000+00:00;31;1255;12;9988
2025-03-21 03:35:13.358000+00:00;44;1255;5;9988
2025-03-21 03:35:13.358000+00:00;55;1255;9;9988
2025-03-21 03:35:13.358000+00:00;63;1255;1;9988
2025-03-21 03:35:13.358000+00:00;81;1255;2;9988
2025-03-21 03:35:13.358000+00:00;87;1255;14;9988
2025-03-21 03:35:27.880000+00:00;5;1255;14;9988
2025-03-21 03:35:27.880000+00:00;6;1255;12;9988
2025-03-21 03:35:27.880000+00:00;7;1255;11;9988
2025-03-21 03:35:27.880000+00:00;12;1255;16;9988
2025-03-21 03:35:27.880000+00:00;23;1255;18;9988
2025-03-21 03:35:27.880000+00:00;27;1255;9;9988
2025-03-21 03:35:27.880000+00:00;30;1255;17;9988
2025-03-21 03:35:27.880000+00:00;31;1255;13;9988
2025-03-21 03:35:27.880000+00:00;55;1255;10;9988
2025-03-21 03:35:27.880000+00:00;87;1255;15;9988
2025-03-21 03:35:31.380000+00:00;4;1255;7;9988
2025-03-21 03:35:31.380000+00:00;5;1255;15;9988
2025-03-21 03:35:31.380000+00:00;6;1255;13;9988
2025-03-21 03:35:31.380000+00:00;7;1255;12;9988
2025-03-21 03:35:31.380000+00:00;12;1255;17;9988
2025-03-21 03:35:31.380000+00:00;14;1255;6;9988
2025-03-21 03:35:31.380000+00:00;16;1255;8;9988
2025-03-21 03:35:31.380000+00:00;22;1255;9;9988
2025-03-21 03:35:31.380000+00:00;23;1255;19;9988
2025-03-21 03:35:31.380000+00:00;27;1255;10;9988
2025-03-21 03:35:31.380000+00:00;30;1255;18;9988
2025-03-21 03:35:31.380000+00:00;31;1255;14;9988
2025-03-21 03:35:31.380000+00:00;55;1255;11;9988
2025-03-21 03:35:31.380000+00:00;87;1255;16;9988
2025-03-21 03:35:55.446000+00:00;23;1255;18;9988
2025-03-21 03:35:55.446000+00:00;30;1255;19;9988
2025-03-21 03:36:55.221000+00:00;5;1255;16;9988
2025-03-21 03:36:55.221000+00:00;6;1255;14;9988
2025-03-21 03:36:55.221000+00:00;7;1255;13;9988
2025-03-21 03:36:55.221000+00:00;12;1255;8;9988
2025-03-21 03:36:55.221000+00:00;16;1255;9;9988
2025-03-21 03:36:55.221000+00:00;22;1255;10;9988
2025-03-21 03:36:55.221000+00:00;27;1255;11;9988
2025-03-21 03:36:55.221000+00:00;31;1255;15;9988
2025-03-21 03:36:55.221000+00:00;55;1255;12;9988
2025-03-21 03:36:55.221000+00:00;87;1255;17;9988
2025-03-21 03:37:14.992000+00:00;5;1255;17;9988
2025-03-21 03:37:14.992000+00:00;6;1255;15;9988
2025-03-21 03:37:14.992000+00:00;7;1255;14;9988
2025-03-21 03:37:14.992000+00:00;16;1255;10;9988
2025-03-21 03:37:14.992000+00:00;18;1255;9;9988
2025-03-21 03:37:14.992000+00:00;22;1255;11;9988
2025-03-21 03:37:14.992000+00:00;23;1255;19;9988
2025-03-21 03:37:14.992000+00:00;27;1255;12;9988
2025-03-21 03:37:14.992000+00:00;30;1255;20;9988
2025-03-21 03:37:14.992000+00:00;31;1255;16;9988
2025-03-21 03:37:14.992000+00:00;55;1255;13;9988
2025-03-21 03:37:14.992000+00:00;87;1255;18;9988
2025-03-21 03:37:20.666000+00:00;5;1255;18;9988
2025-03-21 03:37:20.666000+00:00;6;1255;16;9988
2025-03-21 03:37:20.666000+00:00;7;1255;15;9988
2025-03-21 03:37:20.666000+00:00;23;1255;20;9988
2025-03-21 03:37:20.666000+00:00;27;1255;13;9988
2025-03-21 03:37:20.666000+00:00;30;1255;12;9988
2025-03-21 03:37:20.666000+00:00;31;1255;17;9988
2025-03-21 03:37:20.666000+00:00;55;1255;14;9988
2025-03-21 03:37:20.666000+00:00;87;1255;19;9988
2025-03-21 03:37:31.223000+00:00;4;1255;8;9988
2025-03-21 03:37:31.223000+00:00;5;1255;19;9988
2025-03-21 03:37:31.223000+00:00;6;1255;17;9988
2025-03-21 03:37:31.223000+00:00;7;1255;16;9988
2025-03-21 03:37:31.223000+00:00;12;1255;9;9988
2025-03-21 03:37:31.223000+00:00;16;1255;11;9988
2025-03-21 03:37:31.223000+00:00;18;1255;10;9988
2025-03-21 03:37:31.223000+00:00;22;1255;12;9988
2025-03-21 03:37:31.223000+00:00;23;1255;7;9988
2025-03-21 03:37:31.223000+00:00;27;1255;14;9988
2025-03-21 03:37:31.223000+00:00;30;1255;13;9988
2025-03-21 03:37:31.223000+00:00;31;1255;18;9988
2025-03-21 03:37:31.223000+00:00;55;1255;15;9988
2025-03-21 03:37:31.223000+00:00;87;1255;20;9988
2025-03-21 03:37:39.889000+00:00;5;1255;20;9988
2025-03-21 03:37:39.889000+00:00;6;1255;18;9988
2025-03-21 03:37:39.889000+00:00;7;1255;17;9988
2025-03-21 03:37:39.889000+00:00;27;1255;15;9988
2025-03-21 03:37:39.889000+00:00;30;1255;14;9988
2025-03-21 03:37:39.889000+00:00;31;1255;19;9988
2025-03-21 03:37:39.889000+00:00;55;1255;16;9988
2025-03-21 03:37:39.889000+00:00;87;1255;13;9988
2025-03-21 03:37:50.422000+00:00;1;1255;4;9988
2025-03-21 03:37:50.422000+00:00;4;1255;9;9988
2025-03-21 03:37:50.422000+00:00;10;1255;5;9988
2025-03-21 03:37:50.422000+00:00;12;1255;10;9988
2025-03-21 03:37:50.422000+00:00;14;1255;7;9988
2025-03-21 03:37:50.422000+00:00;16;1255;12;9988
2025-03-21 03:37:50.422000+00:00;18;1255;11;9988
2025-03-21 03:37:50.422000+00:00;22;1255;13;9988
2025-03-21 03:37:50.422000+00:00;23;1255;8;9988
2025-03-21 03:37:50.422000+00:00;27;1255;16;9988
2025-03-21 03:37:50.422000+00:00;30;1255;15;9988
2025-03-21 03:37:50.422000+00:00;44;1255;6;9988
2025-03-21 03:37:50.422000+00:00;55;1255;1;9988
2025-03-21 03:37:50.422000+00:00;63;1255;2;9988
2025-03-21 03:37:50.422000+00:00;81;1255;3;9988
2025-03-21 03:37:50.422000+00:00;87;1255;14;9988
2025-03-21 03:38:06.112000+00:00;1;1255;5;9988
2025-03-21 03:38:06.112000+00:00;4;1255;10;9988
2025-03-21 03:38:06.112000+00:00;10;1255;6;9988
2025-03-21 03:38:06.112000+00:00;12;1255;11;9988
2025-03-21 03:38:06.112000+00:00;14;1255;8;9988
2025-03-21 03:38:06.112000+00:00;16;1255;13;9988
2025-03-21 03:38:06.112000+00:00;18;1255;12;9988
2025-03-21 03:38:06.112000+00:00;22;1255;2;9988
2025-03-21 03:38:06.112000+00:00;23;1255;9;9988
2025-03-21 03:38:06.112000+00:00;44;1255;7;9988
2025-03-21 03:38:06.112000+00:00;63;1255;3;9988
2025-03-21 03:38:06.112000+00:00;81;1255;4;9988
2025-03-21 03:38:13.893000+00:00;1;1255;6;9988
2025-03-21 03:38:13.893000+00:00;4;1255;11;9988
2025-03-21 03:38:13.893000+00:00;6;1255;5;9988
2025-03-21 03:38:13.893000+00:00;7;1255;18;9988
2025-03-21 03:38:13.893000+00:00;10;1255;7;9988
2025-03-21 03:38:13.893000+00:00;12;1255;12;9988
2025-03-21 03:38:13.893000+00:00;14;1255;9;9988
2025-03-21 03:38:13.893000+00:00;16;1255;14;9988
2025-03-21 03:38:13.893000+00:00;18;1255;13;9988
2025-03-21 03:38:13.893000+00:00;23;1255;10;9988
2025-03-21 03:38:13.893000+00:00;27;1255;17;9988
2025-03-21 03:38:13.893000+00:00;30;1255;16;9988
2025-03-21 03:38:13.893000+00:00;44;1255;8;9988
2025-03-21 03:38:13.893000+00:00;87;1255;15;9988
2025-03-21 03:38:25.842000+00:00;1;1255;7;9988
2025-03-21 03:38:25.842000+00:00;6;1255;6;9988
2025-03-21 03:38:25.842000+00:00;10;1255;1;9988
2025-03-21 03:38:25.842000+00:00;22;1255;3;9988
2025-03-21 03:38:25.842000+00:00;55;1255;2;9988
2025-03-21 03:38:25.842000+00:00;63;1255;4;9988
2025-03-21 03:38:25.842000+00:00;81;1255;5;9988
2025-03-21 03:38:30.718000+00:00;4;1255;12;9988
2025-03-21 03:38:30.718000+00:00;12;1255;8;9988
2025-03-21 03:38:30.718000+00:00;14;1255;10;9988
2025-03-21 03:38:30.718000+00:00;23;1255;11;9988
2025-03-21 03:38:30.718000+00:00;44;1255;9;9988
2025-03-21 03:38:38.620000+00:00;1;1255;8;9988
2025-03-21 03:38:38.620000+00:00;4;1255;13;9988
2025-03-21 03:38:38.620000+00:00;6;1255;7;9988
2025-03-21 03:38:38.620000+00:00;7;1255;3;9988
2025-03-21 03:38:38.620000+00:00;12;1255;9;9988
2025-03-21 03:38:38.620000+00:00;14;1255;11;9988
2025-03-21 03:38:38.620000+00:00;16;1255;15;9988
2025-03-21 03:38:38.620000+00:00;18;1255;14;9988
2025-03-21 03:38:38.620000+00:00;22;1255;4;9988
2025-03-21 03:38:38.620000+00:00;23;1255;12;9988
2025-03-21 03:38:38.620000+00:00;27;1255;18;9988
2025-03-21 03:38:38.620000+00:00;30;1255;17;9988
2025-03-21 03:38:38.620000+00:00;44;1255;10;9988
2025-03-21 03:38:38.620000+00:00;63;1255;5;9988
2025-03-21 03:38:38.620000+00:00;81;1255;6;9988
2025-03-21 03:38:38.620000+00:00;87;1255;16;9988
2025-03-21 03:38:46.197000+00:00;1;1255;9;9988
2025-03-21 03:38:46.197000+00:00;6;1255;8;9988
2025-03-21 03:38:46.197000+00:00;7;1255;4;9988
2025-03-21 03:38:46.197000+00:00;10;1255;2;9988
2025-03-21 03:38:46.197000+00:00;12;1255;10;9988
2025-03-21 03:38:46.197000+00:00;22;1255;5;9988
2025-03-21 03:38:46.197000+00:00;44;1255;1;9988
2025-03-21 03:38:46.197000+00:00;55;1255;3;9988
2025-03-21 03:38:46.197000+00:00;63;1255;6;9988
2025-03-21 03:38:46.197000+00:00;81;1255;7;9988
2025-03-21 03:38:55.308000+00:00;1;1255;1;9988
2025-03-21 03:38:55.308000+00:00;6;1255;9;9988
2025-03-21 03:38:55.308000+00:00;7;1255;5;9988
2025-03-21 03:38:55.308000+00:00;10;1255;3;9988
2025-03-21 03:38:55.308000+00:00;22;1255;6;9988
2025-03-21 03:38:55.308000+00:00;44;1255;2;9988
2025-03-21 03:38:55.308000+00:00;55;1255;4;9988
2025-03-21 03:38:55.308000+00:00;63;1255;7;9988
2025-03-21 03:38:55.308000+00:00;81;1255;8;9988
2025-03-21 03:39:01.639000+00:00;4;1255;14;9988
2025-03-21 03:39:01.639000+00:00;6;1255;10;9988
2025-03-21 03:39:01.639000+00:00;7;1255;6;9988
2025-03-21 03:39:01.639000+00:00;10;1255;4;9988
2025-03-21 03:39:01.639000+00:00;12;1255;11;9988
2025-03-21 03:39:01.639000+00:00;14;1255;12;9988
2025-03-21 03:39:01.639000+00:00;16;1255;2;9988
2025-03-21 03:39:01.639000+00:00;18;1255;15;9988
2025-03-21 03:39:01.639000+00:00;22;1255;7;9988
2025-03-21 03:39:01.639000+00:00;23;1255;13;9988
2025-03-21 03:39:01.639000+00:00;44;1255;3;9988
2025-03-21 03:39:01.639000+00:00;55;1255;5;9988
2025-03-21 03:39:01.639000+00:00;63;1255;8;9988
2025-03-21 03:39:01.639000+00:00;81;1255;9;9988
2025-03-21 03:39:07.812000+00:00;5;1255;19;9988
2025-03-21 03:39:07.812000+00:00;31;1255;20;9988
2025-03-21 03:39:15.149000+00:00;1;1255;2;9988
2025-03-21 03:39:15.149000+00:00;4;1255;1;9988
2025-03-21 03:39:15.149000+00:00;6;1255;11;9988
2025-03-21 03:39:15.149000+00:00;7;1255;7;9988
2025-03-21 03:39:15.149000+00:00;10;1255;5;9988
2025-03-21 03:39:15.149000+00:00;12;1255;12;9988
2025-03-21 03:39:15.149000+00:00;14;1255;13;9988
2025-03-21 03:39:15.149000+00:00;16;1255;3;9988
2025-03-21 03:39:15.149000+00:00;22;1255;8;9988
2025-03-21 03:39:15.149000+00:00;23;1255;14;9988
2025-03-21 03:39:15.149000+00:00;44;1255;4;9988
2025-03-21 03:39:15.149000+00:00;55;1255;6;9988
2025-03-21 03:39:15.149000+00:00;63;1255;9;9988
2025-03-21 03:39:15.149000+00:00;81;1255;10;9988
2025-03-21 03:39:22.953000+00:00;12;1255;13;9988
2025-03-21 03:39:22.953000+00:00;14;1255;14;9988
2025-03-21 03:39:22.953000+00:00;18;1255;16;9988
2025-03-21 03:39:22.953000+00:00;23;1255;15;9988
2025-03-21 03:39:22.953000+00:00;27;1255;12;9988
2025-03-21 03:39:22.953000+00:00;30;1255;18;9988
2025-03-21 03:39:22.953000+00:00;87;1255;17;9988
2025-03-21 03:39:30.413000+00:00;1;1255;3;9988
2025-03-21 03:39:30.413000+00:00;7;1255;8;9988
2025-03-21 03:39:30.413000+00:00;10;1255;6;9988
2025-03-21 03:39:30.413000+00:00;16;1255;4;9988
2025-03-21 03:39:30.413000+00:00;22;1255;9;9988
2025-03-21 03:39:30.413000+00:00;44;1255;5;9988
2025-03-21 03:39:30.413000+00:00;55;1255;7;9988
2025-03-21 03:39:30.413000+00:00;63;1255;2;9988
2025-03-21 03:39:38.730000+00:00;6;1255;12;9988
2025-03-21 03:39:38.730000+00:00;7;1255;9;9988
2025-03-21 03:39:38.730000+00:00;12;1255;14;9988
2025-03-21 03:39:38.730000+00:00;14;1255;7;9988
2025-03-21 03:39:38.730000+00:00;22;1255;10;9988
2025-03-21 03:39:38.730000+00:00;27;1255;13;9988
2025-03-21 03:39:38.730000+00:00;55;1255;8;9988
2025-03-21 03:39:38.730000+00:00;81;1255;11;9988
2025-03-21 03:39:58.639000+00:00;5;1255;20;9988
2025-03-21 03:39:58.639000+00:00;12;1255;15;9988
2025-03-21 03:39:58.639000+00:00;18;1255;17;9988
2025-03-21 03:39:58.639000+00:00;23;1255;16;9988
2025-03-21 03:39:58.639000+00:00;30;1255;19;9988
2025-03-21 03:39:58.639000+00:00;31;1255;14;9988
2025-03-21 03:39:58.639000+00:00;87;1255;18;9988
2025-03-21 03:41:08.994000+00:00;1;1255;4;9988
2025-03-21 03:41:08.994000+00:00;4;1255;2;9988
2025-03-21 03:41:08.994000+00:00;7;1255;10;9988
2025-03-21 03:41:08.994000+00:00;10;1255;7;9988
2025-03-21 03:41:08.994000+00:00;14;1255;8;9988
2025-03-21 03:41:08.994000+00:00;16;1255;5;9988
2025-03-21 03:41:08.994000+00:00;22;1255;11;9988
2025-03-21 03:41:08.994000+00:00;44;1255;6;9988
2025-03-21 03:41:08.994000+00:00;55;1255;9;9988
2025-03-21 03:41:08.994000+00:00;63;1255;3;9988
2025-03-21 03:41:08.994000+00:00;81;1255;1;9988
2025-03-21 03:41:17.099000+00:00;12;1255;16;9988
2025-03-21 03:41:17.099000+00:00;18;1255;13;9988
2025-03-21 03:41:17.099000+00:00;23;1255;17;9988
2025-03-21 03:41:17.099000+00:00;27;1255;14;9988
2025-03-21 03:41:17.099000+00:00;31;1255;15;9988
2025-03-21 03:41:27.795000+00:00;6;1255;13;9988
2025-03-21 03:41:27.795000+00:00;7;1255;11;9988
2025-03-21 03:41:27.795000+00:00;12;1255;17;9988
2025-03-21 03:41:27.795000+00:00;18;1255;14;9988
2025-03-21 03:41:27.795000+00:00;22;1255;12;9988
2025-03-21 03:41:27.795000+00:00;23;1255;10;9988
2025-03-21 03:41:27.795000+00:00;27;1255;15;9988
2025-03-21 03:41:27.795000+00:00;31;1255;16;9988
2025-03-21 03:41:35.581000+00:00;12;1255;18;9988
2025-03-21 03:41:35.581000+00:00;27;1255;16;9988
2025-03-21 03:41:35.581000+00:00;31;1255;17;9988
2025-03-21 03:41:35.581000+00:00;87;1255;15;9988
2025-03-21 03:42:09.524000+00:00;7;1255;12;9988
2025-03-21 03:42:09.524000+00:00;14;1255;9;9988
2025-03-21 03:42:09.524000+00:00;22;1255;8;9988
2025-03-21 03:42:09.524000+00:00;23;1255;11;9988
2025-03-21 03:42:09.524000+00:00;55;1255;10;9988
2025-03-21 03:42:20.740000+00:00;6;1255;12;9988
2025-03-21 03:42:20.740000+00:00;7;1255;13;9988
2025-03-21 03:42:28.938000+00:00;6;1255;13;9988
2025-03-21 03:42:28.938000+00:00;7;1255;14;9988
2025-03-21 03:42:28.938000+00:00;10;1255;8;9988
2025-03-21 03:42:28.938000+00:00;12;1255;6;9988
2025-03-21 03:42:28.938000+00:00;14;1255;10;9988
2025-03-21 03:42:28.938000+00:00;18;1255;15;9988
2025-03-21 03:42:28.938000+00:00;22;1255;9;9988
2025-03-21 03:42:28.938000+00:00;23;1255;12;9988
2025-03-21 03:42:28.938000+00:00;27;1255;17;9988
2025-03-21 03:42:28.938000+00:00;31;1255;18;9988
2025-03-21 03:42:28.938000+00:00;44;1255;7;9988
2025-03-21 03:42:28.938000+00:00;55;1255;11;9988
2025-03-21 03:42:28.938000+00:00;87;1255;16;9988
2025-03-21 03:42:53.855000+00:00;1;1255;5;9988
2025-03-21 03:42:53.855000+00:00;10;1255;4;9988
2025-03-21 03:42:53.855000+00:00;12;1255;7;9988
2025-03-21 03:42:53.855000+00:00;16;1255;6;9988
2025-03-21 03:42:53.855000+00:00;44;1255;8;9988
2025-03-21 03:43:00.398000+00:00;6;1255;14;9988
2025-03-21 03:43:00.398000+00:00;7;1255;11;9988
2025-03-21 03:43:00.398000+00:00;23;1255;13;9988
2025-03-21 03:43:00.398000+00:00;55;1255;12;9988
2025-03-21 03:43:18.205000+00:00;1;1255;6;9988
2025-03-21 03:43:18.205000+00:00;4;1255;3;9988
2025-03-21 03:43:18.205000+00:00;10;1255;5;9988
2025-03-21 03:43:18.205000+00:00;12;1255;8;9988
2025-03-21 03:43:18.205000+00:00;16;1255;7;9988
2025-03-21 03:43:18.205000+00:00;44;1255;1;9988
2025-03-21 03:43:18.205000+00:00;63;1255;4;9988
2025-03-21 03:43:18.205000+00:00;81;1255;2;9988
2025-03-21 03:43:23.214000+00:00;1;1255;7;9988
2025-03-21 03:43:23.214000+00:00;10;1255;6;9988
2025-03-21 03:43:23.214000+00:00;16;1255;5;9988
2025-03-21 03:43:43.971000+00:00;4;1255;4;9988
2025-03-21 03:43:43.971000+00:00;44;1255;2;9988
2025-03-21 03:43:43.971000+00:00;63;1255;1;9988
2025-03-21 03:43:43.971000+00:00;81;1255;3;9988
2025-03-21 03:44:16.568000+00:00;18;1255;16;9988
2025-03-21 03:44:16.568000+00:00;27;1255;18;9988
2025-03-21 03:44:16.568000+00:00;31;1255;15;9988
2025-03-21 03:44:16.568000+00:00;87;1255;17;9988
2025-03-21 03:45:04.071000+00:00;1;1255;3;9988
2025-03-21 03:45:04.071000+00:00;4;1255;5;9988
2025-03-21 03:45:04.071000+00:00;10;1255;7;9988
2025-03-21 03:45:04.071000+00:00;16;1255;6;9988
2025-03-21 03:45:04.071000+00:00;81;1255;4;9988
2025-03-21 03:45:24.189000+00:00;7;1255;12;9988
2025-03-21 03:45:24.189000+00:00;10;1255;8;9988
2025-03-21 03:45:24.189000+00:00;12;1255;9;9988
2025-03-21 03:45:24.189000+00:00;14;1255;11;9988
2025-03-21 03:45:24.189000+00:00;16;1255;7;9988
2025-03-21 03:45:24.189000+00:00;22;1255;10;9988
2025-03-21 03:45:24.189000+00:00;23;1255;6;9988
2025-03-21 03:45:24.189000+00:00;55;1255;13;9988
2025-03-21 03:45:37.168000+00:00;6;1255;15;9988
2025-03-21 03:45:37.168000+00:00;7;1255;13;9988
2025-03-21 03:45:37.168000+00:00;14;1255;12;9988
2025-03-21 03:45:37.168000+00:00;18;1255;17;9988
2025-03-21 03:45:37.168000+00:00;22;1255;11;9988
2025-03-21 03:45:37.168000+00:00;31;1255;16;9988
2025-03-21 03:45:37.168000+00:00;55;1255;14;9988
2025-03-21 03:45:37.168000+00:00;87;1255;10;9988
2025-03-21 03:46:24.577000+00:00;10;1255;9;9988
2025-03-21 03:46:24.577000+00:00;12;1255;10;9988
2025-03-21 03:46:24.577000+00:00;14;1255;6;9988
2025-03-21 03:46:24.577000+00:00;16;1255;8;9988
2025-03-21 03:46:24.577000+00:00;22;1255;12;9988
2025-03-21 03:46:24.577000+00:00;23;1255;7;9988
2025-03-21 03:46:24.577000+00:00;87;1255;11;9988
2025-03-21 03:46:30.415000+00:00;1;1255;4;9988
2025-03-21 03:46:30.415000+00:00;4;1255;6;9988
2025-03-21 03:46:30.415000+00:00;10;1255;10;9988
2025-03-21 03:46:30.415000+00:00;12;1255;2;9988
2025-03-21 03:46:30.415000+00:00;14;1255;7;9988
2025-03-21 03:46:30.415000+00:00;16;1255;9;9988
2025-03-21 03:46:30.415000+00:00;23;1255;8;9988
2025-03-21 03:46:30.415000+00:00;44;1255;3;9988
2025-03-21 03:46:30.415000+00:00;81;1255;5;9988
2025-03-21 03:47:27.691000+00:00;7;1255;11;9988
2025-03-21 03:47:27.691000+00:00;22;1255;13;9988
2025-03-21 03:47:27.691000+00:00;87;1255;12;9988
2025-03-21 03:47:39.864000+00:00;12;1255;3;9988
2025-03-21 03:47:39.864000+00:00;44;1255;2;9988
2025-03-21 03:47:53.996000+00:00;1;1255;5;9988
2025-03-21 03:47:53.996000+00:00;4;1255;7;9988
2025-03-21 03:47:53.996000+00:00;12;1255;4;9988
2025-03-21 03:47:53.996000+00:00;14;1255;8;9988
2025-03-21 03:47:53.996000+00:00;16;1255;1;9988
2025-03-21 03:47:53.996000+00:00;23;1255;9;9988
2025-03-21 03:47:53.996000+00:00;44;1255;3;9988
2025-03-21 03:47:53.996000+00:00;63;1255;2;9988
2025-03-21 03:47:53.996000+00:00;81;1255;6;9988
2025-03-21 03:48:01.585000+00:00;7;1255;12;9988
2025-03-21 03:48:01.585000+00:00;10;1255;11;9988
2025-03-21 03:48:01.585000+00:00;14;1255;9;9988
2025-03-21 03:48:01.585000+00:00;22;1255;14;9988
2025-03-21 03:48:01.585000+00:00;23;1255;10;9988
2025-03-21 03:48:01.585000+00:00;55;1255;8;9988
2025-03-21 03:48:01.585000+00:00;87;1255;13;9988
2025-03-21 03:48:35.525000+00:00;6;1255;16;9988
2025-03-21 03:48:35.525000+00:00;31;1255;15;9988
2025-03-21 03:48:48.747000+00:00;6;1255;17;9988
2025-03-21 03:48:48.747000+00:00;7;1255;13;9988
2025-03-21 03:48:48.747000+00:00;18;1255;12;9988
2025-03-21 03:48:48.747000+00:00;22;1255;15;9988
2025-03-21 03:48:48.747000+00:00;31;1255;16;9988
2025-03-21 03:48:48.747000+00:00;87;1255;14;9988
2025-03-21 03:49:03.496000+00:00;6;1255;13;9988
2025-03-21 03:49:03.496000+00:00;7;1255;14;9988
2025-03-21 03:49:03.496000+00:00;22;1255;16;9988
2025-03-21 03:49:03.496000+00:00;31;1255;17;9988
2025-03-21 03:49:03.496000+00:00;87;1255;15;9988
2025-03-21 03:49:39.859000+00:00;14;1255;10;9988
2025-03-21 03:49:39.859000+00:00;23;1255;9;9988
2025-03-21 03:50:00.956000+00:00;22;1255;17;9988
2025-03-21 03:50:00.956000+00:00;27;1255;19;9988
2025-03-21 03:50:00.956000+00:00;30;1255;16;9988
2025-03-21 03:50:00.956000+00:00;31;1255;18;9988
2025-03-21 03:50:04.023000+00:00;16;1255;2;9988
2025-03-21 03:50:04.023000+00:00;63;1255;1;9988
2025-03-21 03:53:00.135000+00:00;6;1255;14;9988
2025-03-21 03:53:00.135000+00:00;7;1255;15;9988
2025-03-21 03:53:00.135000+00:00;10;1255;12;9988
2025-03-21 03:53:00.135000+00:00;14;1255;11;9988
2025-03-21 03:53:00.135000+00:00;18;1255;13;9988
2025-03-21 03:53:00.135000+00:00;22;1255;9;9988
2025-03-21 03:53:00.135000+00:00;23;1255;10;9988
2025-03-21 03:53:00.135000+00:00;30;1255;17;9988
2025-03-21 03:53:00.135000+00:00;87;1255;16;9988
2025-03-21 03:58:08.778000+00:00;27;1255;18;9988
2025-03-21 03:58:08.778000+00:00;31;1255;19;9988
2025-03-21 04:01:17.195000+00:00;6;1255;15;9988
2025-03-21 04:01:17.195000+00:00;7;1255;16;9988
2025-03-21 04:01:17.195000+00:00;18;1255;14;9988
2025-03-21 04:01:17.195000+00:00;27;1255;19;9988
2025-03-21 04:01:17.195000+00:00;30;1255;18;9988
2025-03-21 04:01:17.195000+00:00;31;1255;13;9988
2025-03-21 04:01:17.195000+00:00;87;1255;17;9988
2025-03-21 04:02:04.024000+00:00;6;1255;16;9988
2025-03-21 04:02:04.024000+00:00;7;1255;17;9988
2025-03-21 04:02:04.024000+00:00;27;1255;15;9988
2025-03-21 04:02:04.024000+00:00;30;1255;19;9988
2025-03-21 04:02:04.024000+00:00;87;1255;18;9988
2025-03-21 04:06:41.558000+00:00;6;1255;17;9988
2025-03-21 04:06:41.558000+00:00;7;1255;14;9988
2025-03-21 04:06:41.558000+00:00;18;1255;15;9988
2025-03-21 04:06:41.558000+00:00;27;1255;16;9988
2025-03-21 04:07:38.557000+00:00;1;1255;6;9988
2025-03-21 04:07:38.557000+00:00;12;1255;5;9988
2025-03-21 04:07:38.557000+00:00;44;1255;4;9988
2025-03-21 04:07:38.557000+00:00;81;1255;3;9988
2025-03-21 04:25:34.323000+00:00;1;1255;7;9988
2025-03-21 04:25:34.323000+00:00;4;1255;8;9988
2025-03-21 04:25:34.323000+00:00;12;1255;6;9988
2025-03-21 04:25:34.323000+00:00;44;1255;5;9988
2025-03-21 04:25:34.323000+00:00;55;1255;4;9988
2025-03-21 04:25:40.649000+00:00;1;1255;8;9988
2025-03-21 04:25:40.649000+00:00;4;1255;9;9988
2025-03-21 04:25:40.649000+00:00;12;1255;7;9988
2025-03-21 04:25:40.649000+00:00;16;1255;3;9988
2025-03-21 04:25:40.649000+00:00;22;1255;10;9988
2025-03-21 04:25:40.649000+00:00;23;1255;2;9988
2025-03-21 04:25:40.649000+00:00;44;1255;6;9988
2025-03-21 04:25:40.649000+00:00;55;1255;5;9988
2025-03-21 04:25:40.649000+00:00;81;1255;4;9988
2025-03-21 04:25:53.381000+00:00;6;1255;18;9988
2025-03-21 04:25:53.381000+00:00;7;1255;15;9988
2025-03-21 04:25:53.381000+00:00;10;1255;13;9988
2025-03-21 04:25:53.381000+00:00;14;1255;12;9988
2025-03-21 04:25:53.381000+00:00;18;1255;16;9988
2025-03-21 04:25:53.381000+00:00;27;1255;17;9988
2025-03-21 04:25:53.381000+00:00;30;1255;11;9988
2025-03-21 04:25:53.381000+00:00;31;1255;14;9988
2025-03-21 04:25:53.381000+00:00;87;1255;19;9988
2025-03-21 04:25:58.277000+00:00;5;1255;17;9988
2025-03-21 04:25:58.277000+00:00;6;1255;19;9988
2025-03-21 04:25:58.277000+00:00;27;1255;18;9988
2025-03-21 04:25:58.277000+00:00;87;1255;20;9988
2025-03-21 04:26:03.699000+00:00;16;1255;1;9988
2025-03-21 04:26:03.699000+00:00;23;1255;3;9988
2025-03-21 04:26:03.699000+00:00;63;1255;2;9988
2025-03-21 04:26:11.203000+00:00;12;1255;5;9988
2025-03-21 04:26:11.203000+00:00;44;1255;7;9988
2025-03-21 04:26:11.203000+00:00;55;1255;6;9988
2025-03-21 04:26:19.055000+00:00;12;1255;6;9988
2025-03-21 04:26:19.055000+00:00;23;1255;4;9988
2025-03-21 04:26:19.055000+00:00;44;1255;2;9988
2025-03-21 04:26:19.055000+00:00;55;1255;7;9988
2025-03-21 04:26:19.055000+00:00;63;1255;3;9988
2025-03-21 04:26:19.055000+00:00;81;1255;5;9988
2025-03-21 04:26:29.109000+00:00;1;1255;9;9988
2025-03-21 04:26:29.109000+00:00;4;1255;2;9988
2025-03-21 04:26:29.109000+00:00;12;1255;7;9988
2025-03-21 04:26:29.109000+00:00;23;1255;5;9988
2025-03-21 04:26:29.109000+00:00;44;1255;3;9988
2025-03-21 04:26:29.109000+00:00;55;1255;8;9988
2025-03-21 04:26:29.109000+00:00;63;1255;4;9988
2025-03-21 04:26:29.109000+00:00;81;1255;6;9988
2025-03-21 04:26:36.742000+00:00;23;1255;6;9988
2025-03-21 04:26:36.742000+00:00;81;1255;5;9988
2025-03-21 04:26:41.740000+00:00;1;1255;10;9988
2025-03-21 04:26:41.740000+00:00;5;1255;18;9988
2025-03-21 04:26:41.740000+00:00;6;1255;20;9988
2025-03-21 04:26:41.740000+00:00;7;1255;16;9988
2025-03-21 04:26:41.740000+00:00;10;1255;14;9988
2025-03-21 04:26:41.740000+00:00;14;1255;13;9988
2025-03-21 04:26:41.740000+00:00;18;1255;17;9988
2025-03-21 04:26:41.740000+00:00;22;1255;11;9988
2025-03-21 04:26:41.740000+00:00;27;1255;19;9988
2025-03-21 04:26:41.740000+00:00;30;1255;12;9988
2025-03-21 04:26:41.740000+00:00;31;1255;15;9988
2025-03-21 04:26:41.740000+00:00;55;1255;9;9988
2025-03-21 04:26:41.740000+00:00;87;1255;8;9988
2025-03-21 04:26:49.643000+00:00;1;1255;11;9988
2025-03-21 04:26:49.643000+00:00;12;1255;8;9988
2025-03-21 04:26:49.643000+00:00;14;1255;7;9988
2025-03-21 04:26:49.643000+00:00;22;1255;12;9988
2025-03-21 04:26:49.643000+00:00;30;1255;13;9988
2025-03-21 04:26:49.643000+00:00;55;1255;10;9988
2025-03-21 04:26:49.643000+00:00;87;1255;9;9988
2025-03-21 04:26:57.931000+00:00;1;1255;12;9988
2025-03-21 04:26:57.931000+00:00;10;1255;15;9988
2025-03-21 04:26:57.931000+00:00;22;1255;13;9988
2025-03-21 04:26:57.931000+00:00;30;1255;14;9988
2025-03-21 04:26:57.931000+00:00;31;1255;11;9988
2025-03-21 04:27:05.440000+00:00;5;1255;19;9988
2025-03-21 04:27:05.440000+00:00;6;1255;13;9988
2025-03-21 04:27:05.440000+00:00;7;1255;17;9988
2025-03-21 04:27:05.440000+00:00;10;1255;16;9988
2025-03-21 04:27:05.440000+00:00;18;1255;18;9988
2025-03-21 04:27:05.440000+00:00;22;1255;14;9988
2025-03-21 04:27:05.440000+00:00;27;1255;20;9988
2025-03-21 04:27:05.440000+00:00;30;1255;15;9988
2025-03-21 04:27:12.418000+00:00;5;1255;20;9988
2025-03-21 04:27:12.418000+00:00;7;1255;18;9988
2025-03-21 04:27:12.418000+00:00;10;1255;17;9988
2025-03-21 04:27:12.418000+00:00;18;1255;19;9988
2025-03-21 04:27:12.418000+00:00;27;1255;16;9988
2025-03-21 04:27:29.892000+00:00;1;1255;13;9988
2025-03-21 04:27:29.892000+00:00;6;1255;14;9988
2025-03-21 04:27:29.892000+00:00;10;1255;10;9988
2025-03-21 04:27:29.892000+00:00;22;1255;15;9988
2025-03-21 04:27:29.892000+00:00;27;1255;17;9988
2025-03-21 04:27:29.892000+00:00;30;1255;16;9988
2025-03-21 04:27:29.892000+00:00;31;1255;12;9988
2025-03-21 04:27:29.892000+00:00;55;1255;11;9988
2025-03-21 04:27:48.871000+00:00;1;1255;14;9988
2025-03-21 04:27:48.871000+00:00;6;1255;15;9988
2025-03-21 04:27:48.871000+00:00;10;1255;11;9988
2025-03-21 04:27:48.871000+00:00;22;1255;9;9988
2025-03-21 04:27:48.871000+00:00;31;1255;13;9988
2025-03-21 04:27:48.871000+00:00;55;1255;12;9988
2025-03-21 04:27:48.871000+00:00;87;1255;10;9988
2025-03-21 04:28:01.088000+00:00;1;1255;15;9988
2025-03-21 04:28:01.088000+00:00;6;1255;16;9988
2025-03-21 04:28:01.088000+00:00;7;1255;19;9988
2025-03-21 04:28:01.088000+00:00;10;1255;12;9988
2025-03-21 04:28:01.088000+00:00;18;1255;11;9988
2025-03-21 04:28:01.088000+00:00;27;1255;18;9988
2025-03-21 04:28:01.088000+00:00;30;1255;17;9988
2025-03-21 04:28:01.088000+00:00;31;1255;14;9988
2025-03-21 04:28:01.088000+00:00;55;1255;13;9988
2025-03-21 04:30:22.911000+00:00;5;1255;19;9988
2025-03-21 04:30:22.911000+00:00;7;1255;20;9988
2025-03-21 04:30:30.543000+00:00;4;1255;1;9988
2025-03-21 04:30:30.543000+00:00;16;1255;2;9988
2025-03-21 04:30:44.742000+00:00;44;1255;4;9988
2025-03-21 04:30:44.742000+00:00;63;1255;5;9988
2025-03-21 04:30:44.742000+00:00;81;1255;3;9988
2025-03-21 04:31:01.643000+00:00;10;1255;13;9988
2025-03-21 04:31:01.643000+00:00;31;1255;12;9988
2025-03-21 04:31:01.643000+00:00;55;1255;14;9988
2025-03-21 04:31:16.343000+00:00;1;1255;16;9988
2025-03-21 04:31:16.343000+00:00;6;1255;17;9988
2025-03-21 04:31:16.343000+00:00;10;1255;14;9988
2025-03-21 04:31:16.343000+00:00;12;1255;9;9988
2025-03-21 04:31:16.343000+00:00;14;1255;8;9988
2025-03-21 04:31:16.343000+00:00;18;1255;12;9988
2025-03-21 04:31:16.343000+00:00;22;1255;10;9988
2025-03-21 04:31:16.343000+00:00;23;1255;7;9988
2025-03-21 04:31:16.343000+00:00;27;1255;6;9988
2025-03-21 04:31:16.343000+00:00;30;1255;18;9988
2025-03-21 04:31:16.343000+00:00;31;1255;13;9988
2025-03-21 04:31:16.343000+00:00;55;1255;15;9988
2025-03-21 04:31:16.343000+00:00;87;1255;11;9988
2025-03-21 07:17:40.913000+00:00;1;1255;16;9989
2025-03-21 07:17:40.913000+00:00;4;1255;1;9989
2025-03-21 07:17:40.913000+00:00;5;1255;19;9989
2025-03-21 07:17:40.913000+00:00;6;1255;17;9989
2025-03-21 07:17:40.913000+00:00;7;1255;20;9989
2025-03-21 07:17:40.913000+00:00;10;1255;14;9989
2025-03-21 07:17:40.913000+00:00;12;1255;9;9989
2025-03-21 07:17:40.913000+00:00;14;1255;8;9989
2025-03-21 07:17:40.913000+00:00;16;1255;2;9989
2025-03-21 07:17:40.913000+00:00;18;1255;12;9989
2025-03-21 07:17:40.913000+00:00;22;1255;10;9989
2025-03-21 07:17:40.913000+00:00;23;1255;7;9989
2025-03-21 07:17:40.913000+00:00;27;1255;6;9989
2025-03-21 07:17:40.913000+00:00;30;1255;18;9989
2025-03-21 07:17:40.913000+00:00;31;1255;13;9989
2025-03-21 07:17:40.913000+00:00;44;1255;4;9989
2025-03-21 07:17:40.913000+00:00;55;1255;15;9989
2025-03-21 07:17:40.913000+00:00;63;1255;5;9989
2025-03-21 07:17:40.913000+00:00;81;1255;3;9989
2025-03-21 07:17:40.913000+00:00;87;1255;11;9989
2025-03-21 07:30:04.396000+00:00;4;1255;2;9989
2025-03-21 07:30:04.396000+00:00;12;1255;1;9989
2025-03-21 07:30:04.396000+00:00;14;1255;9;9989
2025-03-21 07:30:04.396000+00:00;16;1255;3;9989
2025-03-21 07:30:04.396000+00:00;23;1255;8;9989
2025-03-21 07:30:04.396000+00:00;27;1255;7;9989
2025-03-21 07:30:04.396000+00:00;44;1255;5;9989
2025-03-21 07:30:04.396000+00:00;63;1255;6;9989
2025-03-21 07:30:04.396000+00:00;81;1255;4;9989
2025-03-21 07:30:09.714000+00:00;4;1255;3;9989
2025-03-21 07:30:09.714000+00:00;12;1255;2;9989
2025-03-21 07:30:09.714000+00:00;16;1255;4;9989
2025-03-21 07:30:09.714000+00:00;44;1255;6;9989
2025-03-21 07:30:09.714000+00:00;63;1255;1;9989
2025-03-21 07:30:09.714000+00:00;81;1255;5;9989
2025-03-21 07:30:19.229000+00:00;1;1255;17;9989
2025-03-21 07:30:19.229000+00:00;4;1255;4;9989
2025-03-21 07:30:19.229000+00:00;5;1255;3;9989
2025-03-21 07:30:19.229000+00:00;6;1255;18;9989
2025-03-21 07:30:19.229000+00:00;10;1255;15;9989
2025-03-21 07:30:19.229000+00:00;14;1255;10;9989
2025-03-21 07:30:19.229000+00:00;16;1255;5;9989
2025-03-21 07:30:19.229000+00:00;18;1255;13;9989
2025-03-21 07:30:19.229000+00:00;22;1255;11;9989
2025-03-21 07:30:19.229000+00:00;23;1255;9;9989
2025-03-21 07:30:19.229000+00:00;27;1255;8;9989
2025-03-21 07:30:19.229000+00:00;30;1255;19;9989
2025-03-21 07:30:19.229000+00:00;31;1255;14;9989
2025-03-21 07:30:19.229000+00:00;44;1255;7;9989
2025-03-21 07:30:19.229000+00:00;55;1255;16;9989
2025-03-21 07:30:19.229000+00:00;81;1255;6;9989
2025-03-21 07:30:19.229000+00:00;87;1255;12;9989
2025-03-21 07:30:27.687000+00:00;4;1255;5;9989
2025-03-21 07:30:27.687000+00:00;5;1255;4;9989
2025-03-21 07:30:27.687000+00:00;14;1255;11;9989
2025-03-21 07:30:27.687000+00:00;16;1255;6;9989
2025-03-21 07:30:27.687000+00:00;22;1255;3;9989
2025-03-21 07:30:27.687000+00:00;23;1255;10;9989
2025-03-21 07:30:27.687000+00:00;27;1255;9;9989
2025-03-21 07:30:27.687000+00:00;44;1255;8;9989
2025-03-21 07:30:27.687000+00:00;81;1255;7;9989
2025-03-21 07:30:33.405000+00:00;1;1255;4;9989
2025-03-21 07:30:33.405000+00:00;4;1255;6;9989
2025-03-21 07:30:33.405000+00:00;5;1255;5;9989
2025-03-21 07:30:33.405000+00:00;10;1255;16;9989
2025-03-21 07:30:33.405000+00:00;14;1255;12;9989
2025-03-21 07:30:33.405000+00:00;16;1255;7;9989
2025-03-21 07:30:33.405000+00:00;18;1255;14;9989
2025-03-21 07:30:33.405000+00:00;23;1255;11;9989
2025-03-21 07:30:33.405000+00:00;27;1255;10;9989
2025-03-21 07:30:33.405000+00:00;31;1255;15;9989
2025-03-21 07:30:33.405000+00:00;44;1255;9;9989
2025-03-21 07:30:33.405000+00:00;55;1255;17;9989
2025-03-21 07:30:33.405000+00:00;81;1255;8;9989
2025-03-21 07:30:33.405000+00:00;87;1255;13;9989
2025-03-21 07:30:50.645000+00:00;4;1255;7;9989
2025-03-21 07:30:50.645000+00:00;5;1255;6;9989
2025-03-21 07:30:50.645000+00:00;6;1255;5;9989
2025-03-21 07:30:50.645000+00:00;10;1255;17;9989
2025-03-21 07:30:50.645000+00:00;14;1255;13;9989
2025-03-21 07:30:50.645000+00:00;16;1255;8;9989
2025-03-21 07:30:50.645000+00:00;18;1255;15;9989
2025-03-21 07:30:50.645000+00:00;23;1255;12;9989
2025-03-21 07:30:50.645000+00:00;27;1255;11;9989
2025-03-21 07:30:50.645000+00:00;31;1255;16;9989
2025-03-21 07:30:50.645000+00:00;44;1255;10;9989
2025-03-21 07:30:50.645000+00:00;55;1255;18;9989
2025-03-21 07:30:50.645000+00:00;81;1255;9;9989
2025-03-21 07:30:50.645000+00:00;87;1255;14;9989
2025-03-21 07:30:58.910000+00:00;1;1255;5;9989
2025-03-21 07:30:58.910000+00:00;4;1255;8;9989
2025-03-21 07:30:58.910000+00:00;5;1255;7;9989
2025-03-21 07:30:58.910000+00:00;6;1255;6;9989
2025-03-21 07:30:58.910000+00:00;10;1255;4;9989
2025-03-21 07:30:58.910000+00:00;14;1255;14;9989
2025-03-21 07:30:58.910000+00:00;16;1255;9;9989
2025-03-21 07:30:58.910000+00:00;18;1255;16;9989
2025-03-21 07:30:58.910000+00:00;23;1255;13;9989
2025-03-21 07:30:58.910000+00:00;27;1255;12;9989
2025-03-21 07:30:58.910000+00:00;31;1255;17;9989
2025-03-21 07:30:58.910000+00:00;44;1255;11;9989
2025-03-21 07:30:58.910000+00:00;81;1255;10;9989
2025-03-21 07:30:58.910000+00:00;87;1255;15;9989
2025-03-21 07:31:10.764000+00:00;4;1255;9;9989
2025-03-21 07:31:10.764000+00:00;7;1255;8;9989
2025-03-21 07:31:10.764000+00:00;14;1255;15;9989
2025-03-21 07:31:10.764000+00:00;16;1255;10;9989
2025-03-21 07:31:10.764000+00:00;18;1255;17;9989
2025-03-21 07:31:10.764000+00:00;23;1255;14;9989
2025-03-21 07:31:10.764000+00:00;27;1255;13;9989
2025-03-21 07:31:10.764000+00:00;30;1255;20;9989
2025-03-21 07:31:10.764000+00:00;31;1255;18;9989
2025-03-21 07:31:10.764000+00:00;44;1255;12;9989
2025-03-21 07:31:10.764000+00:00;55;1255;19;9989
2025-03-21 07:31:10.764000+00:00;81;1255;11;9989
2025-03-21 07:31:10.764000+00:00;87;1255;16;9989
2025-03-21 07:31:19.970000+00:00;1;1255;6;9989
2025-03-21 07:31:19.970000+00:00;4;1255;10;9989
2025-03-21 07:31:19.970000+00:00;5;1255;8;9989
2025-03-21 07:31:19.970000+00:00;6;1255;7;9989
2025-03-21 07:31:19.970000+00:00;7;1255;9;9989
2025-03-21 07:31:19.970000+00:00;10;1255;5;9989
2025-03-21 07:31:19.970000+00:00;14;1255;16;9989
2025-03-21 07:31:19.970000+00:00;16;1255;11;9989
2025-03-21 07:31:19.970000+00:00;23;1255;15;9989
2025-03-21 07:31:19.970000+00:00;27;1255;14;9989
2025-03-21 07:31:19.970000+00:00;44;1255;13;9989
2025-03-21 07:31:19.970000+00:00;81;1255;12;9989
2025-03-21 07:31:19.970000+00:00;87;1255;4;9989
2025-03-21 07:31:28.330000+00:00;1;1255;7;9989
2025-03-21 07:31:28.330000+00:00;4;1255;11;9989
2025-03-21 07:31:28.330000+00:00;5;1255;9;9989
2025-03-21 07:31:28.330000+00:00;6;1255;8;9989
2025-03-21 07:31:28.330000+00:00;7;1255;10;9989
2025-03-21 07:31:28.330000+00:00;10;1255;6;9989
2025-03-21 07:31:28.330000+00:00;14;1255;17;9989
2025-03-21 07:31:28.330000+00:00;16;1255;12;9989
2025-03-21 07:31:28.330000+00:00;18;1255;18;9989
2025-03-21 07:31:28.330000+00:00;23;1255;16;9989
2025-03-21 07:31:28.330000+00:00;27;1255;15;9989
2025-03-21 07:31:28.330000+00:00;31;1255;5;9989
2025-03-21 07:31:28.330000+00:00;44;1255;14;9989
2025-03-21 07:31:28.330000+00:00;81;1255;13;9989
2025-03-21 07:31:37.429000+00:00;1;1255;8;9989
2025-03-21 07:31:37.429000+00:00;4;1255;12;9989
2025-03-21 07:31:37.429000+00:00;5;1255;10;9989
2025-03-21 07:31:37.429000+00:00;6;1255;9;9989
2025-03-21 07:31:37.429000+00:00;7;1255;11;9989
2025-03-21 07:31:37.429000+00:00;10;1255;7;9989
2025-03-21 07:31:37.429000+00:00;12;1255;3;9989
2025-03-21 07:31:37.429000+00:00;16;1255;13;9989
2025-03-21 07:31:37.429000+00:00;22;1255;4;9989
2025-03-21 07:31:37.429000+00:00;31;1255;6;9989
2025-03-21 07:31:37.429000+00:00;44;1255;1;9989
2025-03-21 07:31:37.429000+00:00;63;1255;2;9989
2025-03-21 07:31:37.429000+00:00;81;1255;14;9989
2025-03-21 07:31:37.429000+00:00;87;1255;5;9989
2025-03-21 07:31:45.101000+00:00;1;1255;9;9989
2025-03-21 07:31:45.101000+00:00;4;1255;13;9989
2025-03-21 07:31:45.101000+00:00;5;1255;11;9989
2025-03-21 07:31:45.101000+00:00;6;1255;10;9989
2025-03-21 07:31:45.101000+00:00;7;1255;12;9989
2025-03-21 07:31:45.101000+00:00;10;1255;8;9989
2025-03-21 07:31:45.101000+00:00;12;1255;4;9989
2025-03-21 07:31:45.101000+00:00;16;1255;1;9989
2025-03-21 07:31:45.101000+00:00;22;1255;5;9989
2025-03-21 07:31:45.101000+00:00;31;1255;7;9989
2025-03-21 07:31:45.101000+00:00;44;1255;2;9989
2025-03-21 07:31:45.101000+00:00;63;1255;3;9989
2025-03-21 07:31:45.101000+00:00;87;1255;6;9989
2025-03-21 07:31:52.492000+00:00;1;1255;10;9989
2025-03-21 07:31:52.492000+00:00;4;1255;14;9989
2025-03-21 07:31:52.492000+00:00;5;1255;12;9989
2025-03-21 07:31:52.492000+00:00;6;1255;11;9989
2025-03-21 07:31:52.492000+00:00;7;1255;13;9989
2025-03-21 07:31:52.492000+00:00;14;1255;18;9989
2025-03-21 07:31:52.492000+00:00;18;1255;19;9989
2025-03-21 07:31:52.492000+00:00;23;1255;17;9989
2025-03-21 07:31:52.492000+00:00;27;1255;16;9989
2025-03-21 07:31:52.492000+00:00;55;1255;9;9989
2025-03-21 07:31:52.492000+00:00;81;1255;15;9989
2025-03-21 07:31:57.248000+00:00;12;1255;1;9989
2025-03-21 07:31:57.248000+00:00;16;1255;2;9989
2025-03-21 07:31:57.248000+00:00;44;1255;3;9989
2025-03-21 07:31:57.248000+00:00;63;1255;4;9989
2025-03-21 07:32:01.658000+00:00;12;1255;2;9989
2025-03-21 07:32:01.658000+00:00;16;1255;3;9989
2025-03-21 07:32:01.658000+00:00;44;1255;4;9989
2025-03-21 07:32:01.658000+00:00;63;1255;1;9989
2025-03-21 07:32:01.773000+00:00;4;1255;15;9989
2025-03-21 07:32:01.773000+00:00;5;1255;13;9989
2025-03-21 07:32:01.773000+00:00;7;1255;14;9989
2025-03-21 07:32:01.773000+00:00;14;1255;19;9989
2025-03-21 07:32:01.773000+00:00;18;1255;20;9989
2025-03-21 07:32:01.773000+00:00;23;1255;18;9989
2025-03-21 07:32:01.773000+00:00;27;1255;17;9989
2025-03-21 07:32:01.773000+00:00;30;1255;12;9989
2025-03-21 07:32:01.773000+00:00;81;1255;16;9989
2025-03-21 07:32:09.562000+00:00;1;1255;11;9989
2025-03-21 07:32:09.562000+00:00;4;1255;16;9989
2025-03-21 07:32:09.562000+00:00;5;1255;14;9989
2025-03-21 07:32:09.562000+00:00;6;1255;12;9989
2025-03-21 07:32:09.562000+00:00;7;1255;15;9989
2025-03-21 07:32:09.562000+00:00;10;1255;9;9989
2025-03-21 07:32:09.562000+00:00;22;1255;6;9989
2025-03-21 07:32:09.562000+00:00;23;1255;5;9989
2025-03-21 07:32:09.562000+00:00;27;1255;18;9989
2025-03-21 07:32:09.562000+00:00;30;1255;13;9989
2025-03-21 07:32:09.562000+00:00;31;1255;8;9989
2025-03-21 07:32:09.562000+00:00;55;1255;10;9989
2025-03-21 07:32:09.562000+00:00;81;1255;17;9989
2025-03-21 07:32:09.562000+00:00;87;1255;7;9989
2025-03-21 07:32:10.484000+00:00;1;1255;12;9989
2025-03-21 07:32:10.484000+00:00;5;1255;3;9989
2025-03-21 07:32:10.484000+00:00;6;1255;13;9989
2025-03-21 07:32:10.484000+00:00;10;1255;10;9989
2025-03-21 07:32:10.484000+00:00;16;1255;4;9989
2025-03-21 07:32:10.484000+00:00;22;1255;7;9989
2025-03-21 07:32:10.484000+00:00;23;1255;6;9989
2025-03-21 07:32:10.484000+00:00;30;1255;14;9989
2025-03-21 07:32:10.484000+00:00;31;1255;9;9989
2025-03-21 07:32:10.484000+00:00;44;1255;5;9989
2025-03-21 07:32:10.484000+00:00;55;1255;11;9989
2025-03-21 07:32:10.484000+00:00;87;1255;8;9989
2025-03-21 07:32:20.801000+00:00;1;1255;13;9989
2025-03-21 07:32:20.801000+00:00;4;1255;4;9989
2025-03-21 07:32:20.801000+00:00;6;1255;14;9989
2025-03-21 07:32:20.801000+00:00;7;1255;16;9989
2025-03-21 07:32:20.801000+00:00;10;1255;11;9989
2025-03-21 07:32:20.801000+00:00;16;1255;5;9989
2025-03-21 07:32:20.801000+00:00;22;1255;8;9989
2025-03-21 07:32:20.801000+00:00;23;1255;7;9989
2025-03-21 07:32:20.801000+00:00;30;1255;15;9989
2025-03-21 07:32:20.801000+00:00;31;1255;10;9989
2025-03-21 07:32:20.801000+00:00;44;1255;6;9989
2025-03-21 07:32:20.801000+00:00;55;1255;12;9989
2025-03-21 07:32:20.801000+00:00;87;1255;9;9989
2025-03-21 07:32:25.311000+00:00;4;1255;5;9989
2025-03-21 07:32:25.311000+00:00;5;1255;4;9989
2025-03-21 07:32:25.311000+00:00;16;1255;6;9989
2025-03-21 07:32:25.311000+00:00;22;1255;3;9989
2025-03-21 07:32:25.311000+00:00;23;1255;8;9989
2025-03-21 07:32:25.311000+00:00;44;1255;7;9989
2025-03-21 07:32:32.543000+00:00;1;1255;14;9989
2025-03-21 07:32:32.543000+00:00;6;1255;15;9989
2025-03-21 07:32:32.543000+00:00;7;1255;17;9989
2025-03-21 07:32:32.543000+00:00;10;1255;12;9989
2025-03-21 07:32:32.543000+00:00;23;1255;9;9989
2025-03-21 07:32:32.543000+00:00;30;1255;16;9989
2025-03-21 07:32:32.543000+00:00;31;1255;11;9989
2025-03-21 07:32:32.543000+00:00;44;1255;8;9989
2025-03-21 07:32:32.543000+00:00;55;1255;13;9989
2025-03-21 07:32:32.543000+00:00;81;1255;7;9989
2025-03-21 07:32:32.543000+00:00;87;1255;10;9989
2025-03-21 07:32:35.918000+00:00;1;1255;4;9989
2025-03-21 07:32:35.918000+00:00;4;1255;6;9989
2025-03-21 07:32:35.918000+00:00;5;1255;5;9989
2025-03-21 07:32:35.918000+00:00;10;1255;13;9989
2025-03-21 07:32:35.918000+00:00;16;1255;7;9989
2025-03-21 07:32:35.918000+00:00;23;1255;10;9989
2025-03-21 07:32:35.918000+00:00;31;1255;12;9989
2025-03-21 07:32:35.918000+00:00;44;1255;9;9989
2025-03-21 07:32:35.918000+00:00;55;1255;14;9989
2025-03-21 07:32:35.918000+00:00;81;1255;8;9989
2025-03-21 07:32:35.918000+00:00;87;1255;11;9989
2025-03-21 07:32:42.103000+00:00;6;1255;16;9989
2025-03-21 07:32:42.103000+00:00;7;1255;18;9989
2025-03-21 07:32:42.103000+00:00;10;1255;14;9989
2025-03-21 07:32:42.103000+00:00;14;1255;20;9989
2025-03-21 07:32:42.103000+00:00;18;1255;12;9989
2025-03-21 07:32:42.103000+00:00;27;1255;19;9989
2025-03-21 07:32:42.103000+00:00;30;1255;17;9989
2025-03-21 07:32:42.103000+00:00;31;1255;13;9989
2025-03-21 07:32:42.103000+00:00;55;1255;15;9989
2025-03-21 07:32:43.509000+00:00;4;1255;7;9989
2025-03-21 07:32:43.509000+00:00;5;1255;6;9989
2025-03-21 07:32:43.509000+00:00;10;1255;15;9989
2025-03-21 07:32:43.509000+00:00;16;1255;8;9989
2025-03-21 07:32:43.509000+00:00;18;1255;13;9989
2025-03-21 07:32:43.509000+00:00;23;1255;11;9989
2025-03-21 07:32:43.509000+00:00;31;1255;14;9989
2025-03-21 07:32:43.509000+00:00;44;1255;10;9989
2025-03-21 07:32:43.509000+00:00;55;1255;16;9989
2025-03-21 07:32:43.509000+00:00;81;1255;9;9989
2025-03-21 07:32:43.509000+00:00;87;1255;12;9989
2025-03-21 07:32:54.337000+00:00;1;1255;5;9989
2025-03-21 07:32:54.337000+00:00;4;1255;8;9989
2025-03-21 07:32:54.337000+00:00;5;1255;7;9989
2025-03-21 07:32:54.337000+00:00;6;1255;6;9989
2025-03-21 07:32:54.337000+00:00;10;1255;4;9989
2025-03-21 07:32:54.337000+00:00;16;1255;9;9989
2025-03-21 07:32:54.337000+00:00;18;1255;14;9989
2025-03-21 07:32:54.337000+00:00;23;1255;12;9989
2025-03-21 07:32:54.337000+00:00;31;1255;15;9989
2025-03-21 07:32:54.337000+00:00;44;1255;11;9989
2025-03-21 07:32:54.337000+00:00;81;1255;10;9989
2025-03-21 07:32:54.337000+00:00;87;1255;13;9989
2025-03-21 07:32:56.056000+00:00;7;1255;19;9989
2025-03-21 07:32:56.056000+00:00;14;1255;13;9989
2025-03-21 07:32:56.056000+00:00;18;1255;15;9989
2025-03-21 07:32:56.056000+00:00;27;1255;20;9989
2025-03-21 07:32:56.056000+00:00;30;1255;18;9989
2025-03-21 07:32:56.056000+00:00;31;1255;16;9989
2025-03-21 07:32:56.056000+00:00;55;1255;17;9989
2025-03-21 07:32:56.056000+00:00;87;1255;14;9989
2025-03-21 07:33:04.523000+00:00;7;1255;20;9989
2025-03-21 07:33:04.523000+00:00;14;1255;14;9989
2025-03-21 07:33:04.523000+00:00;18;1255;16;9989
2025-03-21 07:33:04.523000+00:00;23;1255;13;9989
2025-03-21 07:33:04.523000+00:00;27;1255;12;9989
2025-03-21 07:33:04.523000+00:00;30;1255;19;9989
2025-03-21 07:33:04.523000+00:00;31;1255;17;9989
2025-03-21 07:33:04.523000+00:00;55;1255;18;9989
2025-03-21 07:33:04.523000+00:00;87;1255;15;9989
2025-03-21 07:33:05.632000+00:00;4;1255;9;9989
2025-03-21 07:33:05.632000+00:00;7;1255;8;9989
2025-03-21 07:33:05.632000+00:00;14;1255;15;9989
2025-03-21 07:33:05.632000+00:00;16;1255;10;9989
2025-03-21 07:33:05.632000+00:00;18;1255;17;9989
2025-03-21 07:33:05.632000+00:00;23;1255;14;9989
2025-03-21 07:33:05.632000+00:00;27;1255;13;9989
2025-03-21 07:33:05.632000+00:00;30;1255;20;9989
2025-03-21 07:33:05.632000+00:00;31;1255;18;9989
2025-03-21 07:33:05.632000+00:00;44;1255;12;9989
2025-03-21 07:33:05.632000+00:00;55;1255;19;9989
2025-03-21 07:33:05.632000+00:00;81;1255;11;9989
2025-03-21 07:33:05.632000+00:00;87;1255;16;9989
2025-03-21 07:33:14.132000+00:00;1;1255;6;9989
2025-03-21 07:33:14.132000+00:00;4;1255;10;9989
2025-03-21 07:33:14.132000+00:00;5;1255;8;9989
2025-03-21 07:33:14.132000+00:00;6;1255;7;9989
2025-03-21 07:33:14.132000+00:00;7;1255;9;9989
2025-03-21 07:33:14.132000+00:00;10;1255;5;9989
2025-03-21 07:33:14.132000+00:00;14;1255;16;9989
2025-03-21 07:33:14.132000+00:00;16;1255;11;9989
2025-03-21 07:33:14.132000+00:00;23;1255;15;9989
2025-03-21 07:33:14.132000+00:00;27;1255;14;9989
2025-03-21 07:33:14.132000+00:00;44;1255;13;9989
2025-03-21 07:33:14.132000+00:00;81;1255;12;9989
2025-03-21 07:33:14.132000+00:00;87;1255;4;9989
2025-03-21 07:33:29.820000+00:00;1;1255;7;9989
2025-03-21 07:33:29.820000+00:00;4;1255;11;9989
2025-03-21 07:33:29.820000+00:00;5;1255;9;9989
2025-03-21 07:33:29.820000+00:00;6;1255;8;9989
2025-03-21 07:33:29.820000+00:00;7;1255;10;9989
2025-03-21 07:33:29.820000+00:00;10;1255;6;9989
2025-03-21 07:33:29.820000+00:00;14;1255;17;9989
2025-03-21 07:33:29.820000+00:00;16;1255;12;9989
2025-03-21 07:33:29.820000+00:00;18;1255;18;9989
2025-03-21 07:33:29.820000+00:00;23;1255;16;9989
2025-03-21 07:33:29.820000+00:00;27;1255;15;9989
2025-03-21 07:33:29.820000+00:00;31;1255;5;9989
2025-03-21 07:33:29.820000+00:00;44;1255;14;9989
2025-03-21 07:33:29.820000+00:00;81;1255;13;9989
2025-03-21 07:33:37.773000+00:00;1;1255;8;9989
2025-03-21 07:33:37.773000+00:00;4;1255;12;9989
2025-03-21 07:33:37.773000+00:00;5;1255;10;9989
2025-03-21 07:33:37.773000+00:00;6;1255;9;9989
2025-03-21 07:33:37.773000+00:00;7;1255;11;9989
2025-03-21 07:33:37.773000+00:00;10;1255;7;9989
2025-03-21 07:33:37.773000+00:00;12;1255;3;9989
2025-03-21 07:33:37.773000+00:00;16;1255;13;9989
2025-03-21 07:33:37.773000+00:00;22;1255;4;9989
2025-03-21 07:33:37.773000+00:00;31;1255;6;9989
2025-03-21 07:33:37.773000+00:00;44;1255;1;9989
2025-03-21 07:33:37.773000+00:00;63;1255;2;9989
2025-03-21 07:33:37.773000+00:00;81;1255;14;9989
2025-03-21 07:33:37.773000+00:00;87;1255;5;9989
2025-03-21 07:33:44.291000+00:00;1;1255;9;9989
2025-03-21 07:33:44.291000+00:00;5;1255;1;9989
2025-03-21 07:33:44.291000+00:00;6;1255;10;9989
2025-03-21 07:33:44.291000+00:00;10;1255;8;9989
2025-03-21 07:33:44.291000+00:00;12;1255;4;9989
2025-03-21 07:33:44.291000+00:00;22;1255;5;9989
2025-03-21 07:33:44.291000+00:00;31;1255;7;9989
2025-03-21 07:33:44.291000+00:00;44;1255;2;9989
2025-03-21 07:33:44.291000+00:00;63;1255;3;9989
2025-03-21 07:33:44.291000+00:00;87;1255;6;9989
2025-03-21 07:33:47.807000+00:00;12;1255;2;9989
2025-03-21 07:33:47.807000+00:00;44;1255;3;9989
2025-03-21 07:33:47.807000+00:00;63;1255;4;9989
2025-03-21 07:33:55.354000+00:00;1;1255;10;9989
2025-03-21 07:33:55.354000+00:00;4;1255;13;9989
2025-03-21 07:33:55.354000+00:00;6;1255;11;9989
2025-03-21 07:33:55.354000+00:00;7;1255;12;9989
2025-03-21 07:33:55.354000+00:00;10;1255;9;9989
2025-03-21 07:33:55.354000+00:00;16;1255;3;9989
2025-03-21 07:33:55.354000+00:00;22;1255;6;9989
2025-03-21 07:33:55.354000+00:00;31;1255;8;9989
2025-03-21 07:33:55.354000+00:00;44;1255;4;9989
2025-03-21 07:33:55.354000+00:00;63;1255;5;9989
2025-03-21 07:33:55.354000+00:00;87;1255;7;9989
2025-03-21 07:33:58.744000+00:00;5;1255;2;9989
2025-03-21 07:33:58.744000+00:00;12;1255;3;9989
2025-03-21 07:33:58.744000+00:00;16;1255;4;9989
2025-03-21 07:33:58.744000+00:00;22;1255;1;9989
2025-03-21 07:33:58.744000+00:00;44;1255;5;9989
2025-03-21 07:33:58.744000+00:00;63;1255;6;9989
2025-03-21 07:34:00.432000+00:00;16;1255;5;9989
2025-03-21 07:34:00.432000+00:00;44;1255;6;9989
2025-03-21 07:34:00.432000+00:00;63;1255;4;9989
2025-03-21 07:34:06.479000+00:00;1;1255;11;9989
2025-03-21 07:34:06.479000+00:00;4;1255;14;9989
2025-03-21 07:34:06.479000+00:00;6;1255;12;9989
2025-03-21 07:34:06.479000+00:00;7;1255;13;9989
2025-03-21 07:34:06.479000+00:00;14;1255;18;9989
2025-03-21 07:34:06.479000+00:00;18;1255;19;9989
2025-03-21 07:34:06.479000+00:00;23;1255;17;9989
2025-03-21 07:34:06.479000+00:00;27;1255;16;9989
2025-03-21 07:34:06.479000+00:00;55;1255;10;9989
2025-03-21 07:34:06.479000+00:00;81;1255;15;9989
2025-03-21 07:34:08.291000+00:00;1;1255;1;9989
2025-03-21 07:34:08.291000+00:00;5;1255;3;9989
2025-03-21 07:34:08.291000+00:00;10;1255;10;9989
2025-03-21 07:34:08.291000+00:00;12;1255;4;9989
2025-03-21 07:34:08.291000+00:00;16;1255;6;9989
2025-03-21 07:34:08.291000+00:00;22;1255;2;9989
2025-03-21 07:34:08.291000+00:00;31;1255;9;9989
2025-03-21 07:34:08.291000+00:00;44;1255;7;9989
2025-03-21 07:34:08.291000+00:00;55;1255;11;9989
2025-03-21 07:34:08.291000+00:00;63;1255;5;9989
2025-03-21 07:34:08.291000+00:00;87;1255;8;9989
2025-03-21 07:34:12.843000+00:00;4;1255;15;9989
2025-03-21 07:34:12.843000+00:00;7;1255;14;9989
2025-03-21 07:34:12.843000+00:00;14;1255;19;9989
2025-03-21 07:34:12.843000+00:00;18;1255;20;9989
2025-03-21 07:34:12.843000+00:00;23;1255;18;9989
2025-03-21 07:34:12.843000+00:00;27;1255;17;9989
2025-03-21 07:34:12.843000+00:00;30;1255;13;9989
2025-03-21 07:34:12.843000+00:00;81;1255;16;9989
2025-03-21 07:34:16.343000+00:00;5;1255;4;9989
2025-03-21 07:34:16.343000+00:00;6;1255;2;9989
2025-03-21 07:34:16.343000+00:00;10;1255;11;9989
2025-03-21 07:34:16.343000+00:00;12;1255;5;9989
2025-03-21 07:34:16.343000+00:00;16;1255;7;9989
2025-03-21 07:34:16.343000+00:00;22;1255;3;9989
2025-03-21 07:34:16.343000+00:00;31;1255;10;9989
2025-03-21 07:34:16.343000+00:00;44;1255;8;9989
2025-03-21 07:34:16.343000+00:00;55;1255;12;9989
2025-03-21 07:34:16.343000+00:00;63;1255;6;9989
2025-03-21 07:34:16.343000+00:00;87;1255;9;9989
2025-03-21 07:34:20.999000+00:00;4;1255;16;9989
2025-03-21 07:34:20.999000+00:00;7;1255;15;9989
2025-03-21 07:34:20.999000+00:00;10;1255;12;9989
2025-03-21 07:34:20.999000+00:00;23;1255;9;9989
2025-03-21 07:34:20.999000+00:00;27;1255;18;9989
2025-03-21 07:34:20.999000+00:00;30;1255;14;9989
2025-03-21 07:34:20.999000+00:00;31;1255;11;9989
2025-03-21 07:34:20.999000+00:00;55;1255;13;9989
2025-03-21 07:34:20.999000+00:00;81;1255;17;9989
2025-03-21 07:34:20.999000+00:00;87;1255;10;9989
2025-03-21 07:34:27.218000+00:00;5;1255;5;9989
2025-03-21 07:34:27.218000+00:00;10;1255;3;9989
2025-03-21 07:34:27.218000+00:00;12;1255;6;9989
2025-03-21 07:34:27.218000+00:00;16;1255;8;9989
2025-03-21 07:34:27.218000+00:00;22;1255;4;9989
2025-03-21 07:34:27.218000+00:00;23;1255;10;9989
2025-03-21 07:34:27.218000+00:00;31;1255;12;9989
2025-03-21 07:34:27.218000+00:00;44;1255;9;9989
2025-03-21 07:34:27.218000+00:00;63;1255;7;9989
2025-03-21 07:34:27.218000+00:00;87;1255;11;9989
2025-03-21 07:34:29.734000+00:00;4;1255;8;9989
2025-03-21 07:34:29.734000+00:00;7;1255;16;9989
2025-03-21 07:34:29.734000+00:00;16;1255;9;9989
2025-03-21 07:34:29.734000+00:00;23;1255;11;9989
2025-03-21 07:34:29.734000+00:00;30;1255;15;9989
2025-03-21 07:34:29.734000+00:00;31;1255;13;9989
2025-03-21 07:34:29.734000+00:00;44;1255;10;9989
2025-03-21 07:34:29.734000+00:00;55;1255;14;9989
2025-03-21 07:34:29.734000+00:00;87;1255;12;9989
2025-03-21 07:34:36.718000+00:00;7;1255;17;9989
2025-03-21 07:34:36.718000+00:00;23;1255;12;9989
2025-03-21 07:34:36.718000+00:00;30;1255;16;9989
2025-03-21 07:34:36.718000+00:00;31;1255;14;9989
2025-03-21 07:34:36.718000+00:00;44;1255;11;9989
2025-03-21 07:34:36.718000+00:00;55;1255;15;9989
2025-03-21 07:34:36.718000+00:00;81;1255;10;9989
2025-03-21 07:34:36.718000+00:00;87;1255;13;9989
2025-03-21 07:34:38.671000+00:00;4;1255;9;9989
2025-03-21 07:34:38.671000+00:00;5;1255;6;9989
2025-03-21 07:34:38.671000+00:00;7;1255;4;9989
2025-03-21 07:34:38.671000+00:00;12;1255;7;9989
2025-03-21 07:34:38.671000+00:00;16;1255;10;9989
2025-03-21 07:34:38.671000+00:00;22;1255;5;9989
2025-03-21 07:34:38.671000+00:00;23;1255;13;9989
2025-03-21 07:34:38.671000+00:00;30;1255;17;9989
2025-03-21 07:34:38.671000+00:00;31;1255;15;9989
2025-03-21 07:34:38.671000+00:00;44;1255;12;9989
2025-03-21 07:34:38.671000+00:00;55;1255;16;9989
2025-03-21 07:34:38.671000+00:00;63;1255;8;9989
2025-03-21 07:34:38.671000+00:00;81;1255;11;9989
2025-03-21 07:34:38.671000+00:00;87;1255;14;9989
2025-03-21 07:34:47.328000+00:00;4;1255;10;9989
2025-03-21 07:34:47.328000+00:00;5;1255;7;9989
2025-03-21 07:34:47.328000+00:00;12;1255;8;9989
2025-03-21 07:34:47.328000+00:00;16;1255;11;9989
2025-03-21 07:34:47.328000+00:00;23;1255;14;9989
2025-03-21 07:34:47.328000+00:00;44;1255;13;9989
2025-03-21 07:34:47.328000+00:00;63;1255;9;9989
2025-03-21 07:34:47.328000+00:00;81;1255;12;9989
2025-03-21 07:34:47.328000+00:00;87;1255;6;9989
2025-03-21 07:34:52.240000+00:00;14;1255;20;9989
2025-03-21 07:34:52.240000+00:00;18;1255;15;9989
2025-03-21 07:34:52.240000+00:00;27;1255;19;9989
2025-03-21 07:34:52.240000+00:00;30;1255;18;9989
2025-03-21 07:34:52.240000+00:00;31;1255;16;9989
2025-03-21 07:34:52.240000+00:00;55;1255;17;9989
2025-03-21 07:34:57.975000+00:00;14;1255;15;9989
2025-03-21 07:34:57.975000+00:00;18;1255;16;9989
2025-03-21 07:34:57.975000+00:00;27;1255;20;9989
2025-03-21 07:34:57.975000+00:00;30;1255;19;9989
2025-03-21 07:34:57.975000+00:00;31;1255;17;9989
2025-03-21 07:34:57.975000+00:00;55;1255;18;9989
2025-03-21 07:35:03.584000+00:00;4;1255;11;9989
2025-03-21 07:35:03.584000+00:00;12;1255;9;9989
2025-03-21 07:35:03.584000+00:00;14;1255;16;9989
2025-03-21 07:35:03.584000+00:00;16;1255;12;9989
2025-03-21 07:35:03.584000+00:00;18;1255;17;9989
2025-03-21 07:35:03.584000+00:00;23;1255;15;9989
2025-03-21 07:35:03.584000+00:00;31;1255;8;9989
2025-03-21 07:35:03.584000+00:00;44;1255;14;9989
2025-03-21 07:35:03.584000+00:00;63;1255;10;9989
2025-03-21 07:35:03.584000+00:00;81;1255;13;9989
2025-03-21 07:35:04.615000+00:00;14;1255;17;9989
2025-03-21 07:35:04.615000+00:00;18;1255;18;9989
2025-03-21 07:35:04.615000+00:00;23;1255;16;9989
2025-03-21 07:35:04.615000+00:00;27;1255;15;9989
2025-03-21 07:35:04.615000+00:00;30;1255;20;9989
2025-03-21 07:35:04.615000+00:00;55;1255;19;9989
2025-03-21 07:35:10.219000+00:00;1;1255;2;9989
2025-03-21 07:35:10.219000+00:00;4;1255;12;9989
2025-03-21 07:35:10.219000+00:00;5;1255;8;9989
2025-03-21 07:35:10.219000+00:00;6;1255;3;9989
2025-03-21 07:35:10.219000+00:00;7;1255;5;9989
2025-03-21 07:35:10.219000+00:00;10;1255;4;9989
2025-03-21 07:35:10.219000+00:00;12;1255;10;9989
2025-03-21 07:35:10.219000+00:00;16;1255;13;9989
2025-03-21 07:35:10.219000+00:00;22;1255;6;9989
2025-03-21 07:35:10.219000+00:00;31;1255;9;9989
2025-03-21 07:35:10.219000+00:00;44;1255;1;9989
2025-03-21 07:35:10.219000+00:00;63;1255;11;9989
2025-03-21 07:35:10.219000+00:00;81;1255;14;9989
2025-03-21 07:35:10.219000+00:00;87;1255;7;9989
2025-03-21 07:35:20.464000+00:00;5;1255;9;9989
2025-03-21 07:35:20.464000+00:00;6;1255;4;9989
2025-03-21 07:35:20.464000+00:00;7;1255;6;9989
2025-03-21 07:35:20.464000+00:00;10;1255;5;9989
2025-03-21 07:35:20.464000+00:00;12;1255;3;9989
2025-03-21 07:35:20.464000+00:00;22;1255;7;9989
2025-03-21 07:35:20.464000+00:00;31;1255;10;9989
2025-03-21 07:35:20.464000+00:00;87;1255;8;9989
2025-03-21 07:35:27.683000+00:00;1;1255;3;9989
2025-03-21 07:35:27.683000+00:00;4;1255;13;9989
2025-03-21 07:35:27.683000+00:00;5;1255;10;9989
2025-03-21 07:35:27.683000+00:00;6;1255;5;9989
2025-03-21 07:35:27.683000+00:00;7;1255;7;9989
2025-03-21 07:35:27.683000+00:00;10;1255;6;9989
2025-03-21 07:35:27.683000+00:00;12;1255;4;9989
2025-03-21 07:35:27.683000+00:00;16;1255;2;9989
2025-03-21 07:35:27.683000+00:00;22;1255;8;9989
2025-03-21 07:35:27.683000+00:00;31;1255;11;9989
2025-03-21 07:35:27.683000+00:00;63;1255;12;9989
2025-03-21 07:35:27.683000+00:00;87;1255;9;9989
2025-03-21 07:35:39.698000+00:00;4;1255;14;9989
2025-03-21 07:35:39.698000+00:00;5;1255;11;9989
2025-03-21 07:35:39.698000+00:00;14;1255;18;9989
2025-03-21 07:35:39.698000+00:00;18;1255;19;9989
2025-03-21 07:35:39.698000+00:00;23;1255;17;9989
2025-03-21 07:35:39.698000+00:00;27;1255;16;9989
2025-03-21 07:35:39.698000+00:00;31;1255;12;9989
2025-03-21 07:35:39.698000+00:00;55;1255;9;9989
2025-03-21 07:35:39.698000+00:00;63;1255;13;9989
2025-03-21 07:35:39.698000+00:00;81;1255;15;9989
2025-03-21 07:35:39.698000+00:00;87;1255;10;9989
2025-03-21 07:35:45.464000+00:00;4;1255;15;9989
2025-03-21 07:35:45.464000+00:00;5;1255;12;9989
2025-03-21 07:35:45.464000+00:00;6;1255;6;9989
2025-03-21 07:35:45.464000+00:00;7;1255;8;9989
2025-03-21 07:35:45.464000+00:00;10;1255;7;9989
2025-03-21 07:35:45.464000+00:00;14;1255;19;9989
2025-03-21 07:35:45.464000+00:00;18;1255;20;9989
2025-03-21 07:35:45.464000+00:00;22;1255;9;9989
2025-03-21 07:35:45.464000+00:00;23;1255;18;9989
2025-03-21 07:35:45.464000+00:00;27;1255;17;9989
2025-03-21 07:35:45.464000+00:00;30;1255;5;9989
2025-03-21 07:35:45.464000+00:00;31;1255;13;9989
2025-03-21 07:35:45.464000+00:00;55;1255;10;9989
2025-03-21 07:35:45.464000+00:00;63;1255;14;9989
2025-03-21 07:35:45.464000+00:00;81;1255;16;9989
2025-03-21 07:35:45.464000+00:00;87;1255;11;9989
2025-03-21 07:35:53.745000+00:00;4;1255;16;9989
2025-03-21 07:35:53.745000+00:00;5;1255;13;9989
2025-03-21 07:35:53.745000+00:00;7;1255;9;9989
2025-03-21 07:35:53.745000+00:00;10;1255;8;9989
2025-03-21 07:35:53.745000+00:00;22;1255;10;9989
2025-03-21 07:35:53.745000+00:00;23;1255;7;9989
2025-03-21 07:35:53.745000+00:00;27;1255;18;9989
2025-03-21 07:35:53.745000+00:00;31;1255;14;9989
2025-03-21 07:35:53.745000+00:00;55;1255;11;9989
2025-03-21 07:35:53.745000+00:00;63;1255;15;9989
2025-03-21 07:35:53.745000+00:00;81;1255;17;9989
2025-03-21 07:35:53.745000+00:00;87;1255;12;9989
2025-03-21 07:36:02.036000+00:00;1;1255;4;9989
2025-03-21 07:36:02.036000+00:00;4;1255;3;9989
2025-03-21 07:36:02.036000+00:00;5;1255;14;9989
2025-03-21 07:36:02.036000+00:00;6;1255;7;9989
2025-03-21 07:36:02.036000+00:00;7;1255;10;9989
2025-03-21 07:36:02.036000+00:00;10;1255;9;9989
2025-03-21 07:36:02.036000+00:00;12;1255;5;9989
2025-03-21 07:36:02.036000+00:00;22;1255;11;9989
2025-03-21 07:36:02.036000+00:00;23;1255;8;9989
2025-03-21 07:36:02.036000+00:00;30;1255;6;9989
2025-03-21 07:36:02.036000+00:00;31;1255;15;9989
2025-03-21 07:36:02.036000+00:00;55;1255;12;9989
2025-03-21 07:36:02.036000+00:00;63;1255;16;9989
2025-03-21 07:36:02.036000+00:00;87;1255;13;9989
2025-03-21 07:36:08.417000+00:00;1;1255;5;9989
2025-03-21 07:36:08.417000+00:00;4;1255;4;9989
2025-03-21 07:36:08.417000+00:00;5;1255;15;9989
2025-03-21 07:36:08.417000+00:00;6;1255;8;9989
2025-03-21 07:36:08.417000+00:00;7;1255;11;9989
2025-03-21 07:36:08.417000+00:00;10;1255;10;9989
2025-03-21 07:36:08.417000+00:00;12;1255;6;9989
2025-03-21 07:36:08.417000+00:00;16;1255;3;9989
2025-03-21 07:36:08.417000+00:00;22;1255;12;9989
2025-03-21 07:36:08.417000+00:00;23;1255;9;9989
2025-03-21 07:36:08.417000+00:00;30;1255;7;9989
2025-03-21 07:36:08.417000+00:00;31;1255;16;9989
2025-03-21 07:36:08.417000+00:00;44;1255;2;9989
2025-03-21 07:36:08.417000+00:00;55;1255;13;9989
2025-03-21 07:36:08.417000+00:00;63;1255;17;9989
2025-03-21 07:36:08.417000+00:00;81;1255;1;9989
2025-03-21 07:36:08.417000+00:00;87;1255;14;9989
2025-03-21 07:36:25.416000+00:00;5;1255;16;9989
2025-03-21 07:36:25.416000+00:00;7;1255;12;9989
2025-03-21 07:36:25.416000+00:00;14;1255;20;9989
2025-03-21 07:36:25.416000+00:00;18;1255;11;9989
2025-03-21 07:36:25.416000+00:00;22;1255;13;9989
2025-03-21 07:36:25.416000+00:00;27;1255;19;9989
2025-03-21 07:36:25.416000+00:00;31;1255;17;9989
2025-03-21 07:36:25.416000+00:00;55;1255;14;9989
2025-03-21 07:36:25.416000+00:00;63;1255;18;9989
2025-03-21 07:36:25.416000+00:00;87;1255;15;9989
2025-03-21 07:36:30.150000+00:00;1;1255;6;9989
2025-03-21 07:36:30.150000+00:00;4;1255;5;9989
2025-03-21 07:36:30.150000+00:00;5;1255;17;9989
2025-03-21 07:36:30.150000+00:00;6;1255;9;9989
2025-03-21 07:36:30.150000+00:00;7;1255;13;9989
2025-03-21 07:36:30.150000+00:00;10;1255;11;9989
2025-03-21 07:36:30.150000+00:00;12;1255;7;9989
2025-03-21 07:36:30.150000+00:00;14;1255;2;9989
2025-03-21 07:36:30.150000+00:00;16;1255;4;9989
2025-03-21 07:36:30.150000+00:00;18;1255;12;9989
2025-03-21 07:36:30.150000+00:00;22;1255;14;9989
2025-03-21 07:36:30.150000+00:00;23;1255;10;9989
2025-03-21 07:36:30.150000+00:00;27;1255;20;9989
2025-03-21 07:36:30.150000+00:00;30;1255;8;9989
2025-03-21 07:36:30.150000+00:00;31;1255;18;9989
2025-03-21 07:36:30.150000+00:00;44;1255;3;9989
2025-03-21 07:36:30.150000+00:00;55;1255;15;9989
2025-03-21 07:36:30.150000+00:00;63;1255;19;9989
2025-03-21 07:36:30.150000+00:00;87;1255;16;9989
2025-03-21 07:36:37.385000+00:00;5;1255;18;9989
2025-03-21 07:36:37.385000+00:00;6;1255;10;9989
2025-03-21 07:36:37.385000+00:00;7;1255;14;9989
2025-03-21 07:36:37.385000+00:00;10;1255;12;9989
2025-03-21 07:36:37.385000+00:00;18;1255;13;9989
2025-03-21 07:36:37.385000+00:00;22;1255;15;9989
2025-03-21 07:36:37.385000+00:00;23;1255;11;9989
2025-03-21 07:36:37.385000+00:00;27;1255;8;9989
2025-03-21 07:36:37.385000+00:00;30;1255;9;9989
2025-03-21 07:36:37.385000+00:00;31;1255;19;9989
2025-03-21 07:36:37.385000+00:00;55;1255;16;9989
2025-03-21 07:36:37.385000+00:00;63;1255;20;9989
2025-03-21 07:36:37.385000+00:00;87;1255;17;9989
2025-03-21 07:37:36.854000+00:00;1;1255;7;9989
2025-03-21 07:37:36.854000+00:00;5;1255;19;9989
2025-03-21 07:37:36.854000+00:00;6;1255;11;9989
2025-03-21 07:37:36.854000+00:00;7;1255;15;9989
2025-03-21 07:37:36.854000+00:00;10;1255;13;9989
2025-03-21 07:37:36.854000+00:00;12;1255;8;9989
2025-03-21 07:37:36.854000+00:00;18;1255;14;9989
2025-03-21 07:37:36.854000+00:00;22;1255;16;9989
2025-03-21 07:37:36.854000+00:00;23;1255;12;9989
2025-03-21 07:37:36.854000+00:00;27;1255;9;9989
2025-03-21 07:37:36.854000+00:00;30;1255;10;9989
2025-03-21 07:37:36.854000+00:00;31;1255;20;9989
2025-03-21 07:37:36.854000+00:00;55;1255;17;9989
2025-03-21 07:37:36.854000+00:00;63;1255;6;9989
2025-03-21 07:37:36.854000+00:00;87;1255;18;9989
2025-03-21 07:40:14.193000+00:00;6;1255;12;9989
2025-03-21 07:40:14.193000+00:00;10;1255;8;9989
2025-03-21 07:40:14.193000+00:00;12;1255;9;9989
2025-03-21 07:40:14.193000+00:00;23;1255;13;9989
2025-03-21 07:40:14.193000+00:00;27;1255;10;9989
2025-03-21 07:40:14.193000+00:00;30;1255;11;9989
2025-03-21 07:40:19.995000+00:00;6;1255;13;9989
2025-03-21 07:40:19.995000+00:00;7;1255;8;9989
2025-03-21 07:40:19.995000+00:00;10;1255;9;9989
2025-03-21 07:40:19.995000+00:00;12;1255;10;9989
2025-03-21 07:40:19.995000+00:00;18;1255;15;9989
2025-03-21 07:40:19.995000+00:00;23;1255;14;9989
2025-03-21 07:40:19.995000+00:00;27;1255;11;9989
2025-03-21 07:40:19.995000+00:00;30;1255;12;9989
2025-03-21 07:41:36.910000+00:00;6;1255;14;9989
2025-03-21 07:41:36.910000+00:00;7;1255;9;9989
2025-03-21 07:41:36.910000+00:00;10;1255;10;9989
2025-03-21 07:41:36.910000+00:00;12;1255;11;9989
2025-03-21 07:41:36.910000+00:00;23;1255;8;9989
2025-03-21 07:41:36.910000+00:00;27;1255;12;9989
2025-03-21 07:41:36.910000+00:00;30;1255;13;9989
2025-03-21 07:41:42.457000+00:00;4;1255;1;9989
2025-03-21 07:41:42.457000+00:00;14;1255;3;9989
2025-03-21 07:41:42.457000+00:00;16;1255;5;9989
2025-03-21 07:41:42.457000+00:00;44;1255;4;9989
2025-03-21 07:41:42.457000+00:00;81;1255;2;9989
2025-03-21 07:41:48.875000+00:00;1;1255;8;9989
2025-03-21 07:41:48.875000+00:00;7;1255;10;9989
2025-03-21 07:41:48.875000+00:00;10;1255;11;9989
2025-03-21 07:41:48.875000+00:00;12;1255;3;9989
2025-03-21 07:41:48.875000+00:00;14;1255;4;9989
2025-03-21 07:41:48.875000+00:00;16;1255;6;9989
2025-03-21 07:41:48.875000+00:00;23;1255;9;9989
2025-03-21 07:41:48.875000+00:00;44;1255;5;9989
2025-03-21 07:41:48.875000+00:00;63;1255;7;9989
2025-03-21 07:41:54.296000+00:00;6;1255;15;9989
2025-03-21 07:41:54.296000+00:00;7;1255;11;9989
2025-03-21 07:41:54.296000+00:00;10;1255;12;9989
2025-03-21 07:41:54.296000+00:00;18;1255;16;9989
2025-03-21 07:41:54.296000+00:00;22;1255;17;9989
2025-03-21 07:41:54.296000+00:00;23;1255;10;9989
2025-03-21 07:41:54.296000+00:00;27;1255;13;9989
2025-03-21 07:41:54.296000+00:00;30;1255;14;9989
2025-03-21 07:41:54.296000+00:00;55;1255;9;9989
2025-03-21 07:41:59.988000+00:00;1;1255;9;9989
2025-03-21 07:41:59.988000+00:00;6;1255;5;9989
2025-03-21 07:41:59.988000+00:00;7;1255;12;9989
2025-03-21 07:41:59.988000+00:00;10;1255;13;9989
2025-03-21 07:41:59.988000+00:00;16;1255;7;9989
2025-03-21 07:41:59.988000+00:00;23;1255;11;9989
2025-03-21 07:41:59.988000+00:00;27;1255;14;9989
2025-03-21 07:41:59.988000+00:00;30;1255;15;9989
2025-03-21 07:41:59.988000+00:00;44;1255;6;9989
2025-03-21 07:41:59.988000+00:00;55;1255;10;9989
2025-03-21 07:41:59.988000+00:00;63;1255;8;9989
2025-03-21 07:42:09.520000+00:00;1;1255;10;9989
2025-03-21 07:42:09.520000+00:00;7;1255;13;9989
2025-03-21 07:42:09.520000+00:00;10;1255;14;9989
2025-03-21 07:42:09.520000+00:00;18;1255;9;9989
2025-03-21 07:42:09.520000+00:00;23;1255;12;9989
2025-03-21 07:42:09.520000+00:00;27;1255;15;9989
2025-03-21 07:42:09.520000+00:00;30;1255;16;9989
2025-03-21 07:42:09.520000+00:00;55;1255;11;9989
2025-03-21 07:42:16.317000+00:00;1;1255;11;9989
2025-03-21 07:42:16.317000+00:00;7;1255;14;9989
2025-03-21 07:42:16.317000+00:00;10;1255;15;9989
2025-03-21 07:42:16.317000+00:00;18;1255;10;9989
2025-03-21 07:42:16.317000+00:00;22;1255;9;9989
2025-03-21 07:42:16.317000+00:00;23;1255;13;9989
2025-03-21 07:42:16.317000+00:00;27;1255;16;9989
2025-03-21 07:42:16.317000+00:00;30;1255;17;9989
2025-03-21 07:42:16.317000+00:00;55;1255;12;9989
2025-03-21 07:42:21.020000+00:00;5;1255;14;9989
2025-03-21 07:42:21.020000+00:00;7;1255;15;9989
2025-03-21 07:42:21.020000+00:00;10;1255;16;9989
2025-03-21 07:42:21.020000+00:00;27;1255;17;9989
2025-03-21 07:42:21.020000+00:00;30;1255;18;9989
2025-03-21 07:42:21.020000+00:00;87;1255;19;9989
2025-03-21 07:42:34.223000+00:00;6;1255;6;9989
2025-03-21 07:42:34.223000+00:00;12;1255;4;9989
2025-03-21 07:42:34.223000+00:00;14;1255;5;9989
2025-03-21 07:42:34.223000+00:00;16;1255;2;9989
2025-03-21 07:42:34.223000+00:00;44;1255;7;9989
2025-03-21 07:42:34.223000+00:00;81;1255;3;9989
2025-03-21 07:42:44.364000+00:00;1;1255;4;9989
2025-03-21 07:42:44.364000+00:00;6;1255;7;9989
2025-03-21 07:42:44.364000+00:00;12;1255;5;9989
2025-03-21 07:42:44.364000+00:00;14;1255;6;9989
2025-03-21 07:42:44.364000+00:00;18;1255;11;9989
2025-03-21 07:42:44.364000+00:00;22;1255;10;9989
2025-03-21 07:42:44.364000+00:00;44;1255;8;9989
2025-03-21 07:42:44.364000+00:00;63;1255;9;9989
2025-03-21 07:42:51.635000+00:00;5;1255;15;9989
2025-03-21 07:42:51.635000+00:00;7;1255;16;9989
2025-03-21 07:42:51.635000+00:00;10;1255;17;9989
2025-03-21 07:42:51.635000+00:00;18;1255;12;9989
2025-03-21 07:42:51.635000+00:00;22;1255;11;9989
2025-03-21 07:42:51.635000+00:00;23;1255;14;9989
2025-03-21 07:42:51.635000+00:00;27;1255;18;9989
2025-03-21 07:42:51.635000+00:00;30;1255;19;9989
2025-03-21 07:42:51.635000+00:00;55;1255;13;9989
2025-03-21 07:42:51.635000+00:00;63;1255;10;9989
2025-03-21 07:42:51.635000+00:00;87;1255;9;9989
2025-03-21 07:42:58.950000+00:00;1;1255;5;9989
2025-03-21 07:42:58.950000+00:00;4;1255;2;9989
2025-03-21 07:42:58.950000+00:00;6;1255;8;9989
2025-03-21 07:42:58.950000+00:00;12;1255;6;9989
2025-03-21 07:42:58.950000+00:00;14;1255;7;9989
2025-03-21 07:42:58.950000+00:00;16;1255;3;9989
2025-03-21 07:42:58.950000+00:00;44;1255;1;9989
2025-03-21 07:42:58.950000+00:00;81;1255;4;9989
2025-03-21 07:43:15.289000+00:00;6;1255;9;9989
2025-03-21 07:43:15.289000+00:00;12;1255;7;9989
2025-03-21 07:43:15.289000+00:00;14;1255;8;9989
2025-03-21 07:43:15.289000+00:00;63;1255;6;9989
2025-03-21 07:43:15.289000+00:00;87;1255;10;9989
2025-03-21 07:43:23.008000+00:00;27;1255;19;9989
2025-03-21 07:43:23.008000+00:00;30;1255;20;9989
2025-03-21 07:43:23.008000+00:00;31;1255;18;9989
2025-03-21 07:49:03.932000+00:00;1;1255;6;9989
2025-03-21 07:49:03.932000+00:00;4;1255;3;9989
2025-03-21 07:49:03.932000+00:00;12;1255;1;9989
2025-03-21 07:49:03.932000+00:00;16;1255;4;9989
2025-03-21 07:49:03.932000+00:00;44;1255;2;9989
2025-03-21 07:49:03.932000+00:00;63;1255;7;9989
2025-03-21 07:49:03.932000+00:00;81;1255;5;9989
2025-03-21 07:49:09.745000+00:00;1;1255;7;9989
2025-03-21 07:49:09.745000+00:00;4;1255;4;9989
2025-03-21 07:49:09.745000+00:00;12;1255;2;9989
2025-03-21 07:49:09.745000+00:00;16;1255;5;9989
2025-03-21 07:49:09.745000+00:00;44;1255;3;9989
2025-03-21 07:49:09.745000+00:00;63;1255;1;9989
2025-03-21 07:49:09.745000+00:00;81;1255;6;9989
2025-03-21 07:49:19.464000+00:00;1;1255;8;9989
2025-03-21 07:49:19.464000+00:00;4;1255;5;9989
2025-03-21 07:49:19.464000+00:00;5;1255;3;9989
2025-03-21 07:49:19.464000+00:00;6;1255;10;9989
2025-03-21 07:49:19.464000+00:00;14;1255;9;9989
2025-03-21 07:49:19.464000+00:00;16;1255;6;9989
2025-03-21 07:49:19.464000+00:00;18;1255;13;9989
2025-03-21 07:49:19.464000+00:00;22;1255;12;9989
2025-03-21 07:49:19.464000+00:00;23;1255;15;9989
2025-03-21 07:49:19.464000+00:00;44;1255;4;9989
2025-03-21 07:49:19.464000+00:00;55;1255;14;9989
2025-03-21 07:49:19.464000+00:00;81;1255;7;9989
2025-03-21 07:49:19.464000+00:00;87;1255;11;9989
2025-03-21 07:49:26.854000+00:00;1;1255;1;9989
2025-03-21 07:49:26.854000+00:00;4;1255;6;9989
2025-03-21 07:49:26.854000+00:00;5;1255;4;9989
2025-03-21 07:49:26.854000+00:00;12;1255;3;9989
2025-03-21 07:49:26.854000+00:00;16;1255;7;9989
2025-03-21 07:49:26.854000+00:00;44;1255;5;9989
2025-03-21 07:49:26.854000+00:00;63;1255;2;9989
2025-03-21 07:49:26.854000+00:00;81;1255;8;9989
2025-03-21 07:49:35.459000+00:00;1;1255;2;9989
2025-03-21 07:49:35.459000+00:00;4;1255;1;9989
2025-03-21 07:49:35.459000+00:00;5;1255;5;9989
2025-03-21 07:49:35.459000+00:00;12;1255;4;9989
2025-03-21 07:49:35.459000+00:00;44;1255;6;9989
2025-03-21 07:49:35.459000+00:00;63;1255;3;9989
2025-03-21 07:49:42.428000+00:00;1;1255;3;9989
2025-03-21 07:49:42.428000+00:00;5;1255;6;9989
2025-03-21 07:49:42.428000+00:00;12;1255;5;9989
2025-03-21 07:49:42.428000+00:00;16;1255;8;9989
2025-03-21 07:49:42.428000+00:00;44;1255;7;9989
2025-03-21 07:49:42.428000+00:00;63;1255;4;9989
2025-03-21 07:49:42.428000+00:00;81;1255;2;9989
2025-03-21 07:49:53.006000+00:00;1;1255;4;9989
2025-03-21 07:49:53.006000+00:00;4;1255;2;9989
2025-03-21 07:49:53.006000+00:00;5;1255;7;9989
2025-03-21 07:49:53.006000+00:00;12;1255;6;9989
2025-03-21 07:49:53.006000+00:00;44;1255;1;9989
2025-03-21 07:49:53.006000+00:00;63;1255;5;9989
2025-03-21 07:49:53.006000+00:00;81;1255;3;9989
2025-03-21 07:50:04.795000+00:00;1;1255;5;9989
2025-03-21 07:50:04.795000+00:00;5;1255;8;9989
2025-03-21 07:50:04.795000+00:00;12;1255;7;9989
2025-03-21 07:50:04.795000+00:00;16;1255;3;9989
2025-03-21 07:50:04.795000+00:00;63;1255;6;9989
2025-03-21 07:50:04.795000+00:00;81;1255;4;9989
2025-03-21 07:50:58.296000+00:00;1;1255;6;9989
2025-03-21 07:50:58.296000+00:00;4;1255;3;9989
2025-03-21 07:50:58.296000+00:00;12;1255;1;9989
2025-03-21 07:50:58.296000+00:00;16;1255;4;9989
2025-03-21 07:50:58.296000+00:00;44;1255;2;9989
2025-03-21 07:50:58.296000+00:00;63;1255;7;9989
2025-03-21 07:50:58.296000+00:00;81;1255;5;9989
2025-03-21 07:51:05.686000+00:00;1;1255;7;9989
2025-03-21 07:51:05.686000+00:00;4;1255;4;9989
2025-03-21 07:51:05.686000+00:00;12;1255;2;9989
2025-03-21 07:51:05.686000+00:00;16;1255;5;9989
2025-03-21 07:51:05.686000+00:00;44;1255;3;9989
2025-03-21 07:51:05.686000+00:00;63;1255;1;9989
2025-03-21 07:51:05.686000+00:00;81;1255;6;9989
2025-03-21 07:51:10.421000+00:00;1;1255;8;9989
2025-03-21 07:51:10.421000+00:00;4;1255;5;9989
2025-03-21 07:51:10.421000+00:00;5;1255;3;9989
2025-03-21 07:51:10.421000+00:00;16;1255;6;9989
2025-03-21 07:51:10.421000+00:00;44;1255;4;9989
2025-03-21 07:51:10.421000+00:00;81;1255;7;9989
2025-03-21 07:51:21.280000+00:00;1;1255;1;9989
2025-03-21 07:51:21.280000+00:00;4;1255;6;9989
2025-03-21 07:51:21.280000+00:00;5;1255;4;9989
2025-03-21 07:51:21.280000+00:00;12;1255;3;9989
2025-03-21 07:51:21.280000+00:00;16;1255;7;9989
2025-03-21 07:51:21.280000+00:00;44;1255;5;9989
2025-03-21 07:51:21.280000+00:00;63;1255;2;9989
2025-03-21 07:51:21.280000+00:00;81;1255;8;9989
2025-03-21 07:51:28.710000+00:00;1;1255;2;9989
2025-03-21 07:51:28.710000+00:00;4;1255;1;9989
2025-03-21 07:51:28.710000+00:00;5;1255;5;9989
2025-03-21 07:51:28.710000+00:00;12;1255;4;9989
2025-03-21 07:51:28.710000+00:00;44;1255;6;9989
2025-03-21 07:51:28.710000+00:00;63;1255;3;9989
2025-03-21 07:51:38.225000+00:00;1;1255;3;9989
2025-03-21 07:51:38.225000+00:00;5;1255;6;9989
2025-03-21 07:51:38.225000+00:00;12;1255;5;9989
2025-03-21 07:51:38.225000+00:00;16;1255;8;9989
2025-03-21 07:51:38.225000+00:00;44;1255;7;9989
2025-03-21 07:51:38.225000+00:00;63;1255;4;9989
2025-03-21 07:51:38.225000+00:00;81;1255;2;9989
2025-03-21 07:51:47.416000+00:00;1;1255;4;9989
2025-03-21 07:51:47.416000+00:00;4;1255;2;9989
2025-03-21 07:51:47.416000+00:00;5;1255;7;9989
2025-03-21 07:51:47.416000+00:00;12;1255;6;9989
2025-03-21 07:51:47.416000+00:00;44;1255;1;9989
2025-03-21 07:51:47.416000+00:00;63;1255;5;9989
2025-03-21 07:51:47.416000+00:00;81;1255;3;9989
2025-03-21 07:51:56.666000+00:00;1;1255;5;9989
2025-03-21 07:51:56.666000+00:00;5;1255;8;9989
2025-03-21 07:51:56.666000+00:00;12;1255;7;9989
2025-03-21 07:51:56.666000+00:00;16;1255;3;9989
2025-03-21 07:51:56.666000+00:00;63;1255;6;9989
2025-03-21 07:51:56.666000+00:00;81;1255;4;9989
2025-03-21 07:52:46.615000+00:00;1;1255;6;9989
2025-03-21 07:52:46.615000+00:00;4;1255;3;9989
2025-03-21 07:52:46.615000+00:00;12;1255;1;9989
2025-03-21 07:52:46.615000+00:00;16;1255;4;9989
2025-03-21 07:52:46.615000+00:00;44;1255;2;9989
2025-03-21 07:52:46.615000+00:00;63;1255;7;9989
2025-03-21 07:52:46.615000+00:00;81;1255;5;9989
2025-03-21 07:52:52.854000+00:00;1;1255;1;9989
2025-03-21 07:52:52.854000+00:00;4;1255;4;9989
2025-03-21 07:52:52.854000+00:00;12;1255;2;9989
2025-03-21 07:52:52.854000+00:00;16;1255;5;9989
2025-03-21 07:52:52.854000+00:00;44;1255;3;9989
2025-03-21 07:52:52.854000+00:00;81;1255;6;9989
2025-03-21 07:52:54.135000+00:00;4;1255;5;9989
2025-03-21 07:52:54.135000+00:00;16;1255;6;9989
2025-03-21 07:52:54.135000+00:00;44;1255;4;9989
2025-03-21 07:52:54.135000+00:00;63;1255;3;9989
2025-03-21 07:52:54.135000+00:00;81;1255;7;9989
2025-03-21 07:52:59.870000+00:00;1;1255;2;9989
2025-03-21 07:52:59.870000+00:00;4;1255;1;9989
2025-03-21 07:52:59.870000+00:00;12;1255;3;9989
2025-03-21 07:52:59.870000+00:00;44;1255;5;9989
2025-03-21 07:52:59.870000+00:00;63;1255;4;9989
2025-03-21 07:53:12.448000+00:00;5;1255;5;9989
2025-03-21 07:53:12.448000+00:00;16;1255;7;9989
2025-03-21 07:53:12.448000+00:00;44;1255;6;9989
2025-03-21 07:53:12.448000+00:00;81;1255;8;9989
2025-03-21 07:53:19.542000+00:00;5;1255;6;9989
2025-03-21 07:53:19.542000+00:00;12;1255;4;9989
2025-03-21 07:53:19.542000+00:00;44;1255;3;9989
2025-03-21 07:53:19.542000+00:00;63;1255;5;9989
2025-03-21 07:53:37.995000+00:00;5;1255;7;9989
2025-03-21 07:53:37.995000+00:00;16;1255;8;9989
2025-03-21 07:53:37.995000+00:00;81;1255;6;9989
2025-03-21 07:53:55.230000+00:00;5;1255;8;9989
2025-03-21 07:53:55.230000+00:00;16;1255;6;9989
2025-03-21 07:53:55.230000+00:00;81;1255;7;9989
2025-03-21 07:54:12.573000+00:00;6;1255;11;9989
2025-03-21 07:54:12.573000+00:00;14;1255;10;9989
2025-03-21 07:54:12.573000+00:00;18;1255;14;9989
2025-03-21 07:54:12.573000+00:00;22;1255;13;9989
2025-03-21 07:54:12.573000+00:00;55;1255;9;9989
2025-03-21 07:54:12.573000+00:00;87;1255;12;9989
2025-03-21 07:54:17.105000+00:00;6;1255;12;9989
2025-03-21 07:54:17.105000+00:00;14;1255;11;9989
2025-03-21 07:54:17.105000+00:00;18;1255;15;9989
2025-03-21 07:54:17.105000+00:00;22;1255;14;9989
2025-03-21 07:54:17.105000+00:00;23;1255;10;9989
2025-03-21 07:54:17.105000+00:00;87;1255;13;9989
2025-03-21 07:54:18.667000+00:00;12;1255;3;9989
2025-03-21 07:54:18.667000+00:00;44;1255;4;9989
2025-03-21 07:55:09.402000+00:00;1;1255;3;9989
2025-03-21 07:55:09.402000+00:00;12;1255;4;9989
2025-03-21 07:55:09.402000+00:00;16;1255;7;9989
2025-03-21 07:55:09.402000+00:00;44;1255;5;9989
2025-03-21 07:55:09.402000+00:00;63;1255;6;9989
2025-03-21 07:55:09.402000+00:00;81;1255;2;9989
2025-03-21 07:55:10.527000+00:00;6;1255;9;9989
2025-03-21 07:55:10.527000+00:00;14;1255;12;9989
2025-03-21 07:55:10.527000+00:00;23;1255;11;9989
2025-03-21 07:55:10.527000+00:00;55;1255;10;9989
2025-03-21 07:55:20.214000+00:00;14;1255;13;9989
2025-03-21 07:55:20.214000+00:00;22;1255;10;9989
2025-03-21 07:55:20.214000+00:00;23;1255;12;9989
2025-03-21 07:55:20.214000+00:00;55;1255;11;9989
2025-03-21 07:55:20.214000+00:00;87;1255;14;9989
2025-03-21 07:55:26.277000+00:00;14;1255;14;9989
2025-03-21 07:55:26.277000+00:00;18;1255;11;9989
2025-03-21 07:55:26.277000+00:00;23;1255;13;9989
2025-03-21 07:55:26.277000+00:00;55;1255;12;9989
2025-03-21 07:55:26.277000+00:00;87;1255;15;9989
2025-03-21 07:55:27.340000+00:00;16;1255;5;9989
2025-03-21 07:55:27.340000+00:00;44;1255;6;9989
2025-03-21 07:55:27.340000+00:00;63;1255;7;9989
2025-03-21 07:55:36.855000+00:00;6;1255;10;9989
2025-03-21 07:55:36.855000+00:00;14;1255;9;9989
2025-03-21 07:55:36.855000+00:00;18;1255;12;9989
2025-03-21 07:55:36.855000+00:00;22;1255;11;9989
2025-03-21 07:55:36.855000+00:00;23;1255;14;9989
2025-03-21 07:55:36.855000+00:00;55;1255;13;9989
2025-03-21 07:55:44.425000+00:00;18;1255;13;9989
2025-03-21 07:55:44.425000+00:00;22;1255;12;9989
2025-03-21 07:55:44.425000+00:00;23;1255;15;9989
2025-03-21 07:55:44.425000+00:00;55;1255;14;9989
2025-03-21 07:55:44.425000+00:00;87;1255;11;9989
2025-03-21 07:56:08.174000+00:00;6;1255;11;9989
2025-03-21 07:56:08.174000+00:00;14;1255;10;9989
2025-03-21 07:56:08.174000+00:00;18;1255;14;9989
2025-03-21 07:56:08.174000+00:00;22;1255;13;9989
2025-03-21 07:56:08.174000+00:00;55;1255;9;9989
2025-03-21 07:56:08.174000+00:00;87;1255;12;9989
2025-03-21 07:56:14.174000+00:00;6;1255;12;9989
2025-03-21 07:56:14.174000+00:00;14;1255;11;9989
2025-03-21 07:56:14.174000+00:00;18;1255;15;9989
2025-03-21 07:56:14.174000+00:00;22;1255;14;9989
2025-03-21 07:56:14.174000+00:00;23;1255;10;9989
2025-03-21 07:56:14.174000+00:00;87;1255;13;9989
2025-03-21 07:57:02.056000+00:00;6;1255;9;9989
2025-03-21 07:57:02.056000+00:00;14;1255;12;9989
2025-03-21 07:57:02.056000+00:00;23;1255;11;9989
2025-03-21 07:57:02.056000+00:00;55;1255;10;9989
2025-03-21 07:57:19.931000+00:00;14;1255;13;9989
2025-03-21 07:57:19.931000+00:00;22;1255;10;9989
2025-03-21 07:57:19.931000+00:00;23;1255;12;9989
2025-03-21 07:57:19.931000+00:00;55;1255;11;9989
2025-03-21 07:57:19.931000+00:00;87;1255;14;9989
2025-03-21 07:57:27.540000+00:00;14;1255;14;9989
2025-03-21 07:57:27.540000+00:00;18;1255;11;9989
2025-03-21 07:57:27.540000+00:00;23;1255;13;9989
2025-03-21 07:57:27.540000+00:00;55;1255;12;9989
2025-03-21 07:57:27.540000+00:00;87;1255;15;9989
2025-03-21 07:57:47.721000+00:00;6;1255;10;9989
2025-03-21 07:57:47.721000+00:00;14;1255;9;9989
2025-03-21 07:57:47.721000+00:00;18;1255;12;9989
2025-03-21 07:57:47.721000+00:00;22;1255;11;9989
2025-03-21 07:57:47.721000+00:00;23;1255;14;9989
2025-03-21 07:57:47.721000+00:00;55;1255;13;9989
2025-03-21 07:57:53.096000+00:00;18;1255;13;9989
2025-03-21 07:57:53.096000+00:00;22;1255;12;9989
2025-03-21 07:57:53.096000+00:00;23;1255;15;9989
2025-03-21 07:57:53.096000+00:00;55;1255;14;9989
2025-03-21 07:57:53.096000+00:00;87;1255;11;9989
2025-03-21 07:58:01.094000+00:00;5;1255;9;9989
2025-03-21 07:58:01.094000+00:00;6;1255;11;9989
2025-03-21 07:58:01.094000+00:00;14;1255;10;9989
2025-03-21 07:58:01.094000+00:00;18;1255;14;9989
2025-03-21 07:58:01.094000+00:00;22;1255;13;9989
2025-03-21 07:58:01.094000+00:00;55;1255;8;9989
2025-03-21 07:58:01.094000+00:00;87;1255;12;9989
2025-03-21 07:58:12.219000+00:00;5;1255;10;9989
2025-03-21 07:58:12.219000+00:00;6;1255;12;9989
2025-03-21 07:58:12.219000+00:00;14;1255;11;9989
2025-03-21 07:58:12.219000+00:00;18;1255;15;9989
2025-03-21 07:58:12.219000+00:00;22;1255;14;9989
2025-03-21 07:58:12.219000+00:00;23;1255;9;9989
2025-03-21 07:58:12.219000+00:00;87;1255;13;9989
2025-03-21 07:58:51.686000+00:00;5;1255;11;9989
2025-03-21 07:58:51.686000+00:00;6;1255;13;9989
2025-03-21 07:58:51.686000+00:00;12;1255;5;9989
2025-03-21 07:58:51.686000+00:00;14;1255;12;9989
2025-03-21 07:58:51.686000+00:00;16;1255;6;9989
2025-03-21 07:58:51.686000+00:00;22;1255;4;9989
2025-03-21 07:58:51.686000+00:00;23;1255;10;9989
2025-03-21 07:58:51.686000+00:00;44;1255;7;9989
2025-03-21 07:58:51.686000+00:00;55;1255;9;9989
2025-03-21 07:58:51.686000+00:00;63;1255;8;9989
2025-03-21 07:58:51.686000+00:00;87;1255;14;9989
2025-03-21 07:58:59.420000+00:00;5;1255;12;9989
2025-03-21 07:58:59.420000+00:00;6;1255;14;9989
2025-03-21 07:58:59.420000+00:00;12;1255;6;9989
2025-03-21 07:58:59.420000+00:00;14;1255;13;9989
2025-03-21 07:58:59.420000+00:00;16;1255;7;9989
2025-03-21 07:58:59.420000+00:00;18;1255;4;9989
2025-03-21 07:58:59.420000+00:00;22;1255;5;9989
2025-03-21 07:58:59.420000+00:00;23;1255;11;9989
2025-03-21 07:58:59.420000+00:00;44;1255;8;9989
2025-03-21 07:58:59.420000+00:00;55;1255;10;9989
2025-03-21 07:58:59.420000+00:00;63;1255;9;9989
2025-03-21 07:58:59.420000+00:00;87;1255;15;9989
2025-03-21 07:59:06.764000+00:00;1;1255;4;9989
2025-03-21 07:59:06.764000+00:00;12;1255;7;9989
2025-03-21 07:59:06.764000+00:00;16;1255;8;9989
2025-03-21 07:59:06.764000+00:00;18;1255;5;9989
2025-03-21 07:59:06.764000+00:00;22;1255;6;9989
2025-03-21 07:59:06.764000+00:00;44;1255;3;9989
2025-03-21 07:59:13.391000+00:00;12;1255;8;9989
2025-03-21 07:59:13.391000+00:00;16;1255;5;9989
2025-03-21 07:59:13.391000+00:00;18;1255;6;9989
2025-03-21 07:59:13.391000+00:00;22;1255;7;9989
2025-03-21 07:59:19.493000+00:00;5;1255;13;9989
2025-03-21 07:59:19.493000+00:00;12;1255;9;9989
2025-03-21 07:59:19.493000+00:00;14;1255;8;9989
2025-03-21 07:59:19.493000+00:00;23;1255;12;9989
2025-03-21 07:59:19.493000+00:00;55;1255;11;9989
2025-03-21 07:59:19.493000+00:00;63;1255;10;9989
2025-03-21 07:59:24.983000+00:00;5;1255;14;9989
2025-03-21 07:59:24.983000+00:00;6;1255;15;9989
2025-03-21 07:59:24.983000+00:00;12;1255;10;9989
2025-03-21 07:59:24.983000+00:00;23;1255;13;9989
2025-03-21 07:59:24.983000+00:00;55;1255;12;9989
2025-03-21 07:59:24.983000+00:00;63;1255;11;9989
2025-03-21 07:59:24.983000+00:00;87;1255;9;9989
2025-03-21 07:59:39.061000+00:00;5;1255;13;9989
2025-03-21 07:59:39.061000+00:00;23;1255;14;9989
2025-03-21 07:59:43.792000+00:00;5;1255;14;9989
2025-03-21 07:59:43.792000+00:00;12;1255;11;9989
2025-03-21 07:59:43.792000+00:00;14;1255;9;9989
2025-03-21 07:59:43.792000+00:00;16;1255;6;9989
2025-03-21 07:59:43.792000+00:00;18;1255;7;9989
2025-03-21 07:59:43.792000+00:00;22;1255;8;9989
2025-03-21 07:59:43.792000+00:00;23;1255;5;9989
2025-03-21 07:59:43.792000+00:00;55;1255;13;9989
2025-03-21 07:59:43.792000+00:00;63;1255;12;9989
2025-03-21 07:59:43.792000+00:00;87;1255;10;9989
2025-03-21 08:00:06.598000+00:00;1;1255;5;9989
2025-03-21 08:00:06.598000+00:00;12;1255;4;9989
2025-03-21 08:00:06.598000+00:00;14;1255;10;9989
2025-03-21 08:00:06.598000+00:00;16;1255;7;9989
2025-03-21 08:00:06.598000+00:00;18;1255;8;9989
2025-03-21 08:00:06.598000+00:00;22;1255;9;9989
2025-03-21 08:00:06.598000+00:00;23;1255;6;9989
2025-03-21 08:00:06.598000+00:00;87;1255;11;9989
2025-03-21 08:00:16.613000+00:00;1;1255;6;9989
2025-03-21 08:00:16.613000+00:00;12;1255;5;9989
2025-03-21 08:00:16.613000+00:00;14;1255;11;9989
2025-03-21 08:00:16.613000+00:00;16;1255;8;9989
2025-03-21 08:00:16.613000+00:00;18;1255;9;9989
2025-03-21 08:00:16.613000+00:00;22;1255;10;9989
2025-03-21 08:00:16.613000+00:00;23;1255;7;9989
2025-03-21 08:00:16.613000+00:00;44;1255;4;9989
2025-03-21 08:00:16.613000+00:00;63;1255;2;9989
2025-03-21 08:00:16.613000+00:00;81;1255;3;9989
2025-03-21 08:00:16.613000+00:00;87;1255;12;9989
2025-03-21 08:06:19.550000+00:00;4;1255;2;9989
2025-03-21 08:06:19.550000+00:00;63;1255;3;9989
2025-03-21 08:06:19.550000+00:00;81;1255;1;9989
2025-03-21 08:06:30.347000+00:00;4;1255;1;9989
2025-03-21 08:06:30.347000+00:00;81;1255;2;9989
2025-03-21 08:06:36.332000+00:00;12;1255;3;9989
2025-03-21 08:06:36.332000+00:00;44;1255;5;9989
2025-03-21 08:06:36.332000+00:00;63;1255;4;9989
2025-03-21 08:06:47.941000+00:00;12;1255;4;9989
2025-03-21 08:06:47.941000+00:00;63;1255;2;9989
2025-03-21 08:06:47.941000+00:00;81;1255;3;9989
2025-03-21 08:08:09.789000+00:00;4;1255;2;9989
2025-03-21 08:08:09.789000+00:00;63;1255;3;9989
2025-03-21 08:08:09.789000+00:00;81;1255;1;9989
2025-03-21 08:08:17.054000+00:00;4;1255;1;9989
2025-03-21 08:08:17.054000+00:00;81;1255;2;9989
2025-03-21 08:08:24.789000+00:00;12;1255;3;9989
2025-03-21 08:08:24.789000+00:00;63;1255;4;9989
2025-03-21 08:08:31.883000+00:00;12;1255;4;9989
2025-03-21 08:08:31.883000+00:00;63;1255;2;9989
2025-03-21 08:08:31.883000+00:00;81;1255;3;9989
2025-03-21 08:09:25.677000+00:00;1;1255;7;9989
2025-03-21 08:09:25.677000+00:00;23;1255;5;9989
2025-03-21 08:09:25.677000+00:00;44;1255;6;9989
2025-03-21 08:09:35.083000+00:00;23;1255;6;9989
2025-03-21 08:09:35.083000+00:00;44;1255;5;9989
2025-03-21 08:09:40.786000+00:00;4;1255;2;9989
2025-03-21 08:09:40.786000+00:00;63;1255;3;9989
2025-03-21 08:09:40.786000+00:00;81;1255;1;9989
2025-03-21 08:09:43.443000+00:00;1;1255;8;9989
2025-03-21 08:09:43.443000+00:00;16;1255;7;9989
2025-03-21 08:09:46.899000+00:00;1;1255;9;9989
2025-03-21 08:09:46.899000+00:00;18;1255;8;9989
2025-03-21 08:09:56.539000+00:00;12;1255;3;9989
2025-03-21 08:09:56.539000+00:00;63;1255;4;9989
2025-03-21 08:10:03.046000+00:00;4;1255;3;9989
2025-03-21 08:10:03.046000+00:00;12;1255;4;9989
2025-03-21 08:10:03.046000+00:00;63;1255;2;9989
2025-03-21 08:10:58.285000+00:00;1;1255;6;9989
2025-03-21 08:10:58.285000+00:00;16;1255;8;9989
2025-03-21 08:10:58.285000+00:00;18;1255;9;9989
2025-03-21 08:10:58.285000+00:00;23;1255;7;9989
2025-03-21 08:11:25.432000+00:00;1;1255;7;9989
2025-03-21 08:11:25.432000+00:00;23;1255;5;9989
2025-03-21 08:11:25.432000+00:00;44;1255;6;9989
2025-03-21 08:11:32.307000+00:00;23;1255;6;9989
2025-03-21 08:11:32.307000+00:00;44;1255;5;9989
2025-03-21 08:11:41.761000+00:00;1;1255;8;9989
2025-03-21 08:11:41.761000+00:00;16;1255;7;9989
2025-03-21 08:12:02.232000+00:00;1;1255;9;9989
2025-03-21 08:12:02.232000+00:00;18;1255;8;9989
2025-03-21 08:12:58.791000+00:00;1;1255;6;9989
2025-03-21 08:12:58.791000+00:00;16;1255;8;9989
2025-03-21 08:12:58.791000+00:00;18;1255;9;9989
2025-03-21 08:12:58.791000+00:00;23;1255;7;9989
2025-03-21 08:13:03.408000+00:00;4;1255;4;9989
2025-03-21 08:13:03.408000+00:00;12;1255;5;9989
2025-03-21 08:13:03.408000+00:00;44;1255;1;9989
2025-03-21 08:13:03.408000+00:00;63;1255;3;9989
2025-03-21 08:13:03.408000+00:00;81;1255;2;9989
2025-03-21 08:13:12.735000+00:00;1;1255;7;9989
2025-03-21 08:13:12.735000+00:00;4;1255;5;9989
2025-03-21 08:13:12.735000+00:00;12;1255;6;9989
2025-03-21 08:13:12.735000+00:00;16;1255;3;9989
2025-03-21 08:13:12.735000+00:00;23;1255;8;9989
2025-03-21 08:13:12.735000+00:00;63;1255;4;9989
2025-03-21 08:13:17.672000+00:00;1;1255;8;9989
2025-03-21 08:13:17.672000+00:00;23;1255;7;9989
2025-03-21 08:13:34.259000+00:00;1;1255;9;9989
2025-03-21 08:13:34.259000+00:00;18;1255;7;9989
2025-03-21 08:13:34.259000+00:00;23;1255;8;9989
2025-03-21 08:14:29.671000+00:00;1;1255;2;9989
2025-03-21 08:14:29.671000+00:00;4;1255;6;9989
2025-03-21 08:14:29.671000+00:00;12;1255;7;9989
2025-03-21 08:14:29.671000+00:00;16;1255;4;9989
2025-03-21 08:14:29.671000+00:00;18;1255;8;9989
2025-03-21 08:14:29.671000+00:00;23;1255;9;9989
2025-03-21 08:14:29.671000+00:00;63;1255;5;9989
2025-03-21 08:14:29.671000+00:00;81;1255;3;9989
2025-03-21 08:14:49.574000+00:00;18;1255;9;9989
2025-03-21 08:14:49.574000+00:00;23;1255;8;9989
2025-03-21 08:15:08.643000+00:00;18;1255;10;9989
2025-03-21 08:15:08.643000+00:00;22;1255;8;9989
2025-03-21 08:15:08.643000+00:00;23;1255;9;9989
2025-03-22 02:18:40.491000+00:00;1;1255;2;9993
2025-03-22 02:18:40.491000+00:00;4;1255;6;9993
2025-03-22 02:18:40.491000+00:00;5;1255;14;9993
2025-03-22 02:18:40.491000+00:00;6;1255;15;9993
2025-03-22 02:18:40.491000+00:00;7;1255;16;9993
2025-03-22 02:18:40.491000+00:00;10;1255;17;9993
2025-03-22 02:18:40.491000+00:00;12;1255;7;9993
2025-03-22 02:18:40.491000+00:00;14;1255;11;9993
2025-03-22 02:18:40.491000+00:00;16;1255;4;9993
2025-03-22 02:18:40.491000+00:00;18;1255;10;9993
2025-03-22 02:18:40.491000+00:00;22;1255;8;9993
2025-03-22 02:18:40.491000+00:00;23;1255;9;9993
2025-03-22 02:18:40.491000+00:00;27;1255;20;9993
2025-03-22 02:18:40.491000+00:00;30;1255;19;9993
2025-03-22 02:18:40.491000+00:00;31;1255;18;9993
2025-03-22 02:18:40.491000+00:00;44;1255;1;9993
2025-03-22 02:18:40.491000+00:00;55;1255;13;9993
2025-03-22 02:18:40.491000+00:00;63;1255;5;9993
2025-03-22 02:18:40.491000+00:00;81;1255;3;9993
2025-03-22 02:18:40.491000+00:00;87;1255;12;9993
2025-03-22 03:04:14.522000+00:00;12;1255;8;9993
2025-03-22 03:04:14.522000+00:00;22;1255;7;9993
2025-03-22 03:04:15.012000+00:00;18;1255;9;9993
2025-03-22 03:04:15.012000+00:00;23;1255;10;9993
2025-03-22 03:04:16.059000+00:00;6;1255;16;9993
2025-03-22 03:04:16.059000+00:00;7;1255;17;9993
2025-03-22 03:04:16.059000+00:00;10;1255;15;9993
2025-03-22 03:05:24.825000+00:00;16;1255;5;9993
2025-03-22 03:05:24.825000+00:00;63;1255;4;9993
2025-03-22 03:05:26.069000+00:00;4;1255;7;9993
2025-03-22 03:05:26.069000+00:00;22;1255;6;9993
2025-03-22 03:05:26.428000+00:00;4;1255;8;9993
2025-03-22 03:05:26.428000+00:00;12;1255;7;9993
2025-03-22 03:05:27.013000+00:00;4;1255;9;9993
2025-03-22 03:05:27.013000+00:00;18;1255;8;9993
2025-03-22 03:05:28.223000+00:00;14;1255;10;9993
2025-03-22 03:05:28.223000+00:00;23;1255;11;9993
2025-03-22 03:05:29.966000+00:00;5;1255;15;9993
2025-03-22 03:05:29.966000+00:00;10;1255;14;9993
2025-03-22 03:05:31.550000+00:00;7;1255;18;9993
2025-03-22 03:05:31.550000+00:00;31;1255;17;9993
2025-03-22 03:10:25.727000+00:00;7;1255;19;9993
2025-03-22 03:10:25.727000+00:00;30;1255;18;9993
2025-03-22 03:13:40.855000+00:00;30;1255;17;9993
2025-03-22 03:13:40.855000+00:00;31;1255;18;9993
2025-03-22 03:15:17.817000+00:00;5;1255;16;9993
2025-03-22 03:15:17.817000+00:00;6;1255;15;9993
2025-03-22 03:18:34.748000+00:00;6;1255;14;9993
2025-03-22 03:18:34.748000+00:00;10;1255;15;9993
2025-03-22 03:20:13.256000+00:00;6;1255;15;9993
2025-03-22 03:20:13.256000+00:00;10;1255;13;9993
2025-03-22 03:20:13.256000+00:00;55;1255;14;9993
2025-03-22 03:20:14.729000+00:00;5;1255;17;9993
2025-03-22 03:20:14.729000+00:00;30;1255;16;9993
2025-03-22 03:21:53.821000+00:00;6;1255;14;9993
2025-03-22 03:21:53.821000+00:00;55;1255;15;9993
2025-03-22 03:21:54.468000+00:00;30;1255;15;9993
2025-03-22 03:21:54.468000+00:00;55;1255;16;9993
2025-03-22 03:21:55.249000+00:00;5;1255;16;9993
2025-03-22 03:21:55.249000+00:00;55;1255;17;9993
2025-03-22 03:21:55.907000+00:00;31;1255;17;9993
2025-03-22 03:21:55.907000+00:00;55;1255;18;9993
2025-03-22 03:21:56.205000+00:00;7;1255;18;9993
2025-03-22 03:21:56.205000+00:00;55;1255;19;9993
2025-03-22 03:21:56.776000+00:00;27;1255;19;9993
2025-03-22 03:21:56.776000+00:00;55;1255;20;9993
2025-03-22 03:35:09.893000+00:00;30;1255;14;9993
2025-03-22 03:35:09.893000+00:00;87;1255;15;9993
2025-03-22 03:35:11.141000+00:00;5;1255;17;9993
2025-03-22 03:35:11.141000+00:00;31;1255;16;9993
2025-03-22 03:35:16.337000+00:00;5;1255;18;9993
2025-03-22 03:35:16.337000+00:00;7;1255;19;9993
2025-03-22 03:35:16.337000+00:00;27;1255;20;9993
2025-03-22 03:35:16.337000+00:00;55;1255;17;9993
2025-03-22 03:35:21.662000+00:00;7;1255;20;9993
2025-03-22 03:35:21.662000+00:00;27;1255;19;9993
2025-03-22 06:47:09.600000+00:00;1;1255;16;9994
2025-03-22 06:47:09.600000+00:00;4;1255;1;9994
2025-03-22 06:47:09.600000+00:00;5;1255;19;9994
2025-03-22 06:47:09.600000+00:00;6;1255;17;9994
2025-03-22 06:47:09.600000+00:00;7;1255;20;9994
2025-03-22 06:47:09.600000+00:00;10;1255;14;9994
2025-03-22 06:47:09.600000+00:00;12;1255;9;9994
2025-03-22 06:47:09.600000+00:00;14;1255;8;9994
2025-03-22 06:47:09.600000+00:00;16;1255;2;9994
2025-03-22 06:47:09.600000+00:00;18;1255;12;9994
2025-03-22 06:47:09.600000+00:00;22;1255;10;9994
2025-03-22 06:47:09.600000+00:00;23;1255;7;9994
2025-03-22 06:47:09.600000+00:00;27;1255;6;9994
2025-03-22 06:47:09.600000+00:00;30;1255;18;9994
2025-03-22 06:47:09.600000+00:00;31;1255;13;9994
2025-03-22 06:47:09.600000+00:00;44;1255;4;9994
2025-03-22 06:47:09.600000+00:00;55;1255;15;9994
2025-03-22 06:47:09.600000+00:00;63;1255;5;9994
2025-03-22 06:47:09.600000+00:00;81;1255;3;9994
2025-03-22 06:47:09.600000+00:00;87;1255;11;9994
2025-03-22 07:00:03.152000+00:00;4;1255;2;9994
2025-03-22 07:00:03.152000+00:00;12;1255;10;9994
2025-03-22 07:00:03.152000+00:00;14;1255;9;9994
2025-03-22 07:00:03.152000+00:00;16;1255;3;9994
2025-03-22 07:00:03.152000+00:00;18;1255;1;9994
2025-03-22 07:00:03.152000+00:00;22;1255;11;9994
2025-03-22 07:00:03.152000+00:00;23;1255;8;9994
2025-03-22 07:00:03.152000+00:00;27;1255;7;9994
2025-03-22 07:00:03.152000+00:00;44;1255;5;9994
2025-03-22 07:00:03.152000+00:00;63;1255;6;9994
2025-03-22 07:00:03.152000+00:00;81;1255;4;9994
2025-03-22 07:00:03.152000+00:00;87;1255;12;9994
2025-03-22 07:00:08.879000+00:00;4;1255;3;9994
2025-03-22 07:00:08.879000+00:00;16;1255;4;9994
2025-03-22 07:00:08.879000+00:00;18;1255;2;9994
2025-03-22 07:00:08.879000+00:00;27;1255;1;9994
2025-03-22 07:00:08.879000+00:00;44;1255;6;9994
2025-03-22 07:00:08.879000+00:00;63;1255;7;9994
2025-03-22 07:00:08.879000+00:00;81;1255;5;9994
2025-03-22 07:00:17.567000+00:00;1;1255;17;9994
2025-03-22 07:00:17.567000+00:00;4;1255;4;9994
2025-03-22 07:00:17.567000+00:00;5;1255;3;9994
2025-03-22 07:00:17.567000+00:00;6;1255;18;9994
2025-03-22 07:00:17.567000+00:00;10;1255;15;9994
2025-03-22 07:00:17.567000+00:00;12;1255;11;9994
2025-03-22 07:00:17.567000+00:00;14;1255;10;9994
2025-03-22 07:00:17.567000+00:00;16;1255;5;9994
2025-03-22 07:00:17.567000+00:00;22;1255;12;9994
2025-03-22 07:00:17.567000+00:00;23;1255;9;9994
2025-03-22 07:00:17.567000+00:00;30;1255;19;9994
2025-03-22 07:00:17.567000+00:00;31;1255;14;9994
2025-03-22 07:00:17.567000+00:00;44;1255;7;9994
2025-03-22 07:00:17.567000+00:00;55;1255;16;9994
2025-03-22 07:00:17.567000+00:00;63;1255;8;9994
2025-03-22 07:00:17.567000+00:00;81;1255;6;9994
2025-03-22 07:00:17.567000+00:00;87;1255;13;9994
2025-03-22 07:00:22.828000+00:00;4;1255;5;9994
2025-03-22 07:00:22.828000+00:00;5;1255;4;9994
2025-03-22 07:00:22.828000+00:00;14;1255;2;9994
2025-03-22 07:00:22.828000+00:00;16;1255;6;9994
2025-03-22 07:00:22.828000+00:00;18;1255;3;9994
2025-03-22 07:00:22.828000+00:00;23;1255;10;9994
2025-03-22 07:00:22.828000+00:00;44;1255;8;9994
2025-03-22 07:00:22.828000+00:00;63;1255;9;9994
2025-03-22 07:00:22.828000+00:00;81;1255;7;9994
2025-03-22 07:00:29.484000+00:00;4;1255;6;9994
2025-03-22 07:00:29.484000+00:00;5;1255;5;9994
2025-03-22 07:00:29.484000+00:00;12;1255;12;9994
2025-03-22 07:00:29.484000+00:00;16;1255;7;9994
2025-03-22 07:00:29.484000+00:00;18;1255;4;9994
2025-03-22 07:00:29.484000+00:00;22;1255;3;9994
2025-03-22 07:00:29.484000+00:00;23;1255;11;9994
2025-03-22 07:00:29.484000+00:00;44;1255;9;9994
2025-03-22 07:00:29.484000+00:00;63;1255;10;9994
2025-03-22 07:00:29.484000+00:00;81;1255;8;9994
2025-03-22 07:00:31.297000+00:00;4;1255;7;9994
2025-03-22 07:00:31.297000+00:00;5;1255;6;9994
2025-03-22 07:00:31.297000+00:00;10;1255;16;9994
2025-03-22 07:00:31.297000+00:00;12;1255;13;9994
2025-03-22 07:00:31.297000+00:00;16;1255;8;9994
2025-03-22 07:00:31.297000+00:00;23;1255;12;9994
2025-03-22 07:00:31.297000+00:00;31;1255;15;9994
2025-03-22 07:00:31.297000+00:00;44;1255;10;9994
2025-03-22 07:00:31.297000+00:00;55;1255;5;9994
2025-03-22 07:00:31.297000+00:00;63;1255;11;9994
2025-03-22 07:00:31.297000+00:00;81;1255;9;9994
2025-03-22 07:00:31.297000+00:00;87;1255;14;9994
2025-03-22 07:00:40.387000+00:00;4;1255;8;9994
2025-03-22 07:00:40.387000+00:00;5;1255;7;9994
2025-03-22 07:00:40.387000+00:00;12;1255;14;9994
2025-03-22 07:00:40.387000+00:00;16;1255;9;9994
2025-03-22 07:00:40.387000+00:00;18;1255;5;9994
2025-03-22 07:00:40.387000+00:00;23;1255;13;9994
2025-03-22 07:00:40.387000+00:00;44;1255;11;9994
2025-03-22 07:00:40.387000+00:00;55;1255;6;9994
2025-03-22 07:00:40.387000+00:00;63;1255;12;9994
2025-03-22 07:00:40.387000+00:00;81;1255;10;9994
2025-03-22 07:00:40.387000+00:00;87;1255;4;9994
2025-03-22 07:00:51.892000+00:00;1;1255;18;9994
2025-03-22 07:00:51.892000+00:00;4;1255;9;9994
2025-03-22 07:00:51.892000+00:00;5;1255;8;9994
2025-03-22 07:00:51.892000+00:00;6;1255;7;9994
2025-03-22 07:00:51.892000+00:00;10;1255;17;9994
2025-03-22 07:00:51.892000+00:00;12;1255;15;9994
2025-03-22 07:00:51.892000+00:00;16;1255;10;9994
2025-03-22 07:00:51.892000+00:00;23;1255;14;9994
2025-03-22 07:00:51.892000+00:00;31;1255;16;9994
2025-03-22 07:00:51.892000+00:00;44;1255;12;9994
2025-03-22 07:00:51.892000+00:00;63;1255;13;9994
2025-03-22 07:00:51.892000+00:00;81;1255;11;9994
2025-03-22 07:00:56.913000+00:00;4;1255;10;9994
2025-03-22 07:00:56.913000+00:00;5;1255;9;9994
2025-03-22 07:00:56.913000+00:00;6;1255;8;9994
2025-03-22 07:00:56.913000+00:00;12;1255;16;9994
2025-03-22 07:00:56.913000+00:00;16;1255;11;9994
2025-03-22 07:00:56.913000+00:00;23;1255;15;9994
2025-03-22 07:00:56.913000+00:00;31;1255;6;9994
2025-03-22 07:00:56.913000+00:00;44;1255;13;9994
2025-03-22 07:00:56.913000+00:00;55;1255;7;9994
2025-03-22 07:00:56.913000+00:00;63;1255;14;9994
2025-03-22 07:00:56.913000+00:00;81;1255;12;9994
2025-03-22 07:01:04.881000+00:00;4;1255;11;9994
2025-03-22 07:01:04.881000+00:00;5;1255;10;9994
2025-03-22 07:01:04.881000+00:00;6;1255;9;9994
2025-03-22 07:01:04.881000+00:00;10;1255;7;9994
2025-03-22 07:01:04.881000+00:00;12;1255;17;9994
2025-03-22 07:01:04.881000+00:00;16;1255;12;9994
2025-03-22 07:01:04.881000+00:00;23;1255;16;9994
2025-03-22 07:01:04.881000+00:00;44;1255;14;9994
2025-03-22 07:01:04.881000+00:00;55;1255;8;9994
2025-03-22 07:01:04.881000+00:00;63;1255;15;9994
2025-03-22 07:01:04.881000+00:00;81;1255;13;9994
2025-03-22 07:01:12.538000+00:00;1;1255;19;9994
2025-03-22 07:01:12.538000+00:00;4;1255;12;9994
2025-03-22 07:01:12.538000+00:00;7;1255;11;9994
2025-03-22 07:01:12.538000+00:00;12;1255;18;9994
2025-03-22 07:01:12.538000+00:00;16;1255;13;9994
2025-03-22 07:01:12.538000+00:00;23;1255;17;9994
2025-03-22 07:01:12.538000+00:00;30;1255;20;9994
2025-03-22 07:01:12.538000+00:00;44;1255;15;9994
2025-03-22 07:01:12.538000+00:00;63;1255;16;9994
2025-03-22 07:01:12.538000+00:00;81;1255;14;9994
2025-03-22 07:01:30.569000+00:00;1;1255;20;9994
2025-03-22 07:01:30.569000+00:00;4;1255;13;9994
2025-03-22 07:01:30.569000+00:00;5;1255;11;9994
2025-03-22 07:01:30.569000+00:00;7;1255;12;9994
2025-03-22 07:01:30.569000+00:00;12;1255;19;9994
2025-03-22 07:01:30.569000+00:00;16;1255;14;9994
2025-03-22 07:01:30.569000+00:00;23;1255;18;9994
2025-03-22 07:01:30.569000+00:00;30;1255;10;9994
2025-03-22 07:01:30.569000+00:00;44;1255;16;9994
2025-03-22 07:01:30.569000+00:00;63;1255;17;9994
2025-03-22 07:01:30.569000+00:00;81;1255;15;9994
2025-03-22 07:01:40.694000+00:00;4;1255;1;9994
2025-03-22 07:01:40.694000+00:00;5;1255;12;9994
2025-03-22 07:01:40.694000+00:00;6;1255;10;9994
2025-03-22 07:01:40.694000+00:00;7;1255;13;9994
2025-03-22 07:01:40.694000+00:00;10;1255;8;9994
2025-03-22 07:01:40.694000+00:00;14;1255;3;9994
2025-03-22 07:01:40.694000+00:00;18;1255;6;9994
2025-03-22 07:01:40.694000+00:00;22;1255;4;9994
2025-03-22 07:01:40.694000+00:00;27;1255;2;9994
2025-03-22 07:01:40.694000+00:00;30;1255;11;9994
2025-03-22 07:01:40.694000+00:00;31;1255;7;9994
2025-03-22 07:01:40.694000+00:00;55;1255;9;9994
2025-03-22 07:01:40.694000+00:00;87;1255;5;9994
2025-03-22 07:01:47.163000+00:00;5;1255;13;9994
2025-03-22 07:01:47.163000+00:00;6;1255;11;9994
2025-03-22 07:01:47.163000+00:00;7;1255;14;9994
2025-03-22 07:01:47.163000+00:00;10;1255;9;9994
2025-03-22 07:01:47.163000+00:00;14;1255;4;9994
2025-03-22 07:01:47.163000+00:00;16;1255;2;9994
2025-03-22 07:01:47.163000+00:00;18;1255;7;9994
2025-03-22 07:01:47.163000+00:00;22;1255;5;9994
2025-03-22 07:01:47.163000+00:00;27;1255;3;9994
2025-03-22 07:01:47.163000+00:00;30;1255;12;9994
2025-03-22 07:01:47.163000+00:00;31;1255;8;9994
2025-03-22 07:01:47.163000+00:00;55;1255;10;9994
2025-03-22 07:01:47.163000+00:00;87;1255;6;9994
2025-03-22 07:01:53.569000+00:00;4;1255;2;9994
2025-03-22 07:01:53.569000+00:00;14;1255;5;9994
2025-03-22 07:01:53.569000+00:00;16;1255;3;9994
2025-03-22 07:01:53.569000+00:00;18;1255;1;9994
2025-03-22 07:01:53.569000+00:00;22;1255;6;9994
2025-03-22 07:01:53.569000+00:00;27;1255;4;9994
2025-03-22 07:01:53.569000+00:00;87;1255;7;9994
2025-03-22 07:02:00.710000+00:00;4;1255;3;9994
2025-03-22 07:02:00.710000+00:00;16;1255;4;9994
2025-03-22 07:02:00.710000+00:00;18;1255;2;9994
2025-03-22 07:02:00.710000+00:00;27;1255;1;9994
2025-03-22 07:02:01.132000+00:00;5;1255;14;9994
2025-03-22 07:02:01.132000+00:00;6;1255;12;9994
2025-03-22 07:02:01.132000+00:00;7;1255;15;9994
2025-03-22 07:02:01.132000+00:00;10;1255;10;9994
2025-03-22 07:02:01.132000+00:00;14;1255;6;9994
2025-03-22 07:02:01.132000+00:00;22;1255;7;9994
2025-03-22 07:02:01.132000+00:00;30;1255;13;9994
2025-03-22 07:02:01.132000+00:00;31;1255;9;9994
2025-03-22 07:02:01.132000+00:00;44;1255;5;9994
2025-03-22 07:02:01.132000+00:00;55;1255;11;9994
2025-03-22 07:02:01.132000+00:00;81;1255;16;9994
2025-03-22 07:02:01.132000+00:00;87;1255;8;9994
2025-03-22 07:02:06.766000+00:00;4;1255;4;9994
2025-03-22 07:02:06.766000+00:00;5;1255;3;9994
2025-03-22 07:02:06.766000+00:00;6;1255;13;9994
2025-03-22 07:02:06.766000+00:00;10;1255;11;9994
2025-03-22 07:02:06.766000+00:00;14;1255;7;9994
2025-03-22 07:02:06.766000+00:00;16;1255;5;9994
2025-03-22 07:02:06.766000+00:00;22;1255;8;9994
2025-03-22 07:02:06.766000+00:00;30;1255;14;9994
2025-03-22 07:02:06.766000+00:00;31;1255;10;9994
2025-03-22 07:02:06.766000+00:00;44;1255;6;9994
2025-03-22 07:02:06.766000+00:00;55;1255;12;9994
2025-03-22 07:02:06.766000+00:00;87;1255;9;9994
2025-03-22 07:02:08.657000+00:00;6;1255;14;9994
2025-03-22 07:02:08.657000+00:00;7;1255;16;9994
2025-03-22 07:02:08.657000+00:00;10;1255;12;9994
2025-03-22 07:02:08.657000+00:00;14;1255;8;9994
2025-03-22 07:02:08.657000+00:00;22;1255;9;9994
2025-03-22 07:02:08.657000+00:00;30;1255;15;9994
2025-03-22 07:02:08.657000+00:00;31;1255;11;9994
2025-03-22 07:02:08.657000+00:00;44;1255;7;9994
2025-03-22 07:02:08.657000+00:00;55;1255;13;9994
2025-03-22 07:02:08.657000+00:00;81;1255;6;9994
2025-03-22 07:02:08.657000+00:00;87;1255;10;9994
2025-03-22 07:02:11.532000+00:00;4;1255;5;9994
2025-03-22 07:02:11.532000+00:00;5;1255;4;9994
2025-03-22 07:02:11.532000+00:00;14;1255;2;9994
2025-03-22 07:02:11.532000+00:00;16;1255;6;9994
2025-03-22 07:02:11.532000+00:00;18;1255;3;9994
2025-03-22 07:02:11.532000+00:00;44;1255;8;9994
2025-03-22 07:02:11.532000+00:00;81;1255;7;9994
2025-03-22 07:02:12.547000+00:00;6;1255;15;9994
2025-03-22 07:02:12.547000+00:00;7;1255;17;9994
2025-03-22 07:02:12.547000+00:00;10;1255;13;9994
2025-03-22 07:02:12.547000+00:00;22;1255;10;9994
2025-03-22 07:02:12.547000+00:00;23;1255;9;9994
2025-03-22 07:02:12.547000+00:00;30;1255;16;9994
2025-03-22 07:02:12.547000+00:00;31;1255;12;9994
2025-03-22 07:02:12.547000+00:00;55;1255;14;9994
2025-03-22 07:02:12.547000+00:00;63;1255;18;9994
2025-03-22 07:02:12.547000+00:00;87;1255;11;9994
2025-03-22 07:02:21.001000+00:00;4;1255;6;9994
2025-03-22 07:02:21.001000+00:00;5;1255;5;9994
2025-03-22 07:02:21.001000+00:00;16;1255;7;9994
2025-03-22 07:02:21.001000+00:00;18;1255;4;9994
2025-03-22 07:02:21.001000+00:00;22;1255;3;9994
2025-03-22 07:02:21.001000+00:00;23;1255;10;9994
2025-03-22 07:02:21.001000+00:00;44;1255;9;9994
2025-03-22 07:02:21.001000+00:00;81;1255;8;9994
2025-03-22 07:02:28.332000+00:00;4;1255;7;9994
2025-03-22 07:02:28.332000+00:00;5;1255;6;9994
2025-03-22 07:02:28.332000+00:00;10;1255;14;9994
2025-03-22 07:02:28.332000+00:00;16;1255;8;9994
2025-03-22 07:02:28.332000+00:00;23;1255;11;9994
2025-03-22 07:02:28.332000+00:00;31;1255;13;9994
2025-03-22 07:02:28.332000+00:00;44;1255;10;9994
2025-03-22 07:02:28.332000+00:00;55;1255;5;9994
2025-03-22 07:02:28.332000+00:00;81;1255;9;9994
2025-03-22 07:02:28.332000+00:00;87;1255;12;9994
2025-03-22 07:02:36.212000+00:00;4;1255;8;9994
2025-03-22 07:02:36.212000+00:00;5;1255;7;9994
2025-03-22 07:02:36.212000+00:00;16;1255;9;9994
2025-03-22 07:02:36.212000+00:00;18;1255;5;9994
2025-03-22 07:02:36.212000+00:00;23;1255;12;9994
2025-03-22 07:02:36.212000+00:00;44;1255;11;9994
2025-03-22 07:02:36.212000+00:00;55;1255;6;9994
2025-03-22 07:02:36.212000+00:00;81;1255;10;9994
2025-03-22 07:02:36.212000+00:00;87;1255;4;9994
2025-03-22 07:02:44.415000+00:00;4;1255;9;9994
2025-03-22 07:02:44.415000+00:00;5;1255;8;9994
2025-03-22 07:02:44.415000+00:00;6;1255;7;9994
2025-03-22 07:02:44.415000+00:00;10;1255;15;9994
2025-03-22 07:02:44.415000+00:00;16;1255;10;9994
2025-03-22 07:02:44.415000+00:00;23;1255;13;9994
2025-03-22 07:02:44.415000+00:00;31;1255;14;9994
2025-03-22 07:02:44.415000+00:00;44;1255;12;9994
2025-03-22 07:02:44.415000+00:00;81;1255;11;9994
2025-03-22 07:03:02.007000+00:00;4;1255;10;9994
2025-03-22 07:03:02.007000+00:00;5;1255;9;9994
2025-03-22 07:03:02.007000+00:00;6;1255;8;9994
2025-03-22 07:03:02.007000+00:00;16;1255;11;9994
2025-03-22 07:03:02.007000+00:00;23;1255;14;9994
2025-03-22 07:03:02.007000+00:00;31;1255;6;9994
2025-03-22 07:03:02.007000+00:00;44;1255;13;9994
2025-03-22 07:03:02.007000+00:00;55;1255;7;9994
2025-03-22 07:03:02.007000+00:00;81;1255;12;9994
2025-03-22 07:03:09.039000+00:00;4;1255;11;9994
2025-03-22 07:03:09.039000+00:00;5;1255;10;9994
2025-03-22 07:03:09.039000+00:00;6;1255;9;9994
2025-03-22 07:03:09.039000+00:00;10;1255;7;9994
2025-03-22 07:03:09.039000+00:00;16;1255;12;9994
2025-03-22 07:03:09.039000+00:00;23;1255;15;9994
2025-03-22 07:03:09.039000+00:00;44;1255;14;9994
2025-03-22 07:03:09.039000+00:00;55;1255;8;9994
2025-03-22 07:03:09.039000+00:00;81;1255;13;9994
2025-03-22 07:03:11.346000+00:00;7;1255;18;9994
2025-03-22 07:03:11.346000+00:00;12;1255;16;9994
2025-03-22 07:03:11.346000+00:00;30;1255;17;9994
2025-03-22 07:03:11.346000+00:00;63;1255;19;9994
2025-03-22 07:03:16.471000+00:00;4;1255;12;9994
2025-03-22 07:03:16.471000+00:00;7;1255;11;9994
2025-03-22 07:03:16.471000+00:00;12;1255;17;9994
2025-03-22 07:03:16.471000+00:00;16;1255;13;9994
2025-03-22 07:03:16.471000+00:00;23;1255;16;9994
2025-03-22 07:03:16.471000+00:00;30;1255;18;9994
2025-03-22 07:03:16.471000+00:00;44;1255;15;9994
2025-03-22 07:03:16.471000+00:00;81;1255;14;9994
2025-03-22 07:03:20.131000+00:00;12;1255;18;9994
2025-03-22 07:03:20.131000+00:00;23;1255;17;9994
2025-03-22 07:03:20.131000+00:00;30;1255;19;9994
2025-03-22 07:03:20.131000+00:00;63;1255;16;9994
2025-03-22 07:03:26.600000+00:00;14;1255;3;9994
2025-03-22 07:03:26.600000+00:00;18;1255;1;9994
2025-03-22 07:03:26.600000+00:00;22;1255;4;9994
2025-03-22 07:03:26.600000+00:00;27;1255;2;9994
2025-03-22 07:03:26.600000+00:00;87;1255;5;9994
2025-03-22 07:03:31.092000+00:00;4;1255;13;9994
2025-03-22 07:03:31.092000+00:00;5;1255;11;9994
2025-03-22 07:03:31.092000+00:00;7;1255;12;9994
2025-03-22 07:03:31.092000+00:00;12;1255;19;9994
2025-03-22 07:03:31.092000+00:00;16;1255;14;9994
2025-03-22 07:03:31.092000+00:00;23;1255;18;9994
2025-03-22 07:03:31.092000+00:00;30;1255;10;9994
2025-03-22 07:03:31.092000+00:00;44;1255;16;9994
2025-03-22 07:03:31.092000+00:00;63;1255;17;9994
2025-03-22 07:03:31.092000+00:00;81;1255;15;9994
2025-03-22 07:03:33.610000+00:00;18;1255;2;9994
2025-03-22 07:03:33.610000+00:00;27;1255;1;9994
2025-03-22 07:03:39.676000+00:00;5;1255;2;9994
2025-03-22 07:03:39.676000+00:00;6;1255;10;9994
2025-03-22 07:03:39.676000+00:00;10;1255;8;9994
2025-03-22 07:03:39.676000+00:00;14;1255;4;9994
2025-03-22 07:03:39.676000+00:00;18;1255;3;9994
2025-03-22 07:03:39.676000+00:00;22;1255;5;9994
2025-03-22 07:03:39.676000+00:00;30;1255;11;9994
2025-03-22 07:03:39.676000+00:00;31;1255;7;9994
2025-03-22 07:03:39.676000+00:00;55;1255;9;9994
2025-03-22 07:03:39.676000+00:00;87;1255;6;9994
2025-03-22 07:03:40.708000+00:00;4;1255;4;9994
2025-03-22 07:03:40.708000+00:00;6;1255;11;9994
2025-03-22 07:03:40.708000+00:00;7;1255;13;9994
2025-03-22 07:03:40.708000+00:00;10;1255;9;9994
2025-03-22 07:03:40.708000+00:00;14;1255;5;9994
2025-03-22 07:03:40.708000+00:00;22;1255;6;9994
2025-03-22 07:03:40.708000+00:00;30;1255;12;9994
2025-03-22 07:03:40.708000+00:00;31;1255;8;9994
2025-03-22 07:03:40.708000+00:00;55;1255;10;9994
2025-03-22 07:03:40.708000+00:00;87;1255;7;9994
2025-03-22 07:03:44.786000+00:00;4;1255;5;9994
2025-03-22 07:03:44.786000+00:00;14;1255;4;9994
2025-03-22 07:03:56.109000+00:00;6;1255;12;9994
2025-03-22 07:03:56.109000+00:00;7;1255;14;9994
2025-03-22 07:03:56.109000+00:00;10;1255;10;9994
2025-03-22 07:03:56.109000+00:00;16;1255;6;9994
2025-03-22 07:03:56.109000+00:00;22;1255;7;9994
2025-03-22 07:03:56.109000+00:00;30;1255;13;9994
2025-03-22 07:03:56.109000+00:00;31;1255;9;9994
2025-03-22 07:03:56.109000+00:00;55;1255;11;9994
2025-03-22 07:03:56.109000+00:00;87;1255;8;9994
2025-03-22 07:04:01.397000+00:00;4;1255;6;9994
2025-03-22 07:04:01.397000+00:00;10;1255;11;9994
2025-03-22 07:04:01.397000+00:00;14;1255;5;9994
2025-03-22 07:04:01.397000+00:00;16;1255;7;9994
2025-03-22 07:04:01.397000+00:00;18;1255;4;9994
2025-03-22 07:04:01.397000+00:00;22;1255;8;9994
2025-03-22 07:04:01.397000+00:00;31;1255;10;9994
2025-03-22 07:04:01.397000+00:00;55;1255;3;9994
2025-03-22 07:04:01.397000+00:00;87;1255;9;9994
2025-03-22 07:04:02.475000+00:00;6;1255;13;9994
2025-03-22 07:04:02.475000+00:00;7;1255;15;9994
2025-03-22 07:04:02.475000+00:00;10;1255;12;9994
2025-03-22 07:04:02.475000+00:00;22;1255;9;9994
2025-03-22 07:04:02.475000+00:00;30;1255;14;9994
2025-03-22 07:04:02.475000+00:00;31;1255;11;9994
2025-03-22 07:04:02.475000+00:00;44;1255;8;9994
2025-03-22 07:04:02.475000+00:00;81;1255;16;9994
2025-03-22 07:04:02.475000+00:00;87;1255;10;9994
2025-03-22 07:04:08.866000+00:00;4;1255;7;9994
2025-03-22 07:04:08.866000+00:00;5;1255;3;9994
2025-03-22 07:04:08.866000+00:00;14;1255;6;9994
2025-03-22 07:04:08.866000+00:00;16;1255;8;9994
2025-03-22 07:04:08.866000+00:00;18;1255;5;9994
2025-03-22 07:04:08.866000+00:00;22;1255;10;9994
2025-03-22 07:04:08.866000+00:00;44;1255;9;9994
2025-03-22 07:04:08.866000+00:00;55;1255;4;9994
2025-03-22 07:04:08.866000+00:00;87;1255;2;9994
2025-03-22 07:04:10.631000+00:00;6;1255;14;9994
2025-03-22 07:04:10.631000+00:00;7;1255;16;9994
2025-03-22 07:04:10.631000+00:00;10;1255;13;9994
2025-03-22 07:04:10.631000+00:00;22;1255;11;9994
2025-03-22 07:04:10.631000+00:00;30;1255;15;9994
2025-03-22 07:04:10.631000+00:00;31;1255;12;9994
2025-03-22 07:04:10.631000+00:00;44;1255;10;9994
2025-03-22 07:04:10.631000+00:00;81;1255;9;9994
2025-03-22 07:04:15.350000+00:00;6;1255;15;9994
2025-03-22 07:04:15.350000+00:00;7;1255;17;9994
2025-03-22 07:04:15.350000+00:00;10;1255;14;9994
2025-03-22 07:04:15.350000+00:00;22;1255;12;9994
2025-03-22 07:04:15.350000+00:00;23;1255;11;9994
2025-03-22 07:04:15.350000+00:00;30;1255;16;9994
2025-03-22 07:04:15.350000+00:00;31;1255;13;9994
2025-03-22 07:04:15.350000+00:00;63;1255;18;9994
2025-03-22 07:04:34.444000+00:00;4;1255;8;9994
2025-03-22 07:04:34.444000+00:00;5;1255;4;9994
2025-03-22 07:04:34.444000+00:00;14;1255;7;9994
2025-03-22 07:04:34.444000+00:00;16;1255;9;9994
2025-03-22 07:04:34.444000+00:00;18;1255;6;9994
2025-03-22 07:04:34.444000+00:00;22;1255;13;9994
2025-03-22 07:04:34.444000+00:00;23;1255;12;9994
2025-03-22 07:04:34.444000+00:00;27;1255;2;9994
2025-03-22 07:04:34.444000+00:00;31;1255;1;9994
2025-03-22 07:04:34.444000+00:00;44;1255;11;9994
2025-03-22 07:04:34.444000+00:00;55;1255;5;9994
2025-03-22 07:04:34.444000+00:00;81;1255;10;9994
2025-03-22 07:04:34.444000+00:00;87;1255;3;9994
2025-03-22 07:04:41.375000+00:00;1;1255;19;9994
2025-03-22 07:04:41.375000+00:00;6;1255;14;9994
2025-03-22 07:04:41.375000+00:00;7;1255;16;9994
2025-03-22 07:04:41.375000+00:00;10;1255;1;9994
2025-03-22 07:04:41.375000+00:00;12;1255;18;9994
2025-03-22 07:04:41.375000+00:00;30;1255;15;9994
2025-03-22 07:04:41.375000+00:00;31;1255;2;9994
2025-03-22 07:04:41.375000+00:00;63;1255;17;9994
2025-03-22 07:04:41.422000+00:00;1;1255;20;9994
2025-03-22 07:04:41.422000+00:00;4;1255;9;9994
2025-03-22 07:04:41.422000+00:00;5;1255;5;9994
2025-03-22 07:04:41.422000+00:00;6;1255;15;9994
2025-03-22 07:04:41.422000+00:00;7;1255;17;9994
2025-03-22 07:04:41.422000+00:00;12;1255;19;9994
2025-03-22 07:04:41.422000+00:00;14;1255;8;9994
2025-03-22 07:04:41.422000+00:00;16;1255;10;9994
2025-03-22 07:04:41.422000+00:00;18;1255;7;9994
2025-03-22 07:04:41.422000+00:00;22;1255;14;9994
2025-03-22 07:04:41.422000+00:00;23;1255;13;9994
2025-03-22 07:04:41.422000+00:00;27;1255;3;9994
2025-03-22 07:04:41.422000+00:00;30;1255;16;9994
2025-03-22 07:04:41.422000+00:00;44;1255;12;9994
2025-03-22 07:04:41.422000+00:00;55;1255;6;9994
2025-03-22 07:04:41.422000+00:00;63;1255;18;9994
2025-03-22 07:04:41.422000+00:00;81;1255;11;9994
2025-03-22 07:04:41.422000+00:00;87;1255;4;9994
2025-03-22 07:05:00.456000+00:00;6;1255;16;9994
2025-03-22 07:05:00.456000+00:00;7;1255;18;9994
2025-03-22 07:05:00.456000+00:00;12;1255;14;9994
2025-03-22 07:05:00.456000+00:00;22;1255;15;9994
2025-03-22 07:05:00.456000+00:00;30;1255;17;9994
2025-03-22 07:05:00.456000+00:00;63;1255;19;9994
2025-03-22 07:05:12.907000+00:00;4;1255;1;9994
2025-03-22 07:05:12.907000+00:00;5;1255;6;9994
2025-03-22 07:05:12.907000+00:00;10;1255;2;9994
2025-03-22 07:05:12.907000+00:00;14;1255;9;9994
2025-03-22 07:05:12.907000+00:00;18;1255;8;9994
2025-03-22 07:05:12.907000+00:00;27;1255;4;9994
2025-03-22 07:05:12.907000+00:00;31;1255;3;9994
2025-03-22 07:05:12.907000+00:00;55;1255;7;9994
2025-03-22 07:05:12.907000+00:00;87;1255;5;9994
2025-03-22 07:05:14.329000+00:00;6;1255;17;9994
2025-03-22 07:05:14.329000+00:00;7;1255;19;9994
2025-03-22 07:05:14.329000+00:00;12;1255;15;9994
2025-03-22 07:05:14.329000+00:00;22;1255;16;9994
2025-03-22 07:05:14.329000+00:00;23;1255;14;9994
2025-03-22 07:05:14.329000+00:00;30;1255;18;9994
2025-03-22 07:05:14.329000+00:00;63;1255;13;9994
2025-03-22 07:05:29.079000+00:00;5;1255;7;9994
2025-03-22 07:05:29.079000+00:00;14;1255;10;9994
2025-03-22 07:05:29.079000+00:00;16;1255;6;9994
2025-03-22 07:05:29.079000+00:00;18;1255;9;9994
2025-03-22 07:05:29.079000+00:00;55;1255;8;9994
2025-03-22 07:05:34.110000+00:00;4;1255;2;9994
2025-03-22 07:05:34.110000+00:00;5;1255;8;9994
2025-03-22 07:05:34.110000+00:00;10;1255;3;9994
2025-03-22 07:05:34.110000+00:00;14;1255;11;9994
2025-03-22 07:05:34.110000+00:00;16;1255;7;9994
2025-03-22 07:05:34.110000+00:00;18;1255;10;9994
2025-03-22 07:05:34.110000+00:00;27;1255;5;9994
2025-03-22 07:05:34.110000+00:00;31;1255;4;9994
2025-03-22 07:05:34.110000+00:00;44;1255;1;9994
2025-03-22 07:05:34.110000+00:00;55;1255;9;9994
2025-03-22 07:05:34.110000+00:00;81;1255;12;9994
2025-03-22 07:05:34.110000+00:00;87;1255;6;9994
2025-03-22 07:05:42.155000+00:00;4;1255;3;9994
2025-03-22 07:05:42.155000+00:00;5;1255;9;9994
2025-03-22 07:05:42.155000+00:00;10;1255;4;9994
2025-03-22 07:05:42.155000+00:00;14;1255;12;9994
2025-03-22 07:05:42.155000+00:00;16;1255;8;9994
2025-03-22 07:05:42.155000+00:00;18;1255;11;9994
2025-03-22 07:05:42.155000+00:00;27;1255;6;9994
2025-03-22 07:05:42.155000+00:00;31;1255;5;9994
2025-03-22 07:05:42.155000+00:00;44;1255;2;9994
2025-03-22 07:05:42.155000+00:00;55;1255;10;9994
2025-03-22 07:05:42.155000+00:00;81;1255;1;9994
2025-03-22 07:05:42.155000+00:00;87;1255;7;9994
2025-03-22 07:06:28.874000+00:00;4;1255;12;9994
2025-03-22 07:06:28.874000+00:00;5;1255;8;9994
2025-03-22 07:06:28.874000+00:00;10;1255;3;9994
2025-03-22 07:06:28.874000+00:00;14;1255;11;9994
2025-03-22 07:06:28.874000+00:00;16;1255;7;9994
2025-03-22 07:06:28.874000+00:00;18;1255;10;9994
2025-03-22 07:06:28.874000+00:00;27;1255;5;9994
2025-03-22 07:06:28.874000+00:00;31;1255;4;9994
2025-03-22 07:06:28.874000+00:00;55;1255;9;9994
2025-03-22 07:06:28.874000+00:00;87;1255;6;9994
2025-03-22 07:06:32.781000+00:00;4;1255;13;9994
2025-03-22 07:06:32.781000+00:00;5;1255;9;9994
2025-03-22 07:06:32.781000+00:00;10;1255;4;9994
2025-03-22 07:06:32.781000+00:00;12;1255;3;9994
2025-03-22 07:06:32.781000+00:00;14;1255;12;9994
2025-03-22 07:06:32.781000+00:00;16;1255;8;9994
2025-03-22 07:06:32.781000+00:00;18;1255;11;9994
2025-03-22 07:06:32.781000+00:00;23;1255;15;9994
2025-03-22 07:06:32.781000+00:00;27;1255;6;9994
2025-03-22 07:06:32.781000+00:00;31;1255;5;9994
2025-03-22 07:06:32.781000+00:00;55;1255;10;9994
2025-03-22 07:06:32.781000+00:00;63;1255;14;9994
2025-03-22 07:06:32.781000+00:00;87;1255;7;9994
2025-03-22 07:06:42.806000+00:00;1;1255;17;9994
2025-03-22 07:06:42.806000+00:00;6;1255;18;9994
2025-03-22 07:06:42.806000+00:00;7;1255;20;9994
2025-03-22 07:06:42.806000+00:00;30;1255;19;9994
2025-03-22 07:06:46.457000+00:00;4;1255;14;9994
2025-03-22 07:06:46.457000+00:00;5;1255;10;9994
2025-03-22 07:06:46.457000+00:00;10;1255;5;9994
2025-03-22 07:06:46.457000+00:00;12;1255;4;9994
2025-03-22 07:06:46.457000+00:00;14;1255;13;9994
2025-03-22 07:06:46.457000+00:00;16;1255;9;9994
2025-03-22 07:06:46.457000+00:00;18;1255;12;9994
2025-03-22 07:06:46.457000+00:00;27;1255;7;9994
2025-03-22 07:06:46.457000+00:00;31;1255;6;9994
2025-03-22 07:06:46.457000+00:00;55;1255;11;9994
2025-03-22 07:06:46.457000+00:00;63;1255;3;9994
2025-03-22 07:06:46.457000+00:00;87;1255;8;9994
2025-03-22 07:08:14.435000+00:00;1;1255;1;9994
2025-03-22 07:08:14.435000+00:00;4;1255;15;9994
2025-03-22 07:08:14.435000+00:00;5;1255;11;9994
2025-03-22 07:08:14.435000+00:00;10;1255;6;9994
2025-03-22 07:08:14.435000+00:00;12;1255;5;9994
2025-03-22 07:08:14.435000+00:00;14;1255;14;9994
2025-03-22 07:08:14.435000+00:00;16;1255;10;9994
2025-03-22 07:08:14.435000+00:00;18;1255;13;9994
2025-03-22 07:08:14.435000+00:00;22;1255;17;9994
2025-03-22 07:08:14.435000+00:00;23;1255;16;9994
2025-03-22 07:08:14.435000+00:00;27;1255;8;9994
2025-03-22 07:08:14.435000+00:00;31;1255;7;9994
2025-03-22 07:08:14.435000+00:00;44;1255;3;9994
2025-03-22 07:08:14.435000+00:00;55;1255;12;9994
2025-03-22 07:08:14.435000+00:00;63;1255;4;9994
2025-03-22 07:08:14.435000+00:00;81;1255;2;9994
2025-03-22 07:08:14.435000+00:00;87;1255;9;9994
2025-03-22 07:09:05.522000+00:00;5;1255;12;9994
2025-03-22 07:09:05.522000+00:00;10;1255;7;9994
2025-03-22 07:09:05.522000+00:00;12;1255;6;9994
2025-03-22 07:09:05.522000+00:00;16;1255;11;9994
2025-03-22 07:09:05.522000+00:00;18;1255;5;9994
2025-03-22 07:09:05.522000+00:00;27;1255;9;9994
2025-03-22 07:09:05.522000+00:00;31;1255;8;9994
2025-03-22 07:09:05.522000+00:00;55;1255;13;9994
2025-03-22 07:09:05.522000+00:00;87;1255;10;9994
2025-03-22 07:09:21.163000+00:00;4;1255;16;9994
2025-03-22 07:09:21.163000+00:00;5;1255;13;9994
2025-03-22 07:09:21.163000+00:00;6;1255;4;9994
2025-03-22 07:09:21.163000+00:00;10;1255;8;9994
2025-03-22 07:09:21.163000+00:00;12;1255;7;9994
2025-03-22 07:09:21.163000+00:00;14;1255;15;9994
2025-03-22 07:09:21.163000+00:00;16;1255;12;9994
2025-03-22 07:09:21.163000+00:00;18;1255;6;9994
2025-03-22 07:09:21.163000+00:00;22;1255;18;9994
2025-03-22 07:09:21.163000+00:00;23;1255;17;9994
2025-03-22 07:09:21.163000+00:00;27;1255;10;9994
2025-03-22 07:09:21.163000+00:00;31;1255;9;9994
2025-03-22 07:09:21.163000+00:00;55;1255;14;9994
2025-03-22 07:09:21.163000+00:00;63;1255;5;9994
2025-03-22 07:09:21.163000+00:00;87;1255;11;9994
2025-03-22 07:09:33.726000+00:00;5;1255;14;9994
2025-03-22 07:09:33.726000+00:00;10;1255;9;9994
2025-03-22 07:09:33.726000+00:00;12;1255;8;9994
2025-03-22 07:09:33.726000+00:00;14;1255;5;9994
2025-03-22 07:09:33.726000+00:00;16;1255;13;9994
2025-03-22 07:09:33.726000+00:00;18;1255;7;9994
2025-03-22 07:09:33.726000+00:00;27;1255;11;9994
2025-03-22 07:09:33.726000+00:00;31;1255;10;9994
2025-03-22 07:09:33.726000+00:00;55;1255;15;9994
2025-03-22 07:09:33.726000+00:00;63;1255;6;9994
2025-03-22 07:09:33.726000+00:00;87;1255;12;9994
2025-03-22 07:09:39.182000+00:00;5;1255;7;9994
2025-03-22 07:09:39.182000+00:00;10;1255;10;9994
2025-03-22 07:09:39.182000+00:00;12;1255;9;9994
2025-03-22 07:09:39.182000+00:00;16;1255;14;9994
2025-03-22 07:09:39.182000+00:00;18;1255;8;9994
2025-03-22 07:09:39.182000+00:00;27;1255;12;9994
2025-03-22 07:09:39.182000+00:00;31;1255;11;9994
2025-03-22 07:09:39.182000+00:00;87;1255;13;9994
2025-03-22 07:09:46.838000+00:00;4;1255;17;9994
2025-03-22 07:09:46.838000+00:00;5;1255;8;9994
2025-03-22 07:09:46.838000+00:00;6;1255;5;9994
2025-03-22 07:09:46.838000+00:00;10;1255;11;9994
2025-03-22 07:09:46.838000+00:00;12;1255;10;9994
2025-03-22 07:09:46.838000+00:00;14;1255;6;9994
2025-03-22 07:09:46.838000+00:00;16;1255;15;9994
2025-03-22 07:09:46.838000+00:00;18;1255;9;9994
2025-03-22 07:09:46.838000+00:00;22;1255;4;9994
2025-03-22 07:09:46.838000+00:00;23;1255;18;9994
2025-03-22 07:09:46.838000+00:00;27;1255;13;9994
2025-03-22 07:09:46.838000+00:00;31;1255;12;9994
2025-03-22 07:09:46.838000+00:00;55;1255;16;9994
2025-03-22 07:09:46.838000+00:00;63;1255;7;9994
2025-03-22 07:09:46.838000+00:00;87;1255;14;9994
2025-03-22 07:09:54.698000+00:00;4;1255;18;9994
2025-03-22 07:09:54.698000+00:00;7;1255;13;9994
2025-03-22 07:09:54.698000+00:00;16;1255;16;9994
2025-03-22 07:09:54.698000+00:00;23;1255;19;9994
2025-03-22 07:09:54.698000+00:00;27;1255;14;9994
2025-03-22 07:09:54.698000+00:00;30;1255;20;9994
2025-03-22 07:09:54.698000+00:00;55;1255;17;9994
2025-03-22 07:09:54.698000+00:00;87;1255;15;9994
2025-03-22 07:10:01.054000+00:00;7;1255;14;9994
2025-03-22 07:10:01.054000+00:00;10;1255;12;9994
2025-03-22 07:10:01.054000+00:00;12;1255;11;9994
2025-03-22 07:10:01.054000+00:00;16;1255;17;9994
2025-03-22 07:10:01.054000+00:00;27;1255;15;9994
2025-03-22 07:10:01.054000+00:00;31;1255;13;9994
2025-03-22 07:10:01.054000+00:00;55;1255;10;9994
2025-03-22 07:10:01.054000+00:00;87;1255;16;9994
2025-03-22 07:10:10.539000+00:00;4;1255;19;9994
2025-03-22 07:10:10.539000+00:00;5;1255;9;9994
2025-03-22 07:10:10.539000+00:00;7;1255;15;9994
2025-03-22 07:10:10.539000+00:00;10;1255;13;9994
2025-03-22 07:10:10.539000+00:00;12;1255;12;9994
2025-03-22 07:10:10.539000+00:00;14;1255;7;9994
2025-03-22 07:10:10.539000+00:00;16;1255;18;9994
2025-03-22 07:10:10.539000+00:00;18;1255;10;9994
2025-03-22 07:10:10.539000+00:00;23;1255;6;9994
2025-03-22 07:10:10.539000+00:00;27;1255;16;9994
2025-03-22 07:10:10.539000+00:00;31;1255;14;9994
2025-03-22 07:10:10.539000+00:00;55;1255;11;9994
2025-03-22 07:10:10.539000+00:00;63;1255;8;9994
2025-03-22 07:10:10.539000+00:00;87;1255;17;9994
2025-03-22 07:10:24.742000+00:00;4;1255;20;9994
2025-03-22 07:10:24.742000+00:00;7;1255;16;9994
2025-03-22 07:10:24.742000+00:00;16;1255;19;9994
2025-03-22 07:10:24.742000+00:00;27;1255;17;9994
2025-03-22 07:10:24.742000+00:00;30;1255;15;9994
2025-03-22 07:10:24.742000+00:00;87;1255;18;9994
2025-03-22 07:10:40.351000+00:00;10;1255;11;9994
2025-03-22 07:10:40.351000+00:00;12;1255;13;9994
2025-03-22 07:10:40.351000+00:00;55;1255;12;9994
2025-03-22 07:10:48.664000+00:00;5;1255;10;9994
2025-03-22 07:10:48.664000+00:00;7;1255;17;9994
2025-03-22 07:10:48.664000+00:00;10;1255;12;9994
2025-03-22 07:10:48.664000+00:00;12;1255;14;9994
2025-03-22 07:10:48.664000+00:00;14;1255;8;9994
2025-03-22 07:10:48.664000+00:00;18;1255;11;9994
2025-03-22 07:10:48.664000+00:00;27;1255;7;9994
2025-03-22 07:10:48.664000+00:00;30;1255;16;9994
2025-03-22 07:10:48.664000+00:00;31;1255;15;9994
2025-03-22 07:10:48.664000+00:00;55;1255;13;9994
2025-03-22 07:10:48.664000+00:00;63;1255;9;9994
2025-03-22 07:11:25.536000+00:00;10;1255;13;9994
2025-03-22 07:11:25.536000+00:00;12;1255;15;9994
2025-03-22 07:11:25.536000+00:00;31;1255;12;9994
2025-03-22 07:11:25.536000+00:00;55;1255;14;9994
2025-03-22 07:11:38.458000+00:00;5;1255;11;9994
2025-03-22 07:11:38.458000+00:00;7;1255;18;9994
2025-03-22 07:11:38.458000+00:00;10;1255;14;9994
2025-03-22 07:11:38.458000+00:00;12;1255;16;9994
2025-03-22 07:11:38.458000+00:00;14;1255;9;9994
2025-03-22 07:11:38.458000+00:00;18;1255;12;9994
2025-03-22 07:11:38.458000+00:00;27;1255;8;9994
2025-03-22 07:11:38.458000+00:00;30;1255;17;9994
2025-03-22 07:11:38.458000+00:00;31;1255;13;9994
2025-03-22 07:11:38.458000+00:00;55;1255;15;9994
2025-03-22 07:11:38.458000+00:00;63;1255;10;9994
2025-03-22 07:11:38.458000+00:00;87;1255;7;9994
2025-03-22 07:12:37.209000+00:00;5;1255;12;9994
2025-03-22 07:12:37.209000+00:00;7;1255;19;9994
2025-03-22 07:12:37.209000+00:00;10;1255;15;9994
2025-03-22 07:12:37.209000+00:00;12;1255;17;9994
2025-03-22 07:12:37.209000+00:00;16;1255;10;9994
2025-03-22 07:12:37.209000+00:00;18;1255;13;9994
2025-03-22 07:12:37.209000+00:00;30;1255;18;9994
2025-03-22 07:12:37.209000+00:00;31;1255;14;9994
2025-03-22 07:12:37.209000+00:00;55;1255;16;9994
2025-03-22 07:12:37.209000+00:00;63;1255;11;9994
2025-03-22 07:12:42.849000+00:00;14;1255;10;9994
2025-03-22 07:12:42.849000+00:00;16;1255;11;9994
2025-03-22 07:12:42.849000+00:00;27;1255;9;9994
2025-03-22 07:12:42.849000+00:00;63;1255;8;9994
2025-03-22 07:12:59.840000+00:00;4;1255;6;9994
2025-03-22 07:12:59.840000+00:00;5;1255;13;9994
2025-03-22 07:12:59.840000+00:00;7;1255;20;9994
2025-03-22 07:12:59.840000+00:00;10;1255;16;9994
2025-03-22 07:12:59.840000+00:00;12;1255;18;9994
2025-03-22 07:12:59.840000+00:00;14;1255;11;9994
2025-03-22 07:12:59.840000+00:00;16;1255;12;9994
2025-03-22 07:12:59.840000+00:00;18;1255;14;9994
2025-03-22 07:12:59.840000+00:00;23;1255;7;9994
2025-03-22 07:12:59.840000+00:00;27;1255;10;9994
2025-03-22 07:12:59.840000+00:00;30;1255;19;9994
2025-03-22 07:12:59.840000+00:00;31;1255;15;9994
2025-03-22 07:12:59.840000+00:00;55;1255;17;9994
2025-03-22 07:12:59.840000+00:00;63;1255;9;9994
2025-03-22 07:12:59.840000+00:00;87;1255;8;9994
2025-03-22 07:13:07.268000+00:00;4;1255;7;9994
2025-03-22 07:13:07.268000+00:00;5;1255;14;9994
2025-03-22 07:13:07.268000+00:00;6;1255;6;9994
2025-03-22 07:13:07.268000+00:00;10;1255;17;9994
2025-03-22 07:13:07.268000+00:00;12;1255;3;9994
2025-03-22 07:13:07.268000+00:00;14;1255;12;9994
2025-03-22 07:13:07.268000+00:00;16;1255;13;9994
2025-03-22 07:13:07.268000+00:00;18;1255;15;9994
2025-03-22 07:13:07.268000+00:00;22;1255;5;9994
2025-03-22 07:13:07.268000+00:00;23;1255;8;9994
2025-03-22 07:13:07.268000+00:00;27;1255;11;9994
2025-03-22 07:13:07.268000+00:00;31;1255;16;9994
2025-03-22 07:13:07.268000+00:00;44;1255;4;9994
2025-03-22 07:13:07.268000+00:00;55;1255;18;9994
2025-03-22 07:13:07.268000+00:00;63;1255;10;9994
2025-03-22 07:13:07.268000+00:00;87;1255;9;9994
2025-03-22 07:17:56.967000+00:00;4;1255;8;9994
2025-03-22 07:17:56.967000+00:00;5;1255;15;9994
2025-03-22 07:17:56.967000+00:00;14;1255;13;9994
2025-03-22 07:17:56.967000+00:00;16;1255;14;9994
2025-03-22 07:17:56.967000+00:00;18;1255;7;9994
2025-03-22 07:17:56.967000+00:00;23;1255;9;9994
2025-03-22 07:17:56.967000+00:00;27;1255;12;9994
2025-03-22 07:17:56.967000+00:00;63;1255;11;9994
2025-03-22 07:17:56.967000+00:00;87;1255;10;9994
2025-03-22 07:18:03.237000+00:00;4;1255;9;9994
2025-03-22 07:18:03.237000+00:00;18;1255;8;9994
2025-03-22 07:18:03.237000+00:00;23;1255;10;9994
2025-03-22 07:18:03.237000+00:00;27;1255;7;9994
2025-03-22 07:18:03.237000+00:00;63;1255;12;9994
2025-03-22 07:18:03.237000+00:00;87;1255;11;9994
2025-03-22 07:18:16.503000+00:00;4;1255;10;9994
2025-03-22 07:18:16.503000+00:00;6;1255;7;9994
2025-03-22 07:18:16.503000+00:00;14;1255;6;9994
2025-03-22 07:18:16.503000+00:00;18;1255;9;9994
2025-03-22 07:18:16.503000+00:00;23;1255;11;9994
2025-03-22 07:18:16.503000+00:00;27;1255;8;9994
2025-03-22 07:18:16.503000+00:00;63;1255;13;9994
2025-03-22 07:18:16.503000+00:00;87;1255;12;9994
2025-03-22 07:18:31.190000+00:00;4;1255;11;9994
2025-03-22 07:18:31.190000+00:00;6;1255;8;9994
2025-03-22 07:18:31.190000+00:00;12;1255;4;9994
2025-03-22 07:18:31.190000+00:00;14;1255;7;9994
2025-03-22 07:18:31.190000+00:00;16;1255;2;9994
2025-03-22 07:18:31.190000+00:00;18;1255;10;9994
2025-03-22 07:18:31.190000+00:00;22;1255;6;9994
2025-03-22 07:18:31.190000+00:00;23;1255;12;9994
2025-03-22 07:18:31.190000+00:00;27;1255;9;9994
2025-03-22 07:18:31.190000+00:00;44;1255;5;9994
2025-03-22 07:18:31.190000+00:00;63;1255;14;9994
2025-03-22 07:18:31.190000+00:00;81;1255;3;9994
2025-03-22 07:18:31.190000+00:00;87;1255;13;9994
2025-03-22 07:18:37.003000+00:00;1;1255;2;9994
2025-03-22 07:18:37.003000+00:00;12;1255;5;9994
2025-03-22 07:18:37.003000+00:00;16;1255;3;9994
2025-03-22 07:18:37.003000+00:00;22;1255;1;9994
2025-03-22 07:18:37.003000+00:00;44;1255;6;9994
2025-03-22 07:18:37.003000+00:00;81;1255;4;9994
2025-03-22 07:18:48.409000+00:00;1;1255;3;9994
2025-03-22 07:18:48.409000+00:00;4;1255;12;9994
2025-03-22 07:18:48.409000+00:00;6;1255;9;9994
2025-03-22 07:18:48.409000+00:00;12;1255;6;9994
2025-03-22 07:18:48.409000+00:00;14;1255;8;9994
2025-03-22 07:18:48.409000+00:00;16;1255;4;9994
2025-03-22 07:18:48.409000+00:00;18;1255;11;9994
2025-03-22 07:18:48.409000+00:00;23;1255;13;9994
2025-03-22 07:18:48.409000+00:00;27;1255;10;9994
2025-03-22 07:18:48.409000+00:00;44;1255;7;9994
2025-03-22 07:18:48.409000+00:00;63;1255;2;9994
2025-03-22 07:18:48.409000+00:00;81;1255;5;9994
2025-03-22 07:18:48.409000+00:00;87;1255;14;9994
2025-03-22 07:18:54.894000+00:00;1;1255;4;9994
2025-03-22 07:18:54.894000+00:00;6;1255;1;9994
2025-03-22 07:18:54.894000+00:00;12;1255;7;9994
2025-03-22 07:18:54.894000+00:00;14;1255;9;9994
2025-03-22 07:18:54.894000+00:00;16;1255;5;9994
2025-03-22 07:18:54.894000+00:00;22;1255;2;9994
2025-03-22 07:18:54.894000+00:00;44;1255;8;9994
2025-03-22 07:18:54.894000+00:00;63;1255;3;9994
2025-03-22 07:18:54.894000+00:00;81;1255;6;9994
2025-03-22 07:19:01.347000+00:00;1;1255;5;9994
2025-03-22 07:19:01.347000+00:00;4;1255;1;9994
2025-03-22 07:19:01.347000+00:00;6;1255;2;9994
2025-03-22 07:19:01.347000+00:00;12;1255;8;9994
2025-03-22 07:19:01.347000+00:00;14;1255;10;9994
2025-03-22 07:19:01.347000+00:00;16;1255;6;9994
2025-03-22 07:19:01.347000+00:00;18;1255;12;9994
2025-03-22 07:19:01.347000+00:00;22;1255;3;9994
2025-03-22 07:19:01.347000+00:00;27;1255;11;9994
2025-03-22 07:19:01.347000+00:00;44;1255;9;9994
2025-03-22 07:19:01.347000+00:00;63;1255;4;9994
2025-03-22 07:19:01.347000+00:00;81;1255;7;9994
2025-03-22 07:19:07.481000+00:00;5;1255;16;9994
2025-03-22 07:19:07.481000+00:00;10;1255;18;9994
2025-03-22 07:19:07.481000+00:00;12;1255;9;9994
2025-03-22 07:19:07.481000+00:00;14;1255;11;9994
2025-03-22 07:19:07.481000+00:00;18;1255;13;9994
2025-03-22 07:19:07.481000+00:00;23;1255;14;9994
2025-03-22 07:19:07.481000+00:00;27;1255;12;9994
2025-03-22 07:19:07.481000+00:00;31;1255;17;9994
2025-03-22 07:19:07.481000+00:00;44;1255;10;9994
2025-03-22 07:19:07.481000+00:00;55;1255;8;9994
2025-03-22 07:19:07.481000+00:00;87;1255;15;9994
2025-03-22 07:19:12.434000+00:00;12;1255;10;9994
2025-03-22 07:19:12.434000+00:00;14;1255;12;9994
2025-03-22 07:19:12.434000+00:00;16;1255;7;9994
2025-03-22 07:19:12.434000+00:00;18;1255;14;9994
2025-03-22 07:19:12.434000+00:00;23;1255;6;9994
2025-03-22 07:19:12.434000+00:00;27;1255;13;9994
2025-03-22 07:19:12.434000+00:00;44;1255;11;9994
2025-03-22 07:19:12.434000+00:00;55;1255;9;9994
2025-03-22 07:19:12.434000+00:00;81;1255;8;9994
2025-03-22 07:19:22.309000+00:00;5;1255;17;9994
2025-03-22 07:19:22.309000+00:00;10;1255;15;9994
2025-03-22 07:19:22.309000+00:00;31;1255;18;9994
2025-03-22 07:19:22.309000+00:00;87;1255;16;9994
2025-03-22 07:19:26.013000+00:00;30;1255;18;9994
2025-03-22 07:19:26.013000+00:00;31;1255;19;9994
2025-03-22 07:19:27.997000+00:00;5;1255;18;9994
2025-03-22 07:19:27.997000+00:00;7;1255;17;9994
2025-03-22 07:19:27.997000+00:00;30;1255;19;9994
2025-03-22 07:19:27.997000+00:00;31;1255;20;9994
2025-03-22 07:19:30.997000+00:00;5;1255;19;9994
2025-03-22 07:19:30.997000+00:00;7;1255;18;9994
2025-03-22 07:19:30.997000+00:00;10;1255;16;9994
2025-03-22 07:19:30.997000+00:00;18;1255;15;9994
2025-03-22 07:19:30.997000+00:00;27;1255;14;9994
2025-03-22 07:19:30.997000+00:00;30;1255;20;9994
2025-03-22 07:19:30.997000+00:00;31;1255;13;9994
2025-03-22 07:19:30.997000+00:00;87;1255;17;9994
2025-03-22 07:26:20.853000+00:00;1;1255;6;9994
2025-03-22 07:26:20.853000+00:00;4;1255;2;9994
2025-03-22 07:26:20.853000+00:00;6;1255;3;9994
2025-03-22 07:26:20.853000+00:00;12;1255;11;9994
2025-03-22 07:26:20.853000+00:00;14;1255;13;9994
2025-03-22 07:26:20.853000+00:00;16;1255;8;9994
2025-03-22 07:26:20.853000+00:00;22;1255;4;9994
2025-03-22 07:26:20.853000+00:00;23;1255;7;9994
2025-03-22 07:26:20.853000+00:00;31;1255;1;9994
2025-03-22 07:26:20.853000+00:00;44;1255;12;9994
2025-03-22 07:26:20.853000+00:00;55;1255;10;9994
2025-03-22 07:26:20.853000+00:00;63;1255;5;9994
2025-03-22 07:26:20.853000+00:00;81;1255;9;9994
2025-03-22 07:26:22.541000+00:00;1;1255;7;9994
2025-03-22 07:26:22.541000+00:00;4;1255;3;9994
2025-03-22 07:26:22.541000+00:00;6;1255;4;9994
2025-03-22 07:26:22.541000+00:00;12;1255;1;9994
2025-03-22 07:26:22.541000+00:00;16;1255;9;9994
2025-03-22 07:26:22.541000+00:00;22;1255;5;9994
2025-03-22 07:26:22.541000+00:00;23;1255;8;9994
2025-03-22 07:26:22.541000+00:00;31;1255;2;9994
2025-03-22 07:26:22.541000+00:00;55;1255;11;9994
2025-03-22 07:26:22.541000+00:00;63;1255;6;9994
2025-03-22 07:26:22.541000+00:00;81;1255;10;9994
2025-03-22 07:26:26.572000+00:00;4;1255;4;9994
2025-03-22 07:26:26.572000+00:00;6;1255;5;9994
2025-03-22 07:26:26.572000+00:00;12;1255;2;9994
2025-03-22 07:26:26.572000+00:00;22;1255;6;9994
2025-03-22 07:26:26.572000+00:00;31;1255;3;9994
2025-03-22 07:26:26.572000+00:00;63;1255;1;9994
2025-03-22 07:26:30.463000+00:00;1;1255;8;9994
2025-03-22 07:26:30.463000+00:00;4;1255;5;9994
2025-03-22 07:26:30.463000+00:00;6;1255;6;9994
2025-03-22 07:26:30.463000+00:00;12;1255;3;9994
2025-03-22 07:26:30.463000+00:00;16;1255;10;9994
2025-03-22 07:26:30.463000+00:00;22;1255;7;9994
2025-03-22 07:26:30.463000+00:00;23;1255;9;9994
2025-03-22 07:26:30.463000+00:00;31;1255;4;9994
2025-03-22 07:26:30.463000+00:00;55;1255;2;9994
2025-03-22 07:26:30.463000+00:00;81;1255;11;9994
2025-03-22 07:26:53.971000+00:00;4;1255;6;9994
2025-03-22 07:26:53.971000+00:00;6;1255;1;9994
2025-03-22 07:26:53.971000+00:00;12;1255;4;9994
2025-03-22 07:26:53.971000+00:00;31;1255;5;9994
2025-03-22 07:26:53.971000+00:00;55;1255;3;9994
2025-03-22 07:26:53.971000+00:00;63;1255;2;9994
2025-03-22 07:27:01.582000+00:00;1;1255;9;9994
2025-03-22 07:27:01.582000+00:00;4;1255;7;9994
2025-03-22 07:27:01.582000+00:00;14;1255;14;9994
2025-03-22 07:27:01.582000+00:00;16;1255;11;9994
2025-03-22 07:27:01.582000+00:00;18;1255;6;9994
2025-03-22 07:27:01.582000+00:00;22;1255;8;9994
2025-03-22 07:27:01.582000+00:00;23;1255;10;9994
2025-03-22 07:27:01.582000+00:00;27;1255;15;9994
2025-03-22 07:27:01.582000+00:00;44;1255;13;9994
2025-03-22 07:27:01.582000+00:00;81;1255;12;9994
2025-03-22 07:27:13.079000+00:00;4;1255;8;9994
2025-03-22 07:27:13.079000+00:00;12;1255;5;9994
2025-03-22 07:27:13.079000+00:00;18;1255;7;9994
2025-03-22 07:27:13.079000+00:00;22;1255;2;9994
2025-03-22 07:27:13.079000+00:00;31;1255;6;9994
2025-03-22 07:27:13.079000+00:00;55;1255;4;9994
2025-03-22 07:27:13.079000+00:00;63;1255;3;9994
2025-03-22 07:27:24.642000+00:00;1;1255;10;9994
2025-03-22 07:27:24.642000+00:00;4;1255;9;9994
2025-03-22 07:27:24.642000+00:00;14;1255;6;9994
2025-03-22 07:27:24.642000+00:00;16;1255;12;9994
2025-03-22 07:27:24.642000+00:00;18;1255;8;9994
2025-03-22 07:27:24.642000+00:00;23;1255;11;9994
2025-03-22 07:27:24.642000+00:00;31;1255;7;9994
2025-03-22 07:27:24.642000+00:00;44;1255;14;9994
2025-03-22 07:27:24.642000+00:00;81;1255;13;9994
2025-03-22 07:27:30.751000+00:00;1;1255;11;9994
2025-03-22 07:27:30.751000+00:00;4;1255;10;9994
2025-03-22 07:27:30.751000+00:00;12;1255;6;9994
2025-03-22 07:27:30.751000+00:00;14;1255;7;9994
2025-03-22 07:27:30.751000+00:00;16;1255;13;9994
2025-03-22 07:27:30.751000+00:00;18;1255;9;9994
2025-03-22 07:27:30.751000+00:00;23;1255;12;9994
2025-03-22 07:27:30.751000+00:00;31;1255;8;9994
2025-03-22 07:27:30.751000+00:00;55;1255;5;9994
2025-03-22 07:27:30.751000+00:00;81;1255;4;9994
2025-03-22 07:27:37.407000+00:00;4;1255;1;9994
2025-03-22 07:27:37.407000+00:00;6;1255;2;9994
2025-03-22 07:27:37.407000+00:00;12;1255;7;9994
2025-03-22 07:27:37.407000+00:00;14;1255;8;9994
2025-03-22 07:27:37.407000+00:00;18;1255;10;9994
2025-03-22 07:27:37.407000+00:00;22;1255;3;9994
2025-03-22 07:27:37.407000+00:00;31;1255;9;9994
2025-03-22 07:27:37.407000+00:00;55;1255;6;9994
2025-03-22 07:27:37.407000+00:00;63;1255;4;9994
2025-03-22 07:27:37.407000+00:00;81;1255;5;9994
2025-03-22 07:27:47.626000+00:00;1;1255;12;9994
2025-03-22 07:27:47.626000+00:00;14;1255;9;9994
2025-03-22 07:27:47.626000+00:00;16;1255;14;9994
2025-03-22 07:27:47.626000+00:00;18;1255;11;9994
2025-03-22 07:27:47.626000+00:00;23;1255;13;9994
2025-03-22 07:27:47.626000+00:00;31;1255;10;9994
2025-03-22 07:27:47.626000+00:00;44;1255;8;9994
2025-03-22 07:27:56.166000+00:00;1;1255;13;9994
2025-03-22 07:27:56.166000+00:00;12;1255;8;9994
2025-03-22 07:27:56.166000+00:00;14;1255;10;9994
2025-03-22 07:27:56.166000+00:00;16;1255;5;9994
2025-03-22 07:27:56.166000+00:00;18;1255;12;9994
2025-03-22 07:27:56.166000+00:00;23;1255;14;9994
2025-03-22 07:27:56.166000+00:00;31;1255;11;9994
2025-03-22 07:27:56.166000+00:00;44;1255;9;9994
2025-03-22 07:27:56.166000+00:00;55;1255;7;9994
2025-03-22 07:27:56.166000+00:00;81;1255;6;9994
2025-03-22 07:28:07.753000+00:00;1;1255;5;9994
2025-03-22 07:28:07.753000+00:00;12;1255;9;9994
2025-03-22 07:28:07.753000+00:00;14;1255;11;9994
2025-03-22 07:28:07.753000+00:00;16;1255;6;9994
2025-03-22 07:28:07.753000+00:00;18;1255;13;9994
2025-03-22 07:28:07.753000+00:00;31;1255;12;9994
2025-03-22 07:28:07.753000+00:00;44;1255;10;9994
2025-03-22 07:28:07.753000+00:00;55;1255;8;9994
2025-03-22 07:28:07.753000+00:00;81;1255;7;9994
2025-03-22 07:28:10.831000+00:00;12;1255;10;9994
2025-03-22 07:28:10.831000+00:00;14;1255;12;9994
2025-03-22 07:28:10.831000+00:00;16;1255;7;9994
2025-03-22 07:28:10.831000+00:00;18;1255;14;9994
2025-03-22 07:28:10.831000+00:00;23;1255;6;9994
2025-03-22 07:28:10.831000+00:00;31;1255;13;9994
2025-03-22 07:28:10.831000+00:00;44;1255;11;9994
2025-03-22 07:28:10.831000+00:00;55;1255;9;9994
2025-03-22 07:28:10.831000+00:00;81;1255;8;9994
2025-03-22 07:28:18.925000+00:00;1;1255;6;9994
2025-03-22 07:28:18.925000+00:00;4;1255;2;9994
2025-03-22 07:28:18.925000+00:00;6;1255;3;9994
2025-03-22 07:28:18.925000+00:00;12;1255;11;9994
2025-03-22 07:28:18.925000+00:00;14;1255;13;9994
2025-03-22 07:28:18.925000+00:00;16;1255;8;9994
2025-03-22 07:28:18.925000+00:00;22;1255;4;9994
2025-03-22 07:28:18.925000+00:00;23;1255;7;9994
2025-03-22 07:28:18.925000+00:00;31;1255;1;9994
2025-03-22 07:28:18.925000+00:00;44;1255;12;9994
2025-03-22 07:28:18.925000+00:00;55;1255;10;9994
2025-03-22 07:28:18.925000+00:00;63;1255;5;9994
2025-03-22 07:28:18.925000+00:00;81;1255;9;9994
2025-03-22 07:28:26.374000+00:00;1;1255;7;9994
2025-03-22 07:28:26.374000+00:00;4;1255;3;9994
2025-03-22 07:28:26.374000+00:00;6;1255;4;9994
2025-03-22 07:28:26.374000+00:00;12;1255;1;9994
2025-03-22 07:28:26.374000+00:00;16;1255;9;9994
2025-03-22 07:28:26.374000+00:00;22;1255;5;9994
2025-03-22 07:28:26.374000+00:00;23;1255;8;9994
2025-03-22 07:28:26.374000+00:00;31;1255;2;9994
2025-03-22 07:28:26.374000+00:00;55;1255;11;9994
2025-03-22 07:28:26.374000+00:00;63;1255;6;9994
2025-03-22 07:28:26.374000+00:00;81;1255;10;9994
2025-03-22 07:28:26.979000+00:00;18;1255;15;9994
2025-03-22 07:28:26.979000+00:00;27;1255;14;9994
2025-03-22 07:28:32.467000+00:00;4;1255;4;9994
2025-03-22 07:28:32.467000+00:00;6;1255;5;9994
2025-03-22 07:28:32.467000+00:00;12;1255;2;9994
2025-03-22 07:28:32.467000+00:00;22;1255;6;9994
2025-03-22 07:28:32.467000+00:00;31;1255;3;9994
2025-03-22 07:28:32.467000+00:00;63;1255;1;9994
2025-03-22 07:28:38.139000+00:00;1;1255;8;9994
2025-03-22 07:28:38.139000+00:00;4;1255;5;9994
2025-03-22 07:28:38.139000+00:00;6;1255;6;9994
2025-03-22 07:28:38.139000+00:00;12;1255;3;9994
2025-03-22 07:28:38.139000+00:00;16;1255;10;9994
2025-03-22 07:28:38.139000+00:00;22;1255;7;9994
2025-03-22 07:28:38.139000+00:00;23;1255;9;9994
2025-03-22 07:28:38.139000+00:00;31;1255;4;9994
2025-03-22 07:28:38.139000+00:00;55;1255;2;9994
2025-03-22 07:28:38.139000+00:00;81;1255;11;9994
2025-03-22 07:28:50.530000+00:00;4;1255;6;9994
2025-03-22 07:28:50.530000+00:00;6;1255;1;9994
2025-03-22 07:28:50.530000+00:00;12;1255;4;9994
2025-03-22 07:28:50.530000+00:00;31;1255;5;9994
2025-03-22 07:28:50.530000+00:00;55;1255;3;9994
2025-03-22 07:28:50.530000+00:00;63;1255;2;9994
2025-03-22 07:29:01.483000+00:00;1;1255;9;9994
2025-03-22 07:29:01.483000+00:00;4;1255;7;9994
2025-03-22 07:29:01.483000+00:00;14;1255;14;9994
2025-03-22 07:29:01.483000+00:00;16;1255;11;9994
2025-03-22 07:29:01.483000+00:00;18;1255;6;9994
2025-03-22 07:29:01.483000+00:00;22;1255;8;9994
2025-03-22 07:29:01.483000+00:00;23;1255;10;9994
2025-03-22 07:29:01.483000+00:00;27;1255;15;9994
2025-03-22 07:29:01.483000+00:00;44;1255;13;9994
2025-03-22 07:29:01.483000+00:00;81;1255;12;9994
2025-03-22 07:29:13.732000+00:00;4;1255;8;9994
2025-03-22 07:29:13.732000+00:00;12;1255;5;9994
2025-03-22 07:29:13.732000+00:00;18;1255;7;9994
2025-03-22 07:29:13.732000+00:00;22;1255;2;9994
2025-03-22 07:29:13.732000+00:00;31;1255;6;9994
2025-03-22 07:29:13.732000+00:00;55;1255;4;9994
2025-03-22 07:29:13.732000+00:00;63;1255;3;9994
2025-03-22 07:29:21.597000+00:00;1;1255;10;9994
2025-03-22 07:29:21.597000+00:00;4;1255;9;9994
2025-03-22 07:29:21.597000+00:00;12;1255;6;9994
2025-03-22 07:29:21.597000+00:00;16;1255;12;9994
2025-03-22 07:29:21.597000+00:00;18;1255;8;9994
2025-03-22 07:29:21.597000+00:00;23;1255;11;9994
2025-03-22 07:29:21.597000+00:00;31;1255;7;9994
2025-03-22 07:29:21.597000+00:00;55;1255;5;9994
2025-03-22 07:29:21.597000+00:00;81;1255;4;9994
2025-03-22 07:29:26.285000+00:00;1;1255;11;9994
2025-03-22 07:29:26.285000+00:00;4;1255;10;9994
2025-03-22 07:29:26.285000+00:00;14;1255;7;9994
2025-03-22 07:29:26.285000+00:00;16;1255;13;9994
2025-03-22 07:29:26.285000+00:00;18;1255;9;9994
2025-03-22 07:29:26.285000+00:00;23;1255;12;9994
2025-03-22 07:29:26.285000+00:00;31;1255;8;9994
2025-03-22 07:29:26.285000+00:00;44;1255;14;9994
2025-03-22 07:29:33.160000+00:00;4;1255;1;9994
2025-03-22 07:29:33.160000+00:00;6;1255;2;9994
2025-03-22 07:29:33.160000+00:00;12;1255;7;9994
2025-03-22 07:29:33.160000+00:00;14;1255;8;9994
2025-03-22 07:29:33.160000+00:00;18;1255;10;9994
2025-03-22 07:29:33.160000+00:00;22;1255;3;9994
2025-03-22 07:29:33.160000+00:00;31;1255;9;9994
2025-03-22 07:29:33.160000+00:00;55;1255;6;9994
2025-03-22 07:29:33.160000+00:00;63;1255;4;9994
2025-03-22 07:29:33.160000+00:00;81;1255;5;9994
2025-03-22 07:29:42.079000+00:00;1;1255;12;9994
2025-03-22 07:29:42.079000+00:00;14;1255;9;9994
2025-03-22 07:29:42.079000+00:00;16;1255;14;9994
2025-03-22 07:29:42.079000+00:00;18;1255;11;9994
2025-03-22 07:29:42.079000+00:00;23;1255;13;9994
2025-03-22 07:29:42.079000+00:00;31;1255;10;9994
2025-03-22 07:29:42.079000+00:00;44;1255;8;9994
2025-03-22 07:29:50.719000+00:00;4;1255;2;9994
2025-03-22 07:29:50.719000+00:00;6;1255;3;9994
2025-03-22 07:29:50.719000+00:00;12;1255;8;9994
2025-03-22 07:29:50.719000+00:00;14;1255;10;9994
2025-03-22 07:29:50.719000+00:00;22;1255;4;9994
2025-03-22 07:29:50.719000+00:00;31;1255;1;9994
2025-03-22 07:29:50.719000+00:00;44;1255;9;9994
2025-03-22 07:29:50.719000+00:00;55;1255;7;9994
2025-03-22 07:29:50.719000+00:00;63;1255;5;9994
2025-03-22 07:29:50.719000+00:00;81;1255;6;9994
2025-03-22 07:29:57.860000+00:00;4;1255;3;9994
2025-03-22 07:29:57.860000+00:00;6;1255;4;9994
2025-03-22 07:29:57.860000+00:00;12;1255;1;9994
2025-03-22 07:29:57.860000+00:00;22;1255;5;9994
2025-03-22 07:29:57.860000+00:00;31;1255;2;9994
2025-03-22 07:29:57.860000+00:00;55;1255;8;9994
2025-03-22 07:29:57.860000+00:00;63;1255;6;9994
2025-03-22 07:29:57.860000+00:00;81;1255;7;9994
2025-03-22 07:30:00.298000+00:00;1;1255;13;9994
2025-03-22 07:30:00.298000+00:00;14;1255;11;9994
2025-03-22 07:30:00.298000+00:00;16;1255;7;9994
2025-03-22 07:30:00.298000+00:00;18;1255;12;9994
2025-03-22 07:30:00.298000+00:00;23;1255;14;9994
2025-03-22 07:30:00.298000+00:00;44;1255;10;9994
2025-03-22 07:30:00.298000+00:00;55;1255;9;9994
2025-03-22 07:30:00.298000+00:00;81;1255;8;9994
2025-03-22 07:30:03.732000+00:00;4;1255;4;9994
2025-03-22 07:30:03.732000+00:00;6;1255;5;9994
2025-03-22 07:30:03.732000+00:00;12;1255;2;9994
2025-03-22 07:30:03.732000+00:00;22;1255;6;9994
2025-03-22 07:30:03.732000+00:00;31;1255;3;9994
2025-03-22 07:30:03.732000+00:00;63;1255;1;9994
2025-03-22 07:30:07.295000+00:00;1;1255;14;9994
2025-03-22 07:30:07.295000+00:00;14;1255;12;9994
2025-03-22 07:30:07.295000+00:00;16;1255;8;9994
2025-03-22 07:30:07.295000+00:00;18;1255;13;9994
2025-03-22 07:30:07.295000+00:00;23;1255;7;9994
2025-03-22 07:30:07.295000+00:00;44;1255;11;9994
2025-03-22 07:30:07.295000+00:00;55;1255;10;9994
2025-03-22 07:30:07.295000+00:00;81;1255;9;9994
2025-03-22 07:30:09.873000+00:00;4;1255;5;9994
2025-03-22 07:30:09.873000+00:00;6;1255;6;9994
2025-03-22 07:30:09.873000+00:00;16;1255;9;9994
2025-03-22 07:30:09.873000+00:00;22;1255;7;9994
2025-03-22 07:30:09.873000+00:00;23;1255;8;9994
2025-03-22 07:30:09.873000+00:00;55;1255;4;9994
2025-03-22 07:30:09.873000+00:00;81;1255;10;9994
2025-03-22 07:30:14.560000+00:00;1;1255;8;9994
2025-03-22 07:30:14.560000+00:00;14;1255;13;9994
2025-03-22 07:30:14.560000+00:00;16;1255;10;9994
2025-03-22 07:30:14.560000+00:00;18;1255;14;9994
2025-03-22 07:30:14.560000+00:00;23;1255;9;9994
2025-03-22 07:30:14.560000+00:00;44;1255;12;9994
2025-03-22 07:30:14.560000+00:00;81;1255;11;9994
2025-03-22 07:30:19.279000+00:00;18;1255;15;9994
2025-03-22 07:30:19.279000+00:00;27;1255;14;9994
2025-03-22 07:30:22.388000+00:00;4;1255;6;9994
2025-03-22 07:30:22.388000+00:00;6;1255;4;9994
2025-03-22 07:30:22.388000+00:00;55;1255;5;9994
2025-03-22 07:30:33.155000+00:00;1;1255;9;9994
2025-03-22 07:30:33.155000+00:00;4;1255;7;9994
2025-03-22 07:30:33.155000+00:00;6;1255;5;9994
2025-03-22 07:30:33.155000+00:00;14;1255;14;9994
2025-03-22 07:30:33.155000+00:00;16;1255;11;9994
2025-03-22 07:30:33.155000+00:00;18;1255;3;9994
2025-03-22 07:30:33.155000+00:00;22;1255;8;9994
2025-03-22 07:30:33.155000+00:00;23;1255;10;9994
2025-03-22 07:30:33.155000+00:00;27;1255;15;9994
2025-03-22 07:30:33.155000+00:00;31;1255;4;9994
2025-03-22 07:30:33.155000+00:00;44;1255;13;9994
2025-03-22 07:30:33.155000+00:00;55;1255;6;9994
2025-03-22 07:30:33.155000+00:00;81;1255;12;9994
2025-03-22 07:30:45.144000+00:00;4;1255;8;9994
2025-03-22 07:30:45.144000+00:00;6;1255;6;9994
2025-03-22 07:30:45.144000+00:00;12;1255;3;9994
2025-03-22 07:30:45.144000+00:00;18;1255;4;9994
2025-03-22 07:30:45.144000+00:00;22;1255;2;9994
2025-03-22 07:30:45.144000+00:00;31;1255;5;9994
2025-03-22 07:30:45.144000+00:00;55;1255;7;9994
2025-03-22 07:30:52.669000+00:00;1;1255;10;9994
2025-03-22 07:30:52.669000+00:00;4;1255;9;9994
2025-03-22 07:30:52.669000+00:00;6;1255;7;9994
2025-03-22 07:30:52.669000+00:00;12;1255;4;9994
2025-03-22 07:30:52.669000+00:00;16;1255;12;9994
2025-03-22 07:30:52.669000+00:00;18;1255;5;9994
2025-03-22 07:30:52.669000+00:00;22;1255;3;9994
2025-03-22 07:30:52.669000+00:00;23;1255;11;9994
2025-03-22 07:30:52.669000+00:00;31;1255;6;9994
2025-03-22 07:30:52.669000+00:00;55;1255;8;9994
2025-03-22 07:30:52.669000+00:00;63;1255;2;9994
2025-03-22 07:30:52.669000+00:00;81;1255;1;9994
2025-03-22 07:30:58.155000+00:00;1;1255;11;9994
2025-03-22 07:30:58.155000+00:00;4;1255;10;9994
2025-03-22 07:30:58.155000+00:00;14;1255;8;9994
2025-03-22 07:30:58.155000+00:00;16;1255;13;9994
2025-03-22 07:30:58.155000+00:00;23;1255;12;9994
2025-03-22 07:30:58.155000+00:00;44;1255;14;9994
2025-03-22 07:30:58.155000+00:00;55;1255;9;9994
2025-03-22 07:31:03.714000+00:00;4;1255;1;9994
2025-03-22 07:31:03.714000+00:00;6;1255;8;9994
2025-03-22 07:31:03.714000+00:00;12;1255;5;9994
2025-03-22 07:31:03.714000+00:00;14;1255;9;9994
2025-03-22 07:31:03.714000+00:00;18;1255;6;9994
2025-03-22 07:31:03.714000+00:00;22;1255;4;9994
2025-03-22 07:31:03.714000+00:00;31;1255;7;9994
2025-03-22 07:31:03.714000+00:00;55;1255;10;9994
2025-03-22 07:31:03.714000+00:00;63;1255;3;9994
2025-03-22 07:31:03.714000+00:00;81;1255;2;9994
2025-03-22 07:31:13.704000+00:00;1;1255;12;9994
2025-03-22 07:31:13.704000+00:00;6;1255;9;9994
2025-03-22 07:31:13.704000+00:00;14;1255;10;9994
2025-03-22 07:31:13.704000+00:00;16;1255;14;9994
2025-03-22 07:31:13.704000+00:00;18;1255;7;9994
2025-03-22 07:31:13.704000+00:00;23;1255;13;9994
2025-03-22 07:31:13.704000+00:00;31;1255;8;9994
2025-03-22 07:31:13.704000+00:00;44;1255;6;9994
2025-03-22 07:31:13.704000+00:00;55;1255;11;9994
2025-03-22 07:31:32.006000+00:00;1;1255;13;9994
2025-03-22 07:31:32.006000+00:00;6;1255;10;9994
2025-03-22 07:31:32.006000+00:00;14;1255;11;9994
2025-03-22 07:31:32.006000+00:00;16;1255;7;9994
2025-03-22 07:31:32.006000+00:00;18;1255;8;9994
2025-03-22 07:31:32.006000+00:00;23;1255;14;9994
2025-03-22 07:31:32.006000+00:00;31;1255;9;9994
2025-03-22 07:31:32.006000+00:00;55;1255;12;9994
2025-03-22 07:31:38.917000+00:00;1;1255;14;9994
2025-03-22 07:31:38.917000+00:00;6;1255;11;9994
2025-03-22 07:31:38.917000+00:00;14;1255;12;9994
2025-03-22 07:31:38.917000+00:00;16;1255;8;9994
2025-03-22 07:31:38.917000+00:00;18;1255;9;9994
2025-03-22 07:31:38.917000+00:00;23;1255;7;9994
2025-03-22 07:31:38.917000+00:00;31;1255;10;9994
2025-03-22 07:31:38.917000+00:00;55;1255;13;9994
2025-03-22 07:31:45.761000+00:00;1;1255;3;9994
2025-03-22 07:31:45.761000+00:00;6;1255;12;9994
2025-03-22 07:31:45.761000+00:00;12;1255;6;9994
2025-03-22 07:31:45.761000+00:00;14;1255;13;9994
2025-03-22 07:31:45.761000+00:00;16;1255;9;9994
2025-03-22 07:31:45.761000+00:00;18;1255;10;9994
2025-03-22 07:31:45.761000+00:00;22;1255;5;9994
2025-03-22 07:31:45.761000+00:00;23;1255;8;9994
2025-03-22 07:31:45.761000+00:00;31;1255;11;9994
2025-03-22 07:31:45.761000+00:00;44;1255;7;9994
2025-03-22 07:31:45.761000+00:00;55;1255;14;9994
2025-03-22 07:31:45.761000+00:00;63;1255;4;9994
2025-03-22 07:31:50.995000+00:00;6;1255;13;9994
2025-03-22 07:31:50.995000+00:00;14;1255;14;9994
2025-03-22 07:31:50.995000+00:00;18;1255;11;9994
2025-03-22 07:31:50.995000+00:00;27;1255;10;9994
2025-03-22 07:31:50.995000+00:00;31;1255;12;9994
2025-03-22 07:31:50.995000+00:00;55;1255;15;9994
2025-03-22 07:38:43.901000+00:00;1;1255;2;9994
2025-03-22 07:38:43.901000+00:00;81;1255;3;9994
2025-03-22 07:38:50.948000+00:00;16;1255;10;9994
2025-03-22 07:38:50.948000+00:00;27;1255;9;9994
2025-03-22 07:39:09.452000+00:00;12;1255;7;9994
2025-03-22 07:39:09.452000+00:00;44;1255;6;9994
2025-03-22 07:39:25.561000+00:00;12;1255;8;9994
2025-03-22 07:39:25.561000+00:00;16;1255;6;9994
2025-03-22 07:39:25.561000+00:00;23;1255;9;9994
2025-03-22 07:39:25.561000+00:00;27;1255;10;9994
2025-03-22 07:39:25.561000+00:00;44;1255;7;9994
2025-03-22 07:39:37.474000+00:00;18;1255;12;9994
2025-03-22 07:39:37.474000+00:00;27;1255;11;9994
2025-03-22 07:39:37.474000+00:00;31;1255;10;9994
2025-03-22 07:39:44.594000+00:00;6;1255;4;9994
2025-03-22 07:39:44.594000+00:00;12;1255;9;9994
2025-03-22 07:39:44.594000+00:00;16;1255;7;9994
2025-03-22 07:39:44.594000+00:00;18;1255;13;9994
2025-03-22 07:39:44.594000+00:00;22;1255;6;9994
2025-03-22 07:39:44.594000+00:00;23;1255;10;9994
2025-03-22 07:39:44.594000+00:00;27;1255;12;9994
2025-03-22 07:39:44.594000+00:00;31;1255;11;9994
2025-03-22 07:39:44.594000+00:00;44;1255;8;9994
2025-03-22 07:39:44.594000+00:00;63;1255;5;9994
2025-03-22 07:39:58.157000+00:00;22;1255;5;9994
2025-03-22 07:39:58.157000+00:00;63;1255;6;9994
2025-03-22 07:40:24.519000+00:00;14;1255;13;9994
2025-03-22 07:40:24.519000+00:00;18;1255;14;9994
2025-03-22 07:48:03.570000+00:00;1;1255;1;9994
2025-03-22 07:48:03.570000+00:00;4;1255;2;9994
2025-03-22 07:48:04.913000+00:00;4;1255;3;9994
2025-03-22 07:48:04.913000+00:00;6;1255;5;9994
2025-03-22 07:48:04.913000+00:00;22;1255;6;9994
2025-03-22 07:48:04.913000+00:00;63;1255;2;9994
2025-03-22 07:48:04.913000+00:00;81;1255;4;9994
2025-03-22 07:48:07.491000+00:00;4;1255;4;9994
2025-03-22 07:48:07.491000+00:00;6;1255;6;9994
2025-03-22 07:48:07.491000+00:00;12;1255;3;9994
2025-03-22 07:48:07.491000+00:00;16;1255;8;9994
2025-03-22 07:48:07.491000+00:00;22;1255;7;9994
2025-03-22 07:48:07.491000+00:00;44;1255;9;9994
2025-03-22 07:48:07.491000+00:00;81;1255;5;9994
2025-03-22 07:48:20.867000+00:00;4;1255;5;9994
2025-03-22 07:48:20.867000+00:00;6;1255;2;9994
2025-03-22 07:48:20.867000+00:00;12;1255;4;9994
2025-03-22 07:48:20.867000+00:00;63;1255;3;9994
2025-03-22 07:48:20.867000+00:00;81;1255;6;9994
2025-03-22 07:48:29.429000+00:00;4;1255;6;9994
2025-03-22 07:48:29.429000+00:00;12;1255;5;9994
2025-03-22 07:48:29.429000+00:00;22;1255;3;9994
2025-03-22 07:48:29.429000+00:00;63;1255;4;9994
2025-03-22 07:48:29.429000+00:00;81;1255;7;9994
2025-03-22 07:48:34.523000+00:00;4;1255;7;9994
2025-03-22 07:48:34.523000+00:00;16;1255;9;9994
2025-03-22 07:48:34.523000+00:00;23;1255;6;9994
2025-03-22 07:48:34.523000+00:00;44;1255;10;9994
2025-03-22 07:48:34.523000+00:00;81;1255;8;9994
2025-03-22 07:48:44.101000+00:00;4;1255;8;9994
2025-03-22 07:48:44.101000+00:00;6;1255;3;9994
2025-03-22 07:48:44.101000+00:00;12;1255;6;9994
2025-03-22 07:48:44.101000+00:00;22;1255;4;9994
2025-03-22 07:48:44.101000+00:00;23;1255;7;9994
2025-03-22 07:48:44.101000+00:00;63;1255;5;9994
2025-03-22 07:48:44.101000+00:00;81;1255;2;9994
2025-03-22 07:48:56.117000+00:00;4;1255;9;9994
2025-03-22 07:48:56.117000+00:00;12;1255;7;9994
2025-03-22 07:48:56.117000+00:00;16;1255;10;9994
2025-03-22 07:48:56.117000+00:00;23;1255;8;9994
2025-03-22 07:48:56.117000+00:00;44;1255;6;9994
2025-03-22 07:49:03.066000+00:00;4;1255;10;9994
2025-03-22 07:49:03.066000+00:00;12;1255;8;9994
2025-03-22 07:49:03.066000+00:00;16;1255;6;9994
2025-03-22 07:49:03.066000+00:00;23;1255;9;9994
2025-03-22 07:49:03.066000+00:00;44;1255;7;9994
2025-03-22 07:49:20.731000+00:00;1;1255;2;9994
2025-03-22 07:49:20.731000+00:00;4;1255;1;9994
2025-03-22 07:49:20.731000+00:00;6;1255;4;9994
2025-03-22 07:49:20.731000+00:00;12;1255;9;9994
2025-03-22 07:49:20.731000+00:00;16;1255;7;9994
2025-03-22 07:49:20.731000+00:00;22;1255;5;9994
2025-03-22 07:49:20.731000+00:00;23;1255;10;9994
2025-03-22 07:49:20.731000+00:00;44;1255;8;9994
2025-03-22 07:49:20.731000+00:00;63;1255;6;9994
2025-03-22 07:49:20.731000+00:00;81;1255;3;9994
2025-03-22 07:49:45.336000+00:00;1;1255;3;9994
2025-03-22 07:49:45.336000+00:00;4;1255;2;9994
2025-03-22 07:49:45.336000+00:00;6;1255;5;9994
2025-03-22 07:49:45.336000+00:00;22;1255;6;9994
2025-03-22 07:49:45.336000+00:00;63;1255;1;9994
2025-03-22 07:49:45.336000+00:00;81;1255;4;9994
2025-03-22 07:49:58.577000+00:00;1;1255;1;9994
2025-03-22 07:49:58.577000+00:00;4;1255;3;9994
2025-03-22 07:49:58.577000+00:00;63;1255;2;9994
2025-03-22 07:50:05.150000+00:00;4;1255;4;9994
2025-03-22 07:50:05.150000+00:00;6;1255;6;9994
2025-03-22 07:50:05.150000+00:00;12;1255;3;9994
2025-03-22 07:50:05.150000+00:00;16;1255;8;9994
2025-03-22 07:50:05.150000+00:00;22;1255;7;9994
2025-03-22 07:50:05.150000+00:00;44;1255;9;9994
2025-03-22 07:50:05.150000+00:00;81;1255;5;9994
2025-03-22 07:50:14.540000+00:00;4;1255;5;9994
2025-03-22 07:50:14.540000+00:00;6;1255;2;9994
2025-03-22 07:50:14.540000+00:00;12;1255;4;9994
2025-03-22 07:50:14.540000+00:00;63;1255;3;9994
2025-03-22 07:50:14.540000+00:00;81;1255;6;9994
2025-03-22 07:50:23.214000+00:00;4;1255;6;9994
2025-03-22 07:50:23.214000+00:00;12;1255;5;9994
2025-03-22 07:50:23.214000+00:00;22;1255;3;9994
2025-03-22 07:50:23.214000+00:00;63;1255;4;9994
2025-03-22 07:50:23.214000+00:00;81;1255;7;9994
2025-03-22 07:50:30.246000+00:00;4;1255;7;9994
2025-03-22 07:50:30.246000+00:00;16;1255;9;9994
2025-03-22 07:50:30.246000+00:00;23;1255;6;9994
2025-03-22 07:50:30.246000+00:00;44;1255;10;9994
2025-03-22 07:50:30.246000+00:00;81;1255;8;9994
2025-03-22 07:50:38.319000+00:00;4;1255;8;9994
2025-03-22 07:50:38.319000+00:00;6;1255;3;9994
2025-03-22 07:50:38.319000+00:00;12;1255;6;9994
2025-03-22 07:50:38.319000+00:00;22;1255;4;9994
2025-03-22 07:50:38.319000+00:00;23;1255;7;9994
2025-03-22 07:50:38.319000+00:00;63;1255;5;9994
2025-03-22 07:50:38.319000+00:00;81;1255;2;9994
2025-03-22 07:50:53.194000+00:00;4;1255;9;9994
2025-03-22 07:50:53.194000+00:00;12;1255;7;9994
2025-03-22 07:50:53.194000+00:00;16;1255;10;9994
2025-03-22 07:50:53.194000+00:00;23;1255;8;9994
2025-03-22 07:50:53.194000+00:00;44;1255;6;9994
2025-03-22 07:51:04.508000+00:00;4;1255;10;9994
2025-03-22 07:51:04.508000+00:00;12;1255;8;9994
2025-03-22 07:51:04.508000+00:00;16;1255;6;9994
2025-03-22 07:51:04.508000+00:00;23;1255;9;9994
2025-03-22 07:51:04.508000+00:00;44;1255;7;9994
2025-03-22 07:51:11.826000+00:00;1;1255;2;9994
2025-03-22 07:51:11.826000+00:00;4;1255;1;9994
2025-03-22 07:51:11.826000+00:00;6;1255;4;9994
2025-03-22 07:51:11.826000+00:00;12;1255;9;9994
2025-03-22 07:51:11.826000+00:00;16;1255;7;9994
2025-03-22 07:51:11.826000+00:00;22;1255;5;9994
2025-03-22 07:51:11.826000+00:00;23;1255;10;9994
2025-03-22 07:51:11.826000+00:00;44;1255;8;9994
2025-03-22 07:51:11.826000+00:00;63;1255;6;9994
2025-03-22 07:51:11.826000+00:00;81;1255;3;9994
2025-03-22 07:51:29.332000+00:00;1;1255;1;9994
2025-03-22 07:51:29.332000+00:00;4;1255;2;9994
2025-03-22 07:51:36.739000+00:00;4;1255;3;9994
2025-03-22 07:51:36.739000+00:00;6;1255;5;9994
2025-03-22 07:51:36.739000+00:00;12;1255;2;9994
2025-03-22 07:51:36.739000+00:00;16;1255;8;9994
2025-03-22 07:51:36.739000+00:00;22;1255;6;9994
2025-03-22 07:51:36.739000+00:00;44;1255;9;9994
2025-03-22 07:51:36.739000+00:00;63;1255;7;9994
2025-03-22 07:51:36.739000+00:00;81;1255;4;9994
2025-03-22 07:51:46.036000+00:00;4;1255;4;9994
2025-03-22 07:51:46.036000+00:00;6;1255;2;9994
2025-03-22 07:51:46.036000+00:00;12;1255;3;9994
2025-03-22 07:51:46.036000+00:00;81;1255;5;9994
2025-03-22 07:51:48.749000+00:00;4;1255;5;9994
2025-03-22 07:51:48.749000+00:00;22;1255;7;9994
2025-03-22 07:51:48.749000+00:00;63;1255;4;9994
2025-03-22 07:51:48.749000+00:00;81;1255;6;9994
2025-03-22 07:51:54.874000+00:00;4;1255;6;9994
2025-03-22 07:51:54.874000+00:00;12;1255;4;9994
2025-03-22 07:51:54.874000+00:00;22;1255;3;9994
2025-03-22 07:51:54.874000+00:00;63;1255;5;9994
2025-03-22 07:51:54.874000+00:00;81;1255;7;9994
2025-03-22 07:52:01.938000+00:00;4;1255;7;9994
2025-03-22 07:52:01.938000+00:00;16;1255;9;9994
2025-03-22 07:52:01.938000+00:00;23;1255;5;9994
2025-03-22 07:52:01.938000+00:00;44;1255;10;9994
2025-03-22 07:52:01.938000+00:00;63;1255;6;9994
2025-03-22 07:52:01.938000+00:00;81;1255;8;9994
2025-03-22 07:52:09.196000+00:00;1;1255;2;9994
2025-03-22 07:52:09.196000+00:00;4;1255;8;9994
2025-03-22 07:52:09.196000+00:00;6;1255;3;9994
2025-03-22 07:52:09.196000+00:00;12;1255;5;9994
2025-03-22 07:52:09.196000+00:00;22;1255;4;9994
2025-03-22 07:52:09.196000+00:00;23;1255;6;9994
2025-03-22 07:52:09.196000+00:00;63;1255;7;9994
2025-03-22 07:52:09.196000+00:00;81;1255;1;9994
2025-03-22 07:52:24.151000+00:00;4;1255;9;9994
2025-03-22 07:52:24.151000+00:00;6;1255;4;9994
2025-03-22 07:52:24.151000+00:00;12;1255;6;9994
2025-03-22 07:52:24.151000+00:00;16;1255;10;9994
2025-03-22 07:52:24.151000+00:00;22;1255;5;9994
2025-03-22 07:52:24.151000+00:00;23;1255;7;9994
2025-03-22 07:52:24.151000+00:00;44;1255;3;9994
2025-03-22 07:52:24.151000+00:00;63;1255;8;9994
2025-03-22 07:52:35.495000+00:00;4;1255;10;9994
2025-03-22 07:52:35.495000+00:00;6;1255;5;9994
2025-03-22 07:52:35.495000+00:00;12;1255;7;9994
2025-03-22 07:52:35.495000+00:00;16;1255;4;9994
2025-03-22 07:52:35.495000+00:00;22;1255;6;9994
2025-03-22 07:52:35.495000+00:00;23;1255;8;9994
2025-03-22 07:52:35.495000+00:00;63;1255;9;9994
2025-03-22 07:52:42.589000+00:00;1;1255;3;9994
2025-03-22 07:52:42.589000+00:00;4;1255;2;9994
2025-03-22 07:52:42.589000+00:00;6;1255;6;9994
2025-03-22 07:52:42.589000+00:00;12;1255;8;9994
2025-03-22 07:52:42.589000+00:00;16;1255;5;9994
2025-03-22 07:52:42.589000+00:00;22;1255;7;9994
2025-03-22 07:52:42.589000+00:00;23;1255;9;9994
2025-03-22 07:52:42.589000+00:00;44;1255;4;9994
2025-03-22 07:52:42.589000+00:00;63;1255;10;9994
2025-03-22 07:53:19.649000+00:00;6;1255;7;9994
2025-03-22 07:53:19.649000+00:00;12;1255;9;9994
2025-03-22 07:53:19.649000+00:00;16;1255;6;9994
2025-03-22 07:53:19.649000+00:00;22;1255;8;9994
2025-03-22 07:53:19.649000+00:00;23;1255;10;9994
2025-03-22 07:53:19.649000+00:00;63;1255;5;9994
2025-03-22 07:53:53.165000+00:00;12;1255;10;9994
2025-03-22 07:53:53.165000+00:00;23;1255;9;9994
2025-03-22 07:59:27.470000+00:00;6;1255;8;9994
2025-03-22 07:59:27.470000+00:00;12;1255;7;9994
2025-03-22 07:59:27.470000+00:00;22;1255;9;9994
2025-03-22 07:59:27.470000+00:00;23;1255;10;9994
2025-03-22 07:59:44.178000+00:00;6;1255;7;9994
2025-03-22 07:59:44.178000+00:00;12;1255;8;9994
2025-03-22 08:00:51.969000+00:00;1;1255;4;9994
2025-03-22 08:00:51.969000+00:00;4;1255;3;9994
2025-03-22 08:00:51.969000+00:00;44;1255;5;9994
2025-03-22 08:00:51.969000+00:00;63;1255;2;9994
2025-03-23 06:04:39.545000+00:00;1;1255;4;9998
2025-03-23 06:04:39.545000+00:00;4;1255;3;9998
2025-03-23 06:04:39.545000+00:00;5;1255;19;9998
2025-03-23 06:04:39.545000+00:00;6;1255;7;9998
2025-03-23 06:04:39.545000+00:00;7;1255;18;9998
2025-03-23 06:04:39.545000+00:00;10;1255;16;9998
2025-03-23 06:04:39.545000+00:00;12;1255;8;9998
2025-03-23 06:04:39.545000+00:00;14;1255;13;9998
2025-03-23 06:04:39.545000+00:00;16;1255;6;9998
2025-03-23 06:04:39.545000+00:00;18;1255;14;9998
2025-03-23 06:04:39.545000+00:00;22;1255;9;9998
2025-03-23 06:04:39.545000+00:00;23;1255;10;9998
2025-03-23 06:04:39.545000+00:00;27;1255;12;9998
2025-03-23 06:04:39.545000+00:00;30;1255;20;9998
2025-03-23 06:04:39.545000+00:00;31;1255;11;9998
2025-03-23 06:04:39.545000+00:00;44;1255;5;9998
2025-03-23 06:04:39.545000+00:00;55;1255;15;9998
2025-03-23 06:04:39.545000+00:00;63;1255;2;9998
2025-03-23 06:04:39.545000+00:00;81;1255;1;9998
2025-03-23 06:04:39.545000+00:00;87;1255;17;9998
2025-03-23 07:04:06.938000+00:00;4;1255;2;9998
2025-03-23 07:04:06.938000+00:00;63;1255;3;9998
2025-03-23 07:04:07.488000+00:00;1;1255;5;9998
2025-03-23 07:04:07.488000+00:00;44;1255;4;9998
2025-03-23 07:04:08.022000+00:00;1;1255;6;9998
2025-03-23 07:04:08.022000+00:00;16;1255;5;9998
2025-03-23 07:04:08.589000+00:00;6;1255;8;9998
2025-03-23 07:04:08.589000+00:00;12;1255;7;9998
2025-03-23 07:04:09.114000+00:00;23;1255;11;9998
2025-03-23 07:04:09.114000+00:00;31;1255;10;9998
2025-03-23 07:04:09.620000+00:00;14;1255;12;9998
2025-03-23 07:04:09.620000+00:00;27;1255;13;9998
2025-03-23 07:04:10.150000+00:00;18;1255;13;9998
2025-03-23 07:04:10.150000+00:00;27;1255;14;9998
2025-03-23 07:04:10.298000+00:00;27;1255;15;9998
2025-03-23 07:04:10.298000+00:00;55;1255;14;9998
2025-03-23 07:04:10.739000+00:00;10;1255;15;9998
2025-03-23 07:04:10.739000+00:00;27;1255;16;9998
2025-03-23 07:04:10.872000+00:00;27;1255;17;9998
2025-03-23 07:04:10.872000+00:00;87;1255;16;9998
2025-03-23 07:04:10.972000+00:00;5;1255;17;9998
2025-03-23 07:04:10.972000+00:00;7;1255;19;9998
2025-03-23 07:04:10.972000+00:00;27;1255;18;9998
2025-03-23 07:04:11.367000+00:00;7;1255;18;9998
2025-03-23 07:04:11.367000+00:00;27;1255;19;9998
2025-03-23 07:05:22.668000+00:00;6;1255;9;9998
2025-03-23 07:05:22.668000+00:00;22;1255;8;9998
2025-03-23 07:05:25.155000+00:00;10;1255;13;9998
2025-03-23 07:05:25.155000+00:00;18;1255;14;9998
2025-03-23 07:05:25.155000+00:00;55;1255;15;9998
2025-03-23 07:05:26.927000+00:00;5;1255;18;9998
2025-03-23 07:05:26.927000+00:00;7;1255;17;9998
2025-03-23 07:05:27.914000+00:00;5;1255;19;9998
2025-03-23 07:05:27.914000+00:00;27;1255;20;9998
2025-03-23 07:05:27.914000+00:00;30;1255;18;9998
2025-03-23 07:05:28.990000+00:00;5;1255;20;9998
2025-03-23 07:05:28.990000+00:00;27;1255;19;9998
2025-03-23 07:10:22.674000+00:00;10;1255;12;9998
2025-03-23 07:10:22.674000+00:00;14;1255;13;9998
2025-03-23 07:10:23.394000+00:00;14;1255;14;9998
2025-03-23 07:10:23.394000+00:00;18;1255;13;9998
2025-03-23 07:10:24.149000+00:00;14;1255;15;9998
2025-03-23 07:10:24.149000+00:00;55;1255;14;9998
2025-03-23 07:10:25.626000+00:00;14;1255;16;9998
2025-03-23 07:10:25.626000+00:00;87;1255;15;9998
2025-03-23 07:10:26.107000+00:00;7;1255;16;9998
2025-03-23 07:10:26.107000+00:00;14;1255;17;9998
2025-03-23 07:10:27.050000+00:00;14;1255;18;9998
2025-03-23 07:10:27.050000+00:00;30;1255;17;9998
2025-03-23 07:10:29.494000+00:00;14;1255;19;9998
2025-03-23 07:10:29.494000+00:00;27;1255;18;9998
2025-03-23 07:10:56.364000+00:00;5;1255;19;9998
2025-03-23 07:10:56.364000+00:00;14;1255;20;9998
2025-03-23 07:20:18.400000+00:00;10;1255;13;9998
2025-03-23 07:20:18.400000+00:00;18;1255;12;9998
2025-03-23 07:20:19.255000+00:00;10;1255;14;9998
2025-03-23 07:20:19.255000+00:00;55;1255;13;9998
2025-03-23 07:20:21.474000+00:00;10;1255;15;9998
2025-03-23 07:20:21.474000+00:00;87;1255;14;9998
2025-03-23 07:20:22.405000+00:00;7;1255;15;9998
2025-03-23 07:20:22.405000+00:00;10;1255;16;9998
2025-03-23 07:21:54.106000+00:00;6;1255;8;9998
2025-03-23 07:21:54.106000+00:00;22;1255;9;9998
2025-03-23 07:21:55.679000+00:00;22;1255;10;9998
2025-03-23 07:21:55.679000+00:00;23;1255;9;9998
2025-03-23 07:21:55.679000+00:00;31;1255;11;9998
2025-03-23 07:21:57.508000+00:00;18;1255;10;9998
2025-03-23 07:21:57.508000+00:00;22;1255;11;9998
2025-03-23 07:21:57.508000+00:00;31;1255;12;9998
2025-03-23 07:21:58.324000+00:00;31;1255;13;9998
2025-03-23 07:21:58.324000+00:00;55;1255;12;9998
2025-03-23 07:22:02.805000+00:00;7;1255;16;9998
2025-03-23 07:22:02.805000+00:00;10;1255;17;9998
2025-03-23 07:22:02.805000+00:00;30;1255;15;9998
2025-03-23 07:22:08.225000+00:00;10;1255;18;9998
2025-03-23 07:22:08.225000+00:00;27;1255;17;9998
2025-03-23 07:23:34.441000+00:00;6;1255;9;9998
2025-03-23 07:23:34.441000+00:00;12;1255;8;9998
2025-03-23 07:23:34.441000+00:00;23;1255;7;9998
2025-03-23 07:23:36.789000+00:00;6;1255;10;9998
2025-03-23 07:23:36.789000+00:00;18;1255;9;9998
2025-03-23 07:23:37.881000+00:00;22;1255;12;9998
2025-03-23 07:23:37.881000+00:00;55;1255;11;9998
2025-03-23 07:23:39.897000+00:00;22;1255;13;9998
2025-03-23 07:23:39.897000+00:00;31;1255;14;9998
2025-03-23 07:23:39.897000+00:00;87;1255;12;9998
2025-03-23 07:23:41.656000+00:00;22;1255;14;9998
2025-03-23 07:23:41.656000+00:00;30;1255;13;9998
2025-03-23 07:23:41.656000+00:00;31;1255;15;9998
2025-03-23 07:23:47.747000+00:00;7;1255;17;9998
2025-03-23 07:23:47.747000+00:00;22;1255;15;9998
2025-03-23 07:23:47.747000+00:00;27;1255;14;9998
2025-03-23 07:23:47.747000+00:00;31;1255;16;9998
2025-03-23 07:23:55.669000+00:00;7;1255;18;9998
2025-03-23 07:23:55.669000+00:00;10;1255;17;9998
2025-03-23 07:25:00.981000+00:00;16;1255;4;9998
2025-03-23 07:25:00.981000+00:00;44;1255;5;9998
2025-03-23 07:25:15.728000+00:00;12;1255;9;9998
2025-03-23 07:25:15.728000+00:00;18;1255;8;9998
2025-03-23 07:25:17.061000+00:00;6;1255;11;9998
2025-03-23 07:25:17.061000+00:00;12;1255;10;9998
2025-03-23 07:25:17.061000+00:00;55;1255;9;9998
2025-03-23 07:25:18.961000+00:00;6;1255;12;9998
2025-03-23 07:25:18.961000+00:00;12;1255;11;9998
2025-03-23 07:25:18.961000+00:00;87;1255;10;9998
2025-03-23 07:25:20.876000+00:00;6;1255;13;9998
2025-03-23 07:25:20.876000+00:00;12;1255;12;9998
2025-03-23 07:25:20.876000+00:00;30;1255;11;9998
2025-03-23 07:25:27.481000+00:00;6;1255;14;9998
2025-03-23 07:25:27.481000+00:00;12;1255;13;9998
2025-03-23 07:25:27.481000+00:00;27;1255;12;9998
2025-03-23 07:25:32.040000+00:00;6;1255;15;9998
2025-03-23 07:25:32.040000+00:00;12;1255;14;9998
2025-03-23 07:25:32.040000+00:00;22;1255;13;9998
2025-03-23 07:25:32.970000+00:00;6;1255;16;9998
2025-03-23 07:25:32.970000+00:00;31;1255;15;9998
2025-03-23 07:25:33.984000+00:00;6;1255;17;9998
2025-03-23 07:25:33.984000+00:00;10;1255;16;9998
2025-03-23 07:26:33.518000+00:00;4;1255;1;9998
2025-03-23 07:26:33.518000+00:00;81;1255;2;9998
2025-03-23 07:26:39.136000+00:00;16;1255;3;9998
2025-03-23 07:26:39.136000+00:00;63;1255;4;9998
2025-03-23 07:26:51.348000+00:00;1;1255;7;9998
2025-03-23 07:26:51.348000+00:00;23;1255;5;9998
2025-03-23 07:26:51.348000+00:00;44;1255;6;9998
2025-03-23 07:26:54.815000+00:00;1;1255;8;9998
2025-03-23 07:26:54.815000+00:00;18;1255;6;9998
2025-03-23 07:26:54.815000+00:00;44;1255;7;9998
2025-03-23 07:26:56.245000+00:00;1;1255;9;9998
2025-03-23 07:26:56.245000+00:00;44;1255;8;9998
2025-03-23 07:26:56.245000+00:00;55;1255;7;9998
2025-03-23 07:26:58.118000+00:00;1;1255;10;9998
2025-03-23 07:26:58.118000+00:00;44;1255;9;9998
2025-03-23 07:26:58.118000+00:00;87;1255;8;9998
2025-03-23 07:26:59.536000+00:00;1;1255;11;9998
2025-03-23 07:26:59.536000+00:00;30;1255;9;9998
2025-03-23 07:26:59.536000+00:00;44;1255;10;9998
2025-03-23 07:27:11.524000+00:00;12;1255;15;9998
2025-03-23 07:27:11.524000+00:00;31;1255;14;9998
2025-03-23 07:27:12.582000+00:00;6;1255;16;9998
2025-03-23 07:27:12.582000+00:00;10;1255;17;9998
2025-03-23 07:28:21.967000+00:00;16;1255;2;9998
2025-03-23 07:28:21.967000+00:00;81;1255;3;9998
2025-03-23 07:28:30.103000+00:00;23;1255;3;9998
2025-03-23 07:28:30.103000+00:00;63;1255;5;9998
2025-03-23 07:28:30.103000+00:00;81;1255;4;9998
2025-03-23 07:28:34.500000+00:00;18;1255;5;9998
2025-03-23 07:28:34.500000+00:00;63;1255;6;9998
2025-03-23 07:28:38.749000+00:00;30;1255;10;9998
2025-03-23 07:28:38.749000+00:00;44;1255;9;9998
2025-03-23 07:30:08.463000+00:00;4;1255;2;9998
2025-03-23 07:30:08.463000+00:00;16;1255;3;9998
2025-03-23 07:30:08.463000+00:00;23;1255;1;9998
2025-03-23 07:30:10.183000+00:00;4;1255;3;9998
2025-03-23 07:30:10.183000+00:00;16;1255;4;9998
2025-03-23 07:30:10.183000+00:00;81;1255;2;9998
2025-03-23 07:30:11.848000+00:00;4;1255;4;9998
2025-03-23 07:30:11.848000+00:00;16;1255;5;9998
2025-03-23 07:30:11.848000+00:00;18;1255;6;9998
2025-03-23 07:30:11.848000+00:00;63;1255;3;9998
2025-03-23 07:30:14.028000+00:00;16;1255;6;9998
2025-03-23 07:30:14.028000+00:00;18;1255;5;9998
2025-03-23 07:30:14.750000+00:00;16;1255;7;9998
2025-03-23 07:30:14.750000+00:00;55;1255;6;9998
2025-03-23 07:30:16.558000+00:00;16;1255;8;9998
2025-03-23 07:30:16.558000+00:00;44;1255;7;9998
2025-03-23 07:30:16.558000+00:00;87;1255;9;9998
2025-03-23 07:31:47.001000+00:00;23;1255;2;9998
2025-03-23 07:31:47.001000+00:00;81;1255;1;9998
2025-03-23 07:31:54.158000+00:00;44;1255;6;9998
2025-03-23 07:31:54.158000+00:00;55;1255;7;9998
2025-03-23 07:31:54.555000+00:00;16;1255;7;9998
2025-03-23 07:31:54.555000+00:00;55;1255;8;9998
2025-03-23 07:31:56.418000+00:00;55;1255;9;9998
2025-03-23 07:31:56.418000+00:00;87;1255;8;9998
2025-03-23 07:31:57.668000+00:00;1;1255;9;9998
2025-03-23 07:31:57.668000+00:00;30;1255;11;9998
2025-03-23 07:31:57.668000+00:00;55;1255;10;9998
2025-03-23 07:32:08.510000+00:00;22;1255;12;9998
2025-03-23 07:32:08.510000+00:00;27;1255;13;9998
2025-03-23 07:32:08.985000+00:00;27;1255;14;9998
2025-03-23 07:32:08.985000+00:00;31;1255;13;9998
2025-03-23 07:33:27.329000+00:00;4;1255;3;9998
2025-03-23 07:33:27.329000+00:00;63;1255;4;9998
2025-03-23 07:33:31.985000+00:00;18;1255;6;9998
2025-03-23 07:33:31.985000+00:00;44;1255;5;9998
2025-03-23 07:33:35.485000+00:00;1;1255;8;9998
2025-03-23 07:33:35.485000+00:00;87;1255;9;9998
2025-03-23 07:33:43.612000+00:00;30;1255;10;9998
2025-03-23 07:33:43.612000+00:00;55;1255;11;9998
2025-03-23 07:33:46.725000+00:00;22;1255;11;9998
2025-03-23 07:33:46.725000+00:00;55;1255;12;9998
2025-03-23 07:33:47.423000+00:00;31;1255;12;9998
2025-03-23 07:33:47.423000+00:00;55;1255;13;9998
2025-03-23 07:33:50.082000+00:00;12;1255;13;9998
2025-03-23 07:33:50.082000+00:00;27;1255;15;9998
2025-03-23 07:33:50.082000+00:00;55;1255;14;9998
2025-03-23 07:33:50.633000+00:00;6;1255;14;9998
2025-03-23 07:33:50.633000+00:00;27;1255;16;9998
2025-03-23 07:33:50.633000+00:00;55;1255;15;9998
2025-03-23 07:33:51.184000+00:00;27;1255;15;9998
2025-03-23 07:33:51.184000+00:00;55;1255;16;9998
2025-03-23 07:33:51.590000+00:00;10;1255;16;9998
2025-03-23 07:33:51.590000+00:00;55;1255;17;9998
2025-03-23 07:33:52.786000+00:00;7;1255;17;9998
2025-03-23 07:33:52.786000+00:00;55;1255;18;9998
2025-03-23 07:35:04.951000+00:00;4;1255;2;9998
2025-03-23 07:35:04.951000+00:00;23;1255;3;9998
2025-03-23 07:35:09.812000+00:00;16;1255;6;9998
2025-03-23 07:35:09.812000+00:00;18;1255;7;9998
2025-03-23 07:35:24.405000+00:00;22;1255;10;9998
2025-03-23 07:35:24.405000+00:00;30;1255;11;9998
2025-03-23 07:35:25.412000+00:00;30;1255;12;9998
2025-03-23 07:35:25.412000+00:00;31;1255;11;9998
2025-03-23 07:35:28.172000+00:00;12;1255;12;9998
2025-03-23 07:35:28.172000+00:00;30;1255;13;9998
2025-03-23 07:35:28.801000+00:00;6;1255;13;9998
2025-03-23 07:35:28.801000+00:00;30;1255;14;9998
2025-03-23 07:35:29.861000+00:00;10;1255;14;9998
2025-03-23 07:35:29.861000+00:00;27;1255;16;9998
2025-03-23 07:35:29.861000+00:00;30;1255;15;9998
2025-03-23 07:35:32.379000+00:00;7;1255;15;9998
2025-03-23 07:35:32.379000+00:00;27;1255;17;9998
2025-03-23 07:35:32.379000+00:00;30;1255;16;9998
2025-03-23 07:35:33.274000+00:00;27;1255;16;9998
2025-03-23 07:35:33.274000+00:00;30;1255;17;9998
2025-03-23 07:35:34.218000+00:00;30;1255;18;9998
2025-03-23 07:35:34.218000+00:00;55;1255;17;9998
2025-03-23 07:36:44.882000+00:00;23;1255;4;9998
2025-03-23 07:36:44.882000+00:00;63;1255;3;9998
2025-03-23 07:36:46.633000+00:00;23;1255;5;9998
2025-03-23 07:36:46.633000+00:00;44;1255;4;9998
2025-03-23 07:36:47.111000+00:00;16;1255;5;9998
2025-03-23 07:36:47.111000+00:00;23;1255;6;9998
2025-03-23 07:36:51.108000+00:00;1;1255;7;9998
2025-03-23 07:36:51.108000+00:00;18;1255;8;9998
2025-03-23 07:37:12.942000+00:00;27;1255;17;9998
2025-03-23 07:37:12.942000+00:00;55;1255;16;9998
2025-03-23 07:37:17.617000+00:00;27;1255;18;9998
2025-03-23 07:37:17.617000+00:00;30;1255;17;9998
2025-03-23 07:38:24.307000+00:00;16;1255;4;9998
2025-03-23 07:38:24.307000+00:00;44;1255;5;9998
2025-03-23 07:38:29.038000+00:00;1;1255;6;9998
2025-03-23 07:38:29.038000+00:00;23;1255;7;9998
2025-03-23 07:38:31.137000+00:00;18;1255;7;9998
2025-03-23 07:38:31.137000+00:00;23;1255;8;9998
2025-03-23 07:38:31.910000+00:00;23;1255;9;9998
2025-03-23 07:38:31.910000+00:00;87;1255;8;9998
2025-03-23 07:38:39.754000+00:00;22;1255;9;9998
2025-03-23 07:38:39.754000+00:00;23;1255;10;9998
2025-03-23 07:38:41.403000+00:00;23;1255;11;9998
2025-03-23 07:38:41.403000+00:00;31;1255;10;9998
2025-03-23 07:38:43.987000+00:00;12;1255;11;9998
2025-03-23 07:38:43.987000+00:00;23;1255;12;9998
2025-03-23 07:38:44.718000+00:00;6;1255;12;9998
2025-03-23 07:38:44.718000+00:00;23;1255;13;9998
2025-03-23 07:38:47.370000+00:00;10;1255;13;9998
2025-03-23 07:38:47.370000+00:00;23;1255;14;9998
2025-03-23 07:39:02.085000+00:00;5;1255;18;9998
2025-03-23 07:39:02.085000+00:00;27;1255;19;9998
2025-03-23 07:40:25.730000+00:00;10;1255;14;9998
2025-03-23 07:40:25.730000+00:00;23;1255;13;9998
2025-03-23 07:43:45.071000+00:00;7;1255;16;9998
2025-03-23 07:43:45.071000+00:00;55;1255;15;9998
2025-03-23 07:46:49.142000+00:00;22;1255;8;9998
2025-03-23 07:46:49.142000+00:00;87;1255;9;9998
2025-03-23 07:48:29.436000+00:00;31;1255;9;9998
2025-03-23 07:48:29.436000+00:00;87;1255;10;9998
2025-03-23 07:48:32.091000+00:00;12;1255;10;9998
2025-03-23 07:48:32.091000+00:00;87;1255;11;9998
2025-03-23 07:48:33.206000+00:00;6;1255;11;9998
2025-03-23 07:48:33.206000+00:00;87;1255;12;9998
2025-03-23 07:48:35.309000+00:00;23;1255;12;9998
2025-03-23 07:48:35.309000+00:00;87;1255;13;9998
2025-03-23 07:48:38.287000+00:00;10;1255;13;9998
2025-03-23 07:48:38.287000+00:00;87;1255;14;9998
2025-03-23 07:48:39.638000+00:00;55;1255;14;9998
2025-03-23 07:48:39.638000+00:00;87;1255;15;9998
2025-03-23 07:48:40.235000+00:00;7;1255;15;9998
2025-03-23 07:48:40.235000+00:00;87;1255;16;9998
2025-03-23 07:48:43.395000+00:00;30;1255;16;9998
2025-03-23 07:48:43.395000+00:00;87;1255;17;9998
2025-03-23 07:49:04.665000+00:00;5;1255;19;9998
2025-03-23 07:49:04.665000+00:00;27;1255;18;9998
2025-03-23 07:53:36.734000+00:00;30;1255;17;9998
2025-03-23 07:53:36.734000+00:00;87;1255;16;9998
2025-03-23 07:55:36.369000+00:00;27;1255;17;9998
2025-03-23 07:55:36.369000+00:00;30;1255;18;9998
2025-03-23 07:56:51.612000+00:00;7;1255;16;9998
2025-03-23 07:56:51.612000+00:00;87;1255;15;9998
2025-03-23 07:57:13.127000+00:00;27;1255;18;9998
2025-03-23 07:57:13.127000+00:00;30;1255;17;9998
2025-03-23 07:58:23.272000+00:00;6;1255;12;9998
2025-03-23 07:58:23.272000+00:00;23;1255;11;9998
2025-03-23 08:00:03.816000+00:00;6;1255;13;9998
2025-03-23 08:00:03.816000+00:00;10;1255;12;9998
2025-03-23 08:00:05.536000+00:00;6;1255;14;9998
2025-03-23 08:00:05.536000+00:00;55;1255;13;9998
2025-03-23 08:00:06.046000+00:00;6;1255;15;9998
2025-03-23 08:00:06.046000+00:00;87;1255;14;9998
2025-03-23 08:00:08.628000+00:00;6;1255;16;9998
2025-03-23 08:00:08.628000+00:00;7;1255;15;9998
2025-03-23 08:01:31.973000+00:00;22;1255;9;9998
2025-03-23 08:01:31.973000+00:00;31;1255;8;9998
2025-03-23 08:01:34.590000+00:00;12;1255;9;9998
2025-03-23 08:01:34.590000+00:00;22;1255;10;9998
2025-03-23 08:01:43.808000+00:00;55;1255;14;9998
2025-03-23 08:01:43.808000+00:00;87;1255;13;9998
2025-03-23 08:03:09.656000+00:00;18;1255;8;9998
2025-03-23 08:03:09.656000+00:00;31;1255;7;9998
2025-03-23 08:03:15.345000+00:00;22;1255;11;9998
2025-03-23 08:03:15.345000+00:00;23;1255;10;9998
2025-03-23 08:03:18.564000+00:00;10;1255;11;9998
2025-03-23 08:03:18.564000+00:00;22;1255;12;9998
2025-03-23 08:03:20.664000+00:00;22;1255;13;9998
2025-03-23 08:03:20.664000+00:00;87;1255;12;9998
2025-03-23 08:03:23.297000+00:00;22;1255;14;9998
2025-03-23 08:03:23.297000+00:00;55;1255;13;9998
2025-03-23 08:03:25.162000+00:00;7;1255;14;9998
2025-03-23 08:03:25.162000+00:00;22;1255;15;9998
2025-03-23 08:04:24.852000+00:00;1;1255;5;9998
2025-03-23 08:04:24.852000+00:00;44;1255;6;9998
2025-03-23 08:04:49.537000+00:00;12;1255;8;9998
2025-03-23 08:04:49.537000+00:00;18;1255;9;9998
2025-03-23 08:04:52.986000+00:00;18;1255;10;9998
2025-03-23 08:04:52.986000+00:00;23;1255;9;9998
2025-03-23 08:04:56.015000+00:00;10;1255;10;9998
2025-03-23 08:04:56.015000+00:00;18;1255;11;9998
2025-03-23 08:04:57.305000+00:00;18;1255;12;9998
2025-03-23 08:04:57.305000+00:00;87;1255;11;9998
2025-03-23 08:05:01.140000+00:00;18;1255;13;9998
2025-03-23 08:05:01.140000+00:00;55;1255;12;9998
2025-03-23 08:05:02.974000+00:00;7;1255;13;9998
2025-03-23 08:05:02.974000+00:00;18;1255;14;9998
2025-03-23 08:08:18.079000+00:00;7;1255;14;9998
2025-03-23 08:08:18.079000+00:00;18;1255;13;9998
2025-03-23 08:09:49.320000+00:00;10;1255;11;9998
2025-03-23 08:09:49.320000+00:00;87;1255;10;9998
2025-03-23 08:14:44.893000+00:00;18;1255;12;9998
2025-03-23 08:14:44.893000+00:00;55;1255;13;9998
2025-03-23 08:14:48.475000+00:00;7;1255;15;9998
2025-03-23 08:14:48.475000+00:00;22;1255;14;9998
2025-03-23 08:18:26.105000+00:00;5;1255;18;9998
2025-03-23 08:18:26.105000+00:00;27;1255;19;9998
2025-03-23 08:19:42.531000+00:00;7;1255;14;9998
2025-03-23 08:19:42.531000+00:00;22;1255;15;9998
2025-03-23 08:19:43.231000+00:00;6;1255;15;9998
2025-03-23 08:19:43.231000+00:00;22;1255;16;9998
2025-03-23 08:19:46.058000+00:00;22;1255;17;9998
2025-03-23 08:19:46.058000+00:00;30;1255;16;9998
2025-03-23 08:21:41.230000+00:00;5;1255;17;9998
2025-03-23 08:21:41.230000+00:00;22;1255;18;9998
2025-03-23 08:21:44.541000+00:00;22;1255;19;9998
2025-03-23 08:21:44.541000+00:00;27;1255;18;9998
2025-03-23 08:30:03.694000+00:00;1;1255;4;9998
2025-03-23 08:30:03.694000+00:00;16;1255;5;9998
2025-03-23 08:35:46.119000+00:00;6;1255;14;9998
2025-03-23 08:35:46.119000+00:00;7;1255;16;9998
2025-03-23 08:35:46.119000+00:00;30;1255;15;9998
2025-03-23 08:35:52.546000+00:00;6;1255;15;9998
2025-03-23 08:35:52.546000+00:00;7;1255;14;9998
2025-03-23 08:35:52.546000+00:00;30;1255;16;9998
2025-03-23 08:35:53.001000+00:00;6;1255;14;9998
2025-03-23 08:35:53.001000+00:00;7;1255;15;9998
2025-03-23 08:35:55.199000+00:00;7;1255;16;9998
2025-03-23 08:35:55.199000+00:00;30;1255;15;9998
2025-04-04 02:15:05.692000+00:00;1;1256;1;9999
2025-04-04 02:15:05.692000+00:00;4;1256;2;9999
2025-04-04 02:15:05.692000+00:00;5;1256;3;9999
2025-04-04 02:15:05.692000+00:00;6;1256;4;9999
2025-04-04 02:15:05.692000+00:00;10;1256;5;9999
2025-04-04 02:15:05.692000+00:00;12;1256;6;9999
2025-04-04 02:15:05.692000+00:00;14;1256;7;9999
2025-04-04 02:15:05.692000+00:00;16;1256;8;9999
2025-04-04 02:15:05.692000+00:00;18;1256;9;9999
2025-04-04 02:15:05.692000+00:00;22;1256;10;9999
2025-04-04 02:15:05.692000+00:00;23;1256;11;9999
2025-04-04 02:15:05.692000+00:00;27;1256;12;9999
2025-04-04 02:15:05.692000+00:00;30;1256;13;9999
2025-04-04 02:15:05.692000+00:00;31;1256;14;9999
2025-04-04 02:15:05.692000+00:00;44;1256;15;9999
2025-04-04 02:15:05.692000+00:00;55;1256;16;9999
2025-04-04 02:15:05.692000+00:00;62;1256;17;9999
2025-04-04 02:15:05.692000+00:00;63;1256;18;9999
2025-04-04 02:15:05.692000+00:00;81;1256;19;9999
2025-04-04 02:15:05.692000+00:00;87;1256;20;9999
2025-04-04 02:30:03.298000+00:00;1;1256;2;9999
2025-04-04 02:30:03.298000+00:00;4;1256;3;9999
2025-04-04 02:30:03.298000+00:00;5;1256;4;9999
2025-04-04 02:30:03.298000+00:00;6;1256;5;9999
2025-04-04 02:30:03.298000+00:00;10;1256;6;9999
2025-04-04 02:30:03.298000+00:00;12;1256;7;9999
2025-04-04 02:30:03.298000+00:00;14;1256;8;9999
2025-04-04 02:30:03.298000+00:00;16;1256;9;9999
2025-04-04 02:30:03.298000+00:00;18;1256;10;9999
2025-04-04 02:30:03.298000+00:00;22;1256;11;9999
2025-04-04 02:30:03.298000+00:00;23;1256;12;9999
2025-04-04 02:30:03.298000+00:00;27;1256;13;9999
2025-04-04 02:30:03.298000+00:00;30;1256;14;9999
2025-04-04 02:30:03.298000+00:00;31;1256;15;9999
2025-04-04 02:30:03.298000+00:00;44;1256;16;9999
2025-04-04 02:30:03.298000+00:00;55;1256;17;9999
2025-04-04 02:30:03.298000+00:00;62;1256;18;9999
2025-04-04 02:30:03.298000+00:00;63;1256;19;9999
2025-04-04 02:30:03.298000+00:00;81;1256;20;9999
2025-04-04 02:30:03.298000+00:00;87;1256;1;9999
2025-04-04 02:30:06.679000+00:00;1;1256;3;9999
2025-04-04 02:30:06.679000+00:00;4;1256;4;9999
2025-04-04 02:30:06.679000+00:00;5;1256;5;9999
2025-04-04 02:30:06.679000+00:00;6;1256;6;9999
2025-04-04 02:30:06.679000+00:00;10;1256;7;9999
2025-04-04 02:30:06.679000+00:00;12;1256;8;9999
2025-04-04 02:30:06.679000+00:00;14;1256;9;9999
2025-04-04 02:30:06.679000+00:00;16;1256;10;9999
2025-04-04 02:30:06.679000+00:00;18;1256;11;9999
2025-04-04 02:30:06.679000+00:00;22;1256;12;9999
2025-04-04 02:30:06.679000+00:00;23;1256;13;9999
2025-04-04 02:30:06.679000+00:00;27;1256;14;9999
2025-04-04 02:30:06.679000+00:00;30;1256;15;9999
2025-04-04 02:30:06.679000+00:00;31;1256;16;9999
2025-04-04 02:30:06.679000+00:00;44;1256;17;9999
2025-04-04 02:30:06.679000+00:00;55;1256;18;9999
2025-04-04 02:30:06.679000+00:00;62;1256;19;9999
2025-04-04 02:30:06.679000+00:00;63;1256;20;9999
2025-04-04 02:30:06.679000+00:00;81;1256;2;9999
2025-04-04 02:30:12.754000+00:00;1;1256;4;9999
2025-04-04 02:30:12.754000+00:00;4;1256;5;9999
2025-04-04 02:30:12.754000+00:00;5;1256;6;9999
2025-04-04 02:30:12.754000+00:00;6;1256;7;9999
2025-04-04 02:30:12.754000+00:00;10;1256;8;9999
2025-04-04 02:30:12.754000+00:00;12;1256;9;9999
2025-04-04 02:30:12.754000+00:00;14;1256;10;9999
2025-04-04 02:30:12.754000+00:00;16;1256;3;9999
2025-04-04 02:30:24.005000+00:00;1;1256;5;9999
2025-04-04 02:30:24.005000+00:00;4;1256;6;9999
2025-04-04 02:30:24.005000+00:00;5;1256;7;9999
2025-04-04 02:30:24.005000+00:00;6;1256;8;9999
2025-04-04 02:30:24.005000+00:00;10;1256;9;9999
2025-04-04 02:30:24.005000+00:00;12;1256;10;9999
2025-04-04 02:30:24.005000+00:00;14;1256;11;9999
2025-04-04 02:30:24.005000+00:00;18;1256;12;9999
2025-04-04 02:30:24.005000+00:00;22;1256;13;9999
2025-04-04 02:30:24.005000+00:00;23;1256;14;9999
2025-04-04 02:30:24.005000+00:00;27;1256;15;9999
2025-04-04 02:30:24.005000+00:00;30;1256;16;9999
2025-04-04 02:30:24.005000+00:00;31;1256;17;9999
2025-04-04 02:30:24.005000+00:00;44;1256;4;9999
2025-04-04 02:30:28.961000+00:00;1;1256;6;9999
2025-04-04 02:30:28.961000+00:00;4;1256;7;9999
2025-04-04 02:30:28.961000+00:00;5;1256;8;9999
2025-04-04 02:30:28.961000+00:00;6;1256;5;9999
2025-04-04 02:30:34.779000+00:00;1;1256;7;9999
2025-04-04 02:30:34.779000+00:00;4;1256;8;9999
2025-04-04 02:30:34.779000+00:00;5;1256;9;9999
2025-04-04 02:30:34.779000+00:00;10;1256;10;9999
2025-04-04 02:30:34.779000+00:00;12;1256;11;9999
2025-04-04 02:30:34.779000+00:00;14;1256;12;9999
2025-04-04 02:30:34.779000+00:00;18;1256;13;9999
2025-04-04 02:30:34.779000+00:00;22;1256;14;9999
2025-04-04 02:30:34.779000+00:00;23;1256;15;9999
2025-04-04 02:30:34.779000+00:00;27;1256;16;9999
2025-04-04 02:30:34.779000+00:00;30;1256;6;9999
2025-04-04 02:30:46.132000+00:00;4;1256;9;9999
2025-04-04 02:30:46.132000+00:00;5;1256;10;9999
2025-04-04 02:30:46.132000+00:00;10;1256;11;9999
2025-04-04 02:30:46.132000+00:00;12;1256;12;9999
2025-04-04 02:30:46.132000+00:00;14;1256;13;9999
2025-04-04 02:30:46.132000+00:00;18;1256;14;9999
2025-04-04 02:30:46.132000+00:00;22;1256;15;9999
2025-04-04 02:30:46.132000+00:00;23;1256;16;9999
2025-04-04 02:30:46.132000+00:00;27;1256;17;9999
2025-04-04 02:30:46.132000+00:00;31;1256;18;9999
2025-04-04 02:30:46.132000+00:00;55;1256;8;9999
2025-04-04 02:31:00.024000+00:00;4;1256;10;9999
2025-04-04 02:31:00.024000+00:00;5;1256;11;9999
2025-04-04 02:31:00.024000+00:00;10;1256;12;9999
2025-04-04 02:31:00.024000+00:00;12;1256;13;9999
2025-04-04 02:31:00.024000+00:00;14;1256;14;9999
2025-04-04 02:31:00.024000+00:00;18;1256;15;9999
2025-04-04 02:31:00.024000+00:00;22;1256;9;9999
2025-04-04 02:31:09.952000+00:00;4;1256;11;9999
2025-04-04 02:31:09.952000+00:00;5;1256;12;9999
2025-04-04 02:31:09.952000+00:00;10;1256;13;9999
2025-04-04 02:31:09.952000+00:00;12;1256;14;9999
2025-04-04 02:31:09.952000+00:00;14;1256;15;9999
2025-04-04 02:31:09.952000+00:00;18;1256;16;9999
2025-04-04 02:31:09.952000+00:00;23;1256;10;9999
2025-04-04 02:31:12.557000+00:00;4;1256;12;9999
2025-04-04 02:31:12.557000+00:00;5;1256;13;9999
2025-04-04 02:31:12.557000+00:00;10;1256;14;9999
2025-04-04 02:31:12.557000+00:00;12;1256;15;9999
2025-04-04 02:31:12.557000+00:00;14;1256;16;9999
2025-04-04 02:31:12.557000+00:00;18;1256;17;9999
2025-04-04 02:31:12.557000+00:00;27;1256;11;9999
2025-04-04 02:31:18.707000+00:00;4;1256;13;9999
2025-04-04 02:31:18.707000+00:00;5;1256;12;9999
2025-04-04 02:31:22.725000+00:00;4;1256;14;9999
2025-04-04 02:31:22.725000+00:00;10;1256;15;9999
2025-04-04 02:31:22.725000+00:00;12;1256;16;9999
2025-04-04 02:31:22.725000+00:00;14;1256;17;9999
2025-04-04 02:31:22.725000+00:00;18;1256;18;9999
2025-04-04 02:31:22.725000+00:00;31;1256;13;9999
2025-04-04 02:31:31.957000+00:00;4;1256;15;9999
2025-04-04 02:31:31.957000+00:00;10;1256;16;9999
2025-04-04 02:31:31.957000+00:00;12;1256;17;9999
2025-04-04 02:31:31.957000+00:00;14;1256;18;9999
2025-04-04 02:31:31.957000+00:00;18;1256;19;9999
2025-04-04 02:31:31.957000+00:00;62;1256;14;9999
2025-04-04 02:31:37.308000+00:00;4;1256;16;9999
2025-04-04 02:31:37.308000+00:00;10;1256;17;9999
2025-04-04 02:31:37.308000+00:00;12;1256;18;9999
2025-04-04 02:31:37.308000+00:00;14;1256;15;9999
2025-04-04 02:31:38.124000+00:00;4;1256;17;9999
2025-04-04 02:31:38.124000+00:00;10;1256;18;9999
2025-04-04 02:31:38.124000+00:00;12;1256;16;9999
2025-04-04 02:32:12.350000+00:00;4;1256;18;9999
2025-04-04 02:32:12.350000+00:00;10;1256;19;9999
2025-04-04 02:32:12.350000+00:00;18;1256;17;9999
2025-04-04 02:32:50.365000+00:00;10;1256;20;9999
2025-04-04 02:32:50.365000+00:00;63;1256;19;9999
2025-04-04 02:33:32.258000+00:00;81;1256;1;9999
2025-04-04 02:33:32.258000+00:00;87;1256;2;9999
2025-04-04 02:33:43.226000+00:00;16;1256;2;9999
2025-04-04 02:33:43.226000+00:00;87;1256;3;9999
2025-04-04 02:33:57.013000+00:00;16;1256;3;9999
2025-04-04 02:33:57.013000+00:00;44;1256;1;9999
2025-04-04 02:33:57.013000+00:00;81;1256;2;9999
2025-04-04 02:33:57.013000+00:00;87;1256;4;9999
2025-04-04 02:34:05.819000+00:00;6;1256;4;9999
2025-04-04 02:34:05.819000+00:00;87;1256;5;9999
2025-04-04 02:34:12.082000+00:00;6;1256;5;9999
2025-04-04 02:34:12.082000+00:00;30;1256;4;9999
2025-04-04 02:34:12.082000+00:00;87;1256;6;9999
2025-04-04 02:34:17.648000+00:00;1;1256;8;9999
2025-04-04 02:34:17.648000+00:00;6;1256;6;9999
2025-04-04 02:34:17.648000+00:00;16;1256;4;9999
2025-04-04 02:34:17.648000+00:00;30;1256;5;9999
2025-04-04 02:34:17.648000+00:00;55;1256;2;9999
2025-04-04 02:34:17.648000+00:00;81;1256;3;9999
2025-04-04 02:34:17.648000+00:00;87;1256;7;9999
2025-04-04 02:34:24.591000+00:00;1;1256;1;9999
2025-04-04 02:34:24.591000+00:00;6;1256;7;9999
2025-04-04 02:34:24.591000+00:00;16;1256;5;9999
2025-04-04 02:34:24.591000+00:00;30;1256;6;9999
2025-04-04 02:34:24.591000+00:00;44;1256;2;9999
2025-04-04 02:34:24.591000+00:00;55;1256;3;9999
2025-04-04 02:34:24.591000+00:00;81;1256;4;9999
2025-04-04 02:34:24.591000+00:00;87;1256;8;9999
2025-04-04 02:34:34.290000+00:00;6;1256;8;9999
2025-04-04 02:34:34.290000+00:00;16;1256;6;9999
2025-04-04 02:34:34.290000+00:00;22;1256;4;9999
2025-04-04 02:34:34.290000+00:00;30;1256;7;9999
2025-04-04 02:34:34.290000+00:00;81;1256;5;9999
2025-04-04 02:34:34.290000+00:00;87;1256;9;9999
2025-04-04 02:34:39.268000+00:00;6;1256;9;9999
2025-04-04 02:34:39.268000+00:00;23;1256;7;9999
2025-04-04 02:34:39.268000+00:00;30;1256;8;9999
2025-04-04 02:34:39.268000+00:00;87;1256;10;9999
2025-04-04 02:34:48.469000+00:00;5;1256;9;9999
2025-04-04 02:34:48.469000+00:00;6;1256;10;9999
2025-04-04 02:34:48.469000+00:00;27;1256;12;9999
2025-04-04 02:34:48.469000+00:00;87;1256;11;9999
2025-04-04 02:35:01.475000+00:00;5;1256;10;9999
2025-04-04 02:35:01.475000+00:00;6;1256;11;9999
2025-04-04 02:35:01.475000+00:00;14;1256;4;9999
2025-04-04 02:35:01.475000+00:00;16;1256;7;9999
2025-04-04 02:35:01.475000+00:00;22;1256;5;9999
2025-04-04 02:35:01.475000+00:00;23;1256;8;9999
2025-04-04 02:35:01.475000+00:00;27;1256;13;9999
2025-04-04 02:35:01.475000+00:00;30;1256;9;9999
2025-04-04 02:35:01.475000+00:00;31;1256;14;9999
2025-04-04 02:35:01.475000+00:00;62;1256;15;9999
2025-04-04 02:35:01.475000+00:00;81;1256;6;9999
2025-04-04 02:35:01.475000+00:00;87;1256;12;9999
2025-04-04 02:35:11.760000+00:00;27;1256;14;9999
2025-04-04 02:35:11.760000+00:00;31;1256;12;9999
2025-04-04 02:35:11.760000+00:00;87;1256;13;9999
2025-04-04 02:35:15.102000+00:00;5;1256;11;9999
2025-04-04 02:35:15.102000+00:00;6;1256;12;9999
2025-04-04 02:35:15.102000+00:00;27;1256;15;9999
2025-04-04 02:35:15.102000+00:00;30;1256;10;9999
2025-04-04 02:35:15.102000+00:00;31;1256;13;9999
2025-04-04 02:35:15.102000+00:00;62;1256;9;9999
2025-04-04 02:35:15.102000+00:00;87;1256;14;9999
2025-04-04 02:35:28.175000+00:00;5;1256;12;9999
2025-04-04 02:35:28.175000+00:00;6;1256;13;9999
2025-04-04 02:35:28.175000+00:00;12;1256;11;9999
2025-04-04 02:35:28.175000+00:00;27;1256;16;9999
2025-04-04 02:35:28.175000+00:00;31;1256;14;9999
2025-04-04 02:35:28.175000+00:00;87;1256;15;9999
2025-04-04 02:35:37.946000+00:00;5;1256;13;9999
2025-04-04 02:35:37.946000+00:00;6;1256;3;9999
2025-04-04 02:35:37.946000+00:00;12;1256;12;9999
2025-04-04 02:35:37.946000+00:00;14;1256;5;9999
2025-04-04 02:35:37.946000+00:00;16;1256;8;9999
2025-04-04 02:35:37.946000+00:00;22;1256;6;9999
2025-04-04 02:35:37.946000+00:00;23;1256;9;9999
2025-04-04 02:35:37.946000+00:00;30;1256;11;9999
2025-04-04 02:35:37.946000+00:00;55;1256;4;9999
2025-04-04 02:35:37.946000+00:00;62;1256;10;9999
2025-04-04 02:35:37.946000+00:00;81;1256;7;9999
2025-04-04 02:35:44.749000+00:00;5;1256;14;9999
2025-04-04 02:35:44.749000+00:00;18;1256;13;9999
2025-04-04 02:35:44.749000+00:00;27;1256;17;9999
2025-04-04 02:35:44.749000+00:00;31;1256;15;9999
2025-04-04 02:35:44.749000+00:00;87;1256;16;9999
2025-04-04 02:36:27.541000+00:00;4;1256;2;9999
2025-04-04 02:36:27.541000+00:00;5;1256;15;9999
2025-04-04 02:36:27.541000+00:00;6;1256;4;9999
2025-04-04 02:36:27.541000+00:00;12;1256;13;9999
2025-04-04 02:36:27.541000+00:00;14;1256;6;9999
2025-04-04 02:36:27.541000+00:00;16;1256;9;9999
2025-04-04 02:36:27.541000+00:00;18;1256;14;9999
2025-04-04 02:36:27.541000+00:00;22;1256;7;9999
2025-04-04 02:36:27.541000+00:00;23;1256;10;9999
2025-04-04 02:36:27.541000+00:00;27;1256;18;9999
2025-04-04 02:36:27.541000+00:00;30;1256;12;9999
2025-04-04 02:36:27.541000+00:00;31;1256;16;9999
2025-04-04 02:36:27.541000+00:00;44;1256;3;9999
2025-04-04 02:36:27.541000+00:00;55;1256;5;9999
2025-04-04 02:36:27.541000+00:00;62;1256;11;9999
2025-04-04 02:36:27.541000+00:00;81;1256;8;9999
2025-04-04 02:36:27.541000+00:00;87;1256;17;9999
2025-04-04 02:37:25.199000+00:00;6;1256;5;9999
2025-04-04 02:37:25.199000+00:00;14;1256;7;9999
2025-04-04 02:37:25.199000+00:00;22;1256;8;9999
2025-04-04 02:37:25.199000+00:00;44;1256;4;9999
2025-04-04 02:37:25.199000+00:00;55;1256;6;9999
2025-04-04 02:37:25.199000+00:00;81;1256;3;9999
2025-04-04 02:37:30.669000+00:00;5;1256;16;9999
2025-04-04 02:37:30.669000+00:00;6;1256;6;9999
2025-04-04 02:37:30.669000+00:00;10;1256;4;9999
2025-04-04 02:37:30.669000+00:00;12;1256;14;9999
2025-04-04 02:37:30.669000+00:00;14;1256;8;9999
2025-04-04 02:37:30.669000+00:00;16;1256;10;9999
2025-04-04 02:37:30.669000+00:00;18;1256;15;9999
2025-04-04 02:37:30.669000+00:00;22;1256;9;9999
2025-04-04 02:37:30.669000+00:00;23;1256;11;9999
2025-04-04 02:37:30.669000+00:00;27;1256;19;9999
2025-04-04 02:37:30.669000+00:00;30;1256;13;9999
2025-04-04 02:37:30.669000+00:00;31;1256;17;9999
2025-04-04 02:37:30.669000+00:00;44;1256;5;9999
2025-04-04 02:37:30.669000+00:00;55;1256;7;9999
2025-04-04 02:37:30.669000+00:00;62;1256;12;9999
2025-04-04 02:37:30.669000+00:00;63;1256;20;9999
2025-04-04 02:37:30.669000+00:00;87;1256;18;9999
2025-04-04 02:37:43.339000+00:00;4;1256;3;9999
2025-04-04 02:37:43.339000+00:00;6;1256;7;9999
2025-04-04 02:37:43.339000+00:00;10;1256;5;9999
2025-04-04 02:37:43.339000+00:00;14;1256;9;9999
2025-04-04 02:37:43.339000+00:00;16;1256;2;9999
2025-04-04 02:37:43.339000+00:00;22;1256;10;9999
2025-04-04 02:37:43.339000+00:00;44;1256;6;9999
2025-04-04 02:37:43.339000+00:00;55;1256;8;9999
2025-04-04 02:37:43.339000+00:00;81;1256;4;9999
2025-04-04 02:37:55.188000+00:00;14;1256;10;9999
2025-04-04 02:37:55.188000+00:00;22;1256;11;9999
2025-04-04 02:37:55.188000+00:00;23;1256;12;9999
2025-04-04 02:37:55.188000+00:00;30;1256;9;9999
2025-04-04 02:37:55.188000+00:00;62;1256;13;9999
2025-04-04 02:38:08.460000+00:00;4;1256;4;9999
2025-04-04 02:38:08.460000+00:00;10;1256;6;9999
2025-04-04 02:38:08.460000+00:00;44;1256;3;9999
2025-04-04 02:38:08.460000+00:00;81;1256;5;9999
2025-04-04 02:38:15.633000+00:00;4;1256;5;9999
2025-04-04 02:38:15.633000+00:00;6;1256;8;9999
2025-04-04 02:38:15.633000+00:00;10;1256;7;9999
2025-04-04 02:38:15.633000+00:00;44;1256;4;9999
2025-04-04 02:38:15.633000+00:00;55;1256;3;9999
2025-04-04 02:38:15.633000+00:00;81;1256;6;9999
2025-04-04 02:38:23.418000+00:00;4;1256;6;9999
2025-04-04 02:38:23.418000+00:00;6;1256;9;9999
2025-04-04 02:38:23.418000+00:00;10;1256;8;9999
2025-04-04 02:38:23.418000+00:00;14;1256;11;9999
2025-04-04 02:38:23.418000+00:00;22;1256;12;9999
2025-04-04 02:38:23.418000+00:00;23;1256;4;9999
2025-04-04 02:38:23.418000+00:00;30;1256;10;9999
2025-04-04 02:38:23.418000+00:00;44;1256;5;9999
2025-04-04 02:38:23.418000+00:00;81;1256;7;9999
2025-04-04 02:38:40.672000+00:00;5;1256;12;9999
2025-04-04 02:38:40.672000+00:00;12;1256;15;9999
2025-04-04 02:38:40.672000+00:00;18;1256;16;9999
2025-04-04 02:38:40.672000+00:00;22;1256;13;9999
2025-04-04 02:38:40.672000+00:00;62;1256;14;9999
2025-04-04 02:38:47.315000+00:00;4;1256;7;9999
2025-04-04 02:38:47.315000+00:00;6;1256;10;9999
2025-04-04 02:38:47.315000+00:00;10;1256;9;9999
2025-04-04 02:38:47.315000+00:00;14;1256;2;9999
2025-04-04 02:38:47.315000+00:00;16;1256;3;9999
2025-04-04 02:38:47.315000+00:00;23;1256;5;9999
2025-04-04 02:38:47.315000+00:00;30;1256;11;9999
2025-04-04 02:38:47.315000+00:00;44;1256;6;9999
2025-04-04 02:38:47.315000+00:00;55;1256;4;9999
2025-04-04 02:38:47.315000+00:00;81;1256;8;9999
2025-04-04 02:38:59.067000+00:00;5;1256;13;9999
2025-04-04 02:38:59.067000+00:00;6;1256;11;9999
2025-04-04 02:38:59.067000+00:00;10;1256;10;9999
2025-04-04 02:38:59.067000+00:00;22;1256;14;9999
2025-04-04 02:38:59.067000+00:00;30;1256;12;9999
2025-04-04 02:38:59.067000+00:00;62;1256;9;9999
2025-04-04 02:39:04.793000+00:00;12;1256;16;9999
2025-04-04 02:39:04.793000+00:00;18;1256;17;9999
2025-04-04 02:39:04.793000+00:00;31;1256;15;9999
2025-04-04 02:39:22.593000+00:00;5;1256;14;9999
2025-04-04 02:39:22.593000+00:00;6;1256;12;9999
2025-04-04 02:39:22.593000+00:00;12;1256;11;9999
2025-04-04 02:39:22.593000+00:00;22;1256;15;9999
2025-04-04 02:39:22.593000+00:00;30;1256;13;9999
2025-04-04 02:39:22.593000+00:00;31;1256;16;9999
2025-04-04 02:39:31.475000+00:00;4;1256;8;9999
2025-04-04 02:39:31.475000+00:00;6;1256;7;9999
2025-04-04 02:39:31.475000+00:00;10;1256;11;9999
2025-04-04 02:39:31.475000+00:00;12;1256;12;9999
2025-04-04 02:39:31.475000+00:00;62;1256;10;9999
2025-04-04 02:39:31.475000+00:00;81;1256;9;9999
2025-04-04 02:39:39.162000+00:00;5;1256;15;9999
2025-04-04 02:39:39.162000+00:00;18;1256;14;9999
2025-04-04 02:39:39.162000+00:00;22;1256;16;9999
2025-04-04 02:39:39.162000+00:00;31;1256;17;9999
2025-04-04 02:40:21.279000+00:00;4;1256;2;9999
2025-04-04 02:40:21.279000+00:00;6;1256;8;9999
2025-04-04 02:40:21.279000+00:00;14;1256;3;9999
2025-04-04 02:40:21.279000+00:00;16;1256;4;9999
2025-04-04 02:40:21.279000+00:00;23;1256;6;9999
2025-04-04 02:40:21.279000+00:00;44;1256;7;9999
2025-04-04 02:40:21.279000+00:00;55;1256;5;9999
2025-04-04 02:40:29.706000+00:00;4;1256;3;9999
2025-04-04 02:40:29.706000+00:00;5;1256;16;9999
2025-04-04 02:40:29.706000+00:00;6;1256;9;9999
2025-04-04 02:40:29.706000+00:00;10;1256;12;9999
2025-04-04 02:40:29.706000+00:00;12;1256;13;9999
2025-04-04 02:40:29.706000+00:00;14;1256;4;9999
2025-04-04 02:40:29.706000+00:00;16;1256;5;9999
2025-04-04 02:40:29.706000+00:00;18;1256;15;9999
2025-04-04 02:40:29.706000+00:00;22;1256;17;9999
2025-04-04 02:40:29.706000+00:00;23;1256;7;9999
2025-04-04 02:40:29.706000+00:00;27;1256;20;9999
2025-04-04 02:40:29.706000+00:00;30;1256;14;9999
2025-04-04 02:40:29.706000+00:00;31;1256;18;9999
2025-04-04 02:40:29.706000+00:00;44;1256;8;9999
2025-04-04 02:40:29.706000+00:00;55;1256;6;9999
2025-04-04 02:40:29.706000+00:00;62;1256;11;9999
2025-04-04 02:40:29.706000+00:00;63;1256;2;9999
2025-04-04 02:40:29.706000+00:00;81;1256;10;9999
2025-04-04 02:40:29.706000+00:00;87;1256;19;9999
2025-04-04 02:41:12.140000+00:00;6;1256;10;9999
2025-04-04 02:41:12.140000+00:00;23;1256;8;9999
2025-04-04 02:41:12.140000+00:00;44;1256;9;9999
2025-04-04 02:41:12.140000+00:00;55;1256;7;9999
2025-04-04 02:41:12.140000+00:00;81;1256;6;9999
2025-04-04 02:41:17.714000+00:00;5;1256;17;9999
2025-04-04 02:41:17.714000+00:00;6;1256;11;9999
2025-04-04 02:41:17.714000+00:00;10;1256;13;9999
2025-04-04 02:41:17.714000+00:00;12;1256;14;9999
2025-04-04 02:41:17.714000+00:00;14;1256;5;9999
2025-04-04 02:41:17.714000+00:00;16;1256;6;9999
2025-04-04 02:41:17.714000+00:00;18;1256;16;9999
2025-04-04 02:41:17.714000+00:00;22;1256;4;9999
2025-04-04 02:41:17.714000+00:00;23;1256;9;9999
2025-04-04 02:41:17.714000+00:00;30;1256;15;9999
2025-04-04 02:41:17.714000+00:00;44;1256;10;9999
2025-04-04 02:41:17.714000+00:00;55;1256;8;9999
2025-04-04 02:41:17.714000+00:00;62;1256;12;9999
2025-04-04 02:41:17.714000+00:00;81;1256;7;9999
2025-04-04 02:41:26.814000+00:00;10;1256;12;9999
2025-04-04 02:41:26.814000+00:00;62;1256;13;9999
2025-04-04 02:41:44.162000+00:00;14;1256;6;9999
2025-04-04 02:41:44.162000+00:00;16;1256;4;9999
2025-04-04 02:41:44.162000+00:00;22;1256;5;9999
2025-04-04 02:42:11.033000+00:00;14;1256;7;9999
2025-04-04 02:42:11.033000+00:00;16;1256;5;9999
2025-04-04 02:42:11.033000+00:00;22;1256;6;9999
2025-04-04 02:42:11.033000+00:00;55;1256;4;9999
2025-04-04 02:42:11.033000+00:00;81;1256;8;9999
2025-04-04 02:42:35.938000+00:00;5;1256;13;9999
2025-04-04 02:42:35.938000+00:00;12;1256;15;9999
2025-04-04 02:42:35.938000+00:00;18;1256;17;9999
2025-04-04 02:42:35.938000+00:00;30;1256;16;9999
2025-04-04 02:42:35.938000+00:00;62;1256;14;9999
2025-04-04 02:42:44.205000+00:00;14;1256;4;9999
2025-04-04 02:42:44.205000+00:00;16;1256;6;9999
2025-04-04 02:42:44.205000+00:00;22;1256;7;9999
2025-04-04 02:42:44.205000+00:00;55;1256;5;9999
2025-04-04 02:43:01.171000+00:00;5;1256;12;9999
2025-04-04 02:43:01.171000+00:00;6;1256;10;9999
2025-04-04 02:43:01.171000+00:00;10;1256;11;9999
2025-04-04 02:43:01.171000+00:00;12;1256;14;9999
2025-04-04 02:43:01.171000+00:00;16;1256;7;9999
2025-04-04 02:43:01.171000+00:00;18;1256;16;9999
2025-04-04 02:43:01.171000+00:00;22;1256;19;9999
2025-04-04 02:43:01.171000+00:00;30;1256;15;9999
2025-04-04 02:43:01.171000+00:00;31;1256;17;9999
2025-04-04 02:43:01.171000+00:00;44;1256;5;9999
2025-04-04 02:43:01.171000+00:00;55;1256;6;9999
2025-04-04 02:43:01.171000+00:00;62;1256;13;9999
2025-04-04 02:43:01.171000+00:00;87;1256;18;9999
2025-04-04 02:43:01.203000+00:00;5;1256;13;9999
2025-04-04 02:43:01.203000+00:00;6;1256;11;9999
2025-04-04 02:43:01.203000+00:00;10;1256;12;9999
2025-04-04 02:43:01.203000+00:00;12;1256;15;9999
2025-04-04 02:43:01.203000+00:00;18;1256;17;9999
2025-04-04 02:43:01.203000+00:00;22;1256;8;9999
2025-04-04 02:43:01.203000+00:00;23;1256;10;9999
2025-04-04 02:43:01.203000+00:00;30;1256;16;9999
2025-04-04 02:43:01.203000+00:00;31;1256;18;9999
2025-04-04 02:43:01.203000+00:00;62;1256;14;9999
2025-04-04 02:43:01.203000+00:00;81;1256;9;9999
2025-04-04 02:43:01.203000+00:00;87;1256;19;9999
2025-04-04 02:43:14.534000+00:00;18;1256;18;9999
2025-04-04 02:43:14.534000+00:00;30;1256;17;9999
2025-04-04 02:43:14.534000+00:00;31;1256;16;9999
2025-04-04 02:43:19.010000+00:00;6;1256;7;9999
2025-04-04 02:43:19.010000+00:00;16;1256;8;9999
2025-04-04 02:43:19.010000+00:00;22;1256;9;9999
2025-04-04 02:43:19.010000+00:00;23;1256;11;9999
2025-04-04 02:43:19.010000+00:00;81;1256;10;9999
2025-04-04 02:43:26.054000+00:00;5;1256;14;9999
2025-04-04 02:43:26.054000+00:00;10;1256;13;9999
2025-04-04 02:43:26.054000+00:00;12;1256;11;9999
2025-04-04 02:43:26.054000+00:00;23;1256;12;9999
2025-04-04 02:43:26.054000+00:00;62;1256;15;9999
2025-04-04 02:43:35.515000+00:00;27;1256;19;9999
2025-04-04 02:43:35.515000+00:00;87;1256;20;9999
2025-04-04 02:43:40.416000+00:00;5;1256;15;9999
2025-04-04 02:43:40.416000+00:00;18;1256;14;9999
2025-04-04 02:43:40.416000+00:00;30;1256;18;9999
2025-04-04 02:43:40.416000+00:00;31;1256;17;9999
2025-04-04 02:43:40.416000+00:00;62;1256;16;9999
2025-04-04 02:43:53.515000+00:00;5;1256;16;9999
2025-04-04 02:43:53.515000+00:00;10;1256;14;9999
2025-04-04 02:43:53.515000+00:00;18;1256;15;9999
2025-04-04 02:43:53.515000+00:00;30;1256;13;9999
2025-04-04 02:43:53.515000+00:00;31;1256;18;9999
2025-04-04 02:43:53.515000+00:00;62;1256;17;9999
2025-04-04 02:44:38.914000+00:00;1;1256;2;9999
2025-04-04 02:44:38.914000+00:00;63;1256;1;9999
2025-04-04 02:45:00.465000+00:00;12;1256;12;9999
2025-04-04 02:45:00.465000+00:00;16;1256;9;9999
2025-04-04 02:45:00.465000+00:00;22;1256;10;9999
2025-04-04 02:45:00.465000+00:00;23;1256;8;9999
2025-04-04 02:45:00.465000+00:00;81;1256;11;9999
2025-04-04 02:45:05.408000+00:00;5;1256;17;9999
2025-04-04 02:45:05.408000+00:00;18;1256;16;9999
2025-04-04 02:45:05.408000+00:00;62;1256;15;9999
2025-04-04 02:45:11.977000+00:00;10;1256;9;9999
2025-04-04 02:45:11.977000+00:00;12;1256;13;9999
2025-04-04 02:45:11.977000+00:00;16;1256;10;9999
2025-04-04 02:45:11.977000+00:00;22;1256;11;9999
2025-04-04 02:45:11.977000+00:00;30;1256;14;9999
2025-04-04 02:45:11.977000+00:00;81;1256;12;9999
2025-04-04 02:45:35.715000+00:00;4;1256;4;9999
2025-04-04 02:45:35.715000+00:00;6;1256;8;9999
2025-04-04 02:45:35.715000+00:00;10;1256;10;9999
2025-04-04 02:45:35.715000+00:00;14;1256;5;9999
2025-04-04 02:45:35.715000+00:00;16;1256;3;9999
2025-04-04 02:45:35.715000+00:00;23;1256;9;9999
2025-04-04 02:45:35.715000+00:00;44;1256;6;9999
2025-04-04 02:45:35.715000+00:00;55;1256;7;9999
2025-04-04 02:47:25.620000+00:00;27;1256;18;9999
2025-04-04 02:47:25.620000+00:00;31;1256;19;9999
2025-04-04 02:47:35.018000+00:00;12;1256;11;9999
2025-04-04 02:47:35.018000+00:00;22;1256;12;9999
2025-04-04 02:47:35.018000+00:00;81;1256;13;9999
2025-04-04 02:47:39.765000+00:00;4;1256;5;9999
2025-04-04 02:47:39.765000+00:00;14;1256;6;9999
2025-04-04 02:47:39.765000+00:00;16;1256;4;9999
2025-04-04 02:47:39.765000+00:00;44;1256;3;9999
2025-04-04 02:47:49.474000+00:00;22;1256;13;9999
2025-04-04 02:47:49.474000+00:00;30;1256;12;9999
2025-04-04 02:47:49.474000+00:00;81;1256;14;9999
2025-04-04 02:47:55.629000+00:00;4;1256;6;9999
2025-04-04 02:47:55.629000+00:00;6;1256;9;9999
2025-04-04 02:47:55.629000+00:00;10;1256;11;9999
2025-04-04 02:47:55.629000+00:00;12;1256;12;9999
2025-04-04 02:47:55.629000+00:00;14;1256;7;9999
2025-04-04 02:47:55.629000+00:00;22;1256;5;9999
2025-04-04 02:47:55.629000+00:00;23;1256;10;9999
2025-04-04 02:47:55.629000+00:00;30;1256;13;9999
2025-04-04 02:47:55.629000+00:00;55;1256;8;9999
2025-04-04 02:48:53.801000+00:00;4;1256;7;9999
2025-04-04 02:48:53.801000+00:00;6;1256;10;9999
2025-04-04 02:48:53.801000+00:00;14;1256;8;9999
2025-04-04 02:48:53.801000+00:00;16;1256;5;9999
2025-04-04 02:48:53.801000+00:00;22;1256;6;9999
2025-04-04 02:48:53.801000+00:00;23;1256;3;9999
2025-04-04 02:48:53.801000+00:00;44;1256;4;9999
2025-04-04 02:48:53.801000+00:00;55;1256;9;9999
2025-04-04 02:48:57.323000+00:00;6;1256;11;9999
2025-04-04 02:48:57.323000+00:00;10;1256;10;9999
2025-04-04 02:50:08.196000+00:00;4;1256;8;9999
2025-04-04 02:50:08.196000+00:00;14;1256;9;9999
2025-04-04 02:50:08.196000+00:00;55;1256;7;9999
2025-04-04 02:50:44.023000+00:00;18;1256;15;9999
2025-04-04 02:50:44.023000+00:00;62;1256;16;9999
2025-04-04 02:53:04.872000+00:00;4;1256;9;9999
2025-04-04 02:53:04.872000+00:00;6;1256;3;9999
2025-04-04 02:53:04.872000+00:00;10;1256;11;9999
2025-04-04 02:53:04.872000+00:00;14;1256;10;9999
2025-04-04 02:53:04.872000+00:00;16;1256;6;9999
2025-04-04 02:53:04.872000+00:00;22;1256;7;9999
2025-04-04 02:53:04.872000+00:00;23;1256;4;9999
2025-04-04 02:53:04.872000+00:00;44;1256;5;9999
2025-04-04 02:53:04.872000+00:00;55;1256;8;9999
2025-04-04 02:53:42.117000+00:00;12;1256;13;9999
2025-04-04 02:53:42.117000+00:00;30;1256;12;9999
2025-04-04 02:54:09.533000+00:00;5;1256;18;9999
2025-04-04 02:54:09.533000+00:00;27;1256;19;9999
2025-04-04 02:54:09.533000+00:00;31;1256;20;9999
2025-04-04 02:54:09.533000+00:00;87;1256;17;9999
2025-04-04 02:58:19.804000+00:00;12;1256;14;9999
2025-04-04 02:58:19.804000+00:00;18;1256;16;9999
2025-04-04 02:58:19.804000+00:00;62;1256;17;9999
2025-04-04 02:58:19.804000+00:00;81;1256;15;9999
2025-04-04 02:58:19.804000+00:00;87;1256;13;9999
2025-04-04 02:59:06.605000+00:00;4;1256;10;9999
2025-04-04 02:59:06.605000+00:00;6;1256;4;9999
2025-04-04 02:59:06.605000+00:00;10;1256;12;9999
2025-04-04 02:59:06.605000+00:00;12;1256;15;9999
2025-04-04 02:59:06.605000+00:00;14;1256;11;9999
2025-04-04 02:59:06.605000+00:00;16;1256;7;9999
2025-04-04 02:59:06.605000+00:00;22;1256;8;9999
2025-04-04 02:59:06.605000+00:00;23;1256;5;9999
2025-04-04 02:59:06.605000+00:00;30;1256;13;9999
2025-04-04 02:59:06.605000+00:00;44;1256;6;9999
2025-04-04 02:59:06.605000+00:00;55;1256;9;9999
2025-04-04 02:59:06.605000+00:00;81;1256;3;9999
2025-04-04 02:59:06.605000+00:00;87;1256;14;9999
2025-04-04 02:59:13.564000+00:00;5;1256;14;9999
2025-04-04 02:59:13.564000+00:00;12;1256;16;9999
2025-04-04 02:59:13.564000+00:00;18;1256;17;9999
2025-04-04 02:59:13.564000+00:00;62;1256;18;9999
2025-04-04 02:59:13.564000+00:00;87;1256;15;9999
2025-04-04 02:59:24.413000+00:00;6;1256;5;9999
2025-04-04 02:59:24.413000+00:00;16;1256;8;9999
2025-04-04 02:59:24.413000+00:00;22;1256;9;9999
2025-04-04 02:59:24.413000+00:00;23;1256;6;9999
2025-04-04 02:59:24.413000+00:00;44;1256;7;9999
2025-04-04 02:59:24.413000+00:00;55;1256;3;9999
2025-04-04 02:59:24.413000+00:00;81;1256;4;9999
2025-04-04 02:59:32.255000+00:00;1;1256;3;9999
2025-04-04 02:59:32.255000+00:00;4;1256;11;9999
2025-04-04 02:59:32.255000+00:00;5;1256;15;9999
2025-04-04 02:59:32.255000+00:00;6;1256;6;9999
2025-04-04 02:59:32.255000+00:00;10;1256;13;9999
2025-04-04 02:59:32.255000+00:00;12;1256;2;9999
2025-04-04 02:59:32.255000+00:00;14;1256;12;9999
2025-04-04 02:59:32.255000+00:00;16;1256;9;9999
2025-04-04 02:59:32.255000+00:00;22;1256;10;9999
2025-04-04 02:59:32.255000+00:00;23;1256;7;9999
2025-04-04 02:59:32.255000+00:00;30;1256;14;9999
2025-04-04 02:59:32.255000+00:00;44;1256;8;9999
2025-04-04 02:59:32.255000+00:00;55;1256;4;9999
2025-04-04 02:59:32.255000+00:00;81;1256;5;9999
2025-04-04 02:59:32.255000+00:00;87;1256;16;9999
2025-04-04 03:00:41.159000+00:00;6;1256;7;9999
2025-04-04 03:00:41.159000+00:00;23;1256;4;9999
2025-04-04 03:00:41.159000+00:00;55;1256;5;9999
2025-04-04 03:00:41.159000+00:00;81;1256;6;9999
2025-04-04 03:01:12.679000+00:00;1;1256;4;9999
2025-04-04 03:01:12.679000+00:00;6;1256;8;9999
2025-04-04 03:01:12.679000+00:00;12;1256;3;9999
2025-04-04 03:01:12.679000+00:00;16;1256;10;9999
2025-04-04 03:01:12.679000+00:00;22;1256;2;9999
2025-04-04 03:01:12.679000+00:00;23;1256;5;9999
2025-04-04 03:01:12.679000+00:00;44;1256;9;9999
2025-04-04 03:01:12.679000+00:00;55;1256;6;9999
2025-04-04 03:01:12.679000+00:00;81;1256;7;9999
2025-04-04 03:01:25.690000+00:00;27;1256;20;9999
2025-04-04 03:01:25.690000+00:00;31;1256;19;9999
2025-04-04 03:03:46.016000+00:00;1;1256;2;9999
2025-04-04 03:03:46.016000+00:00;12;1256;4;9999
2025-04-04 03:03:46.016000+00:00;22;1256;3;9999
2025-04-04 03:03:55.078000+00:00;1;1256;3;9999
2025-04-04 03:03:55.078000+00:00;6;1256;9;9999
2025-04-04 03:03:55.078000+00:00;12;1256;5;9999
2025-04-04 03:03:55.078000+00:00;16;1256;2;9999
2025-04-04 03:03:55.078000+00:00;22;1256;4;9999
2025-04-04 03:03:55.078000+00:00;23;1256;6;9999
2025-04-04 03:03:55.078000+00:00;44;1256;10;9999
2025-04-04 03:03:55.078000+00:00;55;1256;7;9999
2025-04-04 03:03:55.078000+00:00;81;1256;8;9999
2025-04-04 03:04:02.322000+00:00;6;1256;10;9999
2025-04-04 03:04:02.322000+00:00;23;1256;7;9999
2025-04-04 03:04:02.322000+00:00;44;1256;6;9999
2025-04-04 03:04:02.322000+00:00;55;1256;8;9999
2025-04-04 03:04:02.322000+00:00;81;1256;9;9999
2025-04-04 03:05:23.661000+00:00;4;1256;12;9999
2025-04-04 03:05:23.661000+00:00;6;1256;11;9999
2025-04-04 03:05:23.661000+00:00;10;1256;14;9999
2025-04-04 03:05:23.661000+00:00;14;1256;13;9999
2025-04-04 03:05:23.661000+00:00;23;1256;8;9999
2025-04-04 03:05:23.661000+00:00;30;1256;7;9999
2025-04-04 03:05:23.661000+00:00;55;1256;9;9999
2025-04-04 03:05:23.661000+00:00;81;1256;10;9999
2025-04-04 03:05:41.562000+00:00;23;1256;9;9999
2025-04-04 03:05:41.562000+00:00;30;1256;8;9999
2025-04-04 03:05:41.562000+00:00;55;1256;7;9999
2025-04-04 03:05:47.367000+00:00;5;1256;14;9999
2025-04-04 03:05:47.367000+00:00;10;1256;15;9999
2025-04-04 03:06:09.002000+00:00;4;1256;13;9999
2025-04-04 03:06:09.002000+00:00;5;1256;15;9999
2025-04-04 03:06:09.002000+00:00;10;1256;12;9999
2025-04-04 03:06:09.002000+00:00;14;1256;14;9999
2025-04-04 03:06:25.916000+00:00;18;1256;18;9999
2025-04-04 03:06:25.916000+00:00;62;1256;16;9999
2025-04-04 03:06:25.916000+00:00;87;1256;17;9999
2025-04-04 03:07:56.505000+00:00;18;1256;19;9999
2025-04-04 03:07:56.505000+00:00;31;1256;18;9999
2025-04-04 03:08:34.952000+00:00;4;1256;14;9999
2025-04-04 03:08:34.952000+00:00;6;1256;12;9999
2025-04-04 03:08:34.952000+00:00;10;1256;13;9999
2025-04-04 03:08:34.952000+00:00;12;1256;6;9999
2025-04-04 03:08:34.952000+00:00;14;1256;5;9999
2025-04-04 03:08:34.952000+00:00;23;1256;10;9999
2025-04-04 03:08:34.952000+00:00;30;1256;9;9999
2025-04-04 03:08:34.952000+00:00;44;1256;7;9999
2025-04-04 03:08:34.952000+00:00;55;1256;8;9999
2025-04-04 03:08:34.952000+00:00;81;1256;11;9999
2025-04-04 03:08:42.847000+00:00;4;1256;15;9999
2025-04-04 03:08:42.847000+00:00;5;1256;16;9999
2025-04-04 03:08:42.847000+00:00;10;1256;14;9999
2025-04-04 03:08:42.847000+00:00;18;1256;13;9999
2025-04-04 03:08:42.847000+00:00;31;1256;19;9999
2025-04-04 03:08:42.847000+00:00;62;1256;17;9999
2025-04-04 03:08:42.847000+00:00;87;1256;18;9999
2025-04-04 03:09:20.405000+00:00;4;1256;16;9999
2025-04-04 03:09:20.405000+00:00;5;1256;17;9999
2025-04-04 03:09:20.405000+00:00;27;1256;15;9999
2025-04-04 03:09:20.405000+00:00;31;1256;20;9999
2025-04-04 03:09:20.405000+00:00;62;1256;18;9999
2025-04-04 03:09:20.405000+00:00;87;1256;19;9999
2025-04-04 03:10:19.963000+00:00;1;1256;4;9999
2025-04-04 03:10:19.963000+00:00;4;1256;1;9999
2025-04-04 03:10:19.963000+00:00;6;1256;13;9999
2025-04-04 03:10:19.963000+00:00;10;1256;15;9999
2025-04-04 03:10:19.963000+00:00;12;1256;7;9999
2025-04-04 03:10:19.963000+00:00;14;1256;6;9999
2025-04-04 03:10:19.963000+00:00;16;1256;3;9999
2025-04-04 03:10:19.963000+00:00;18;1256;14;9999
2025-04-04 03:10:19.963000+00:00;22;1256;5;9999
2025-04-04 03:10:19.963000+00:00;23;1256;11;9999
2025-04-04 03:10:19.963000+00:00;27;1256;16;9999
2025-04-04 03:10:19.963000+00:00;30;1256;10;9999
2025-04-04 03:10:19.963000+00:00;44;1256;8;9999
2025-04-04 03:10:19.963000+00:00;55;1256;9;9999
2025-04-04 03:10:19.963000+00:00;63;1256;2;9999
2025-04-04 03:10:19.963000+00:00;81;1256;12;9999
2025-04-04 03:10:47.622000+00:00;1;1256;5;9999
2025-04-04 03:10:47.622000+00:00;12;1256;8;9999
2025-04-04 03:10:47.622000+00:00;14;1256;7;9999
2025-04-04 03:10:47.622000+00:00;22;1256;6;9999
2025-04-04 03:10:47.622000+00:00;44;1256;4;9999
2025-04-04 03:11:21.525000+00:00;23;1256;9;9999
2025-04-04 03:11:21.525000+00:00;30;1256;11;9999
2025-04-04 03:11:21.525000+00:00;55;1256;10;9999
2025-04-04 03:11:46.759000+00:00;6;1256;8;9999
2025-04-04 03:11:46.759000+00:00;12;1256;9;9999
2025-04-04 03:11:46.759000+00:00;23;1256;10;9999
2025-04-04 03:11:46.759000+00:00;30;1256;12;9999
2025-04-04 03:11:46.759000+00:00;55;1256;11;9999
2025-04-04 03:11:46.759000+00:00;81;1256;13;9999
2025-04-04 03:11:56.419000+00:00;23;1256;11;9999
2025-04-04 03:11:56.419000+00:00;55;1256;10;9999
2025-04-04 03:12:18.316000+00:00;10;1256;13;9999
2025-04-04 03:12:18.316000+00:00;18;1256;15;9999
2025-04-04 03:12:18.316000+00:00;81;1256;14;9999
2025-04-04 03:12:53.299000+00:00;5;1256;18;9999
2025-04-04 03:12:53.299000+00:00;10;1256;14;9999
2025-04-04 03:12:53.299000+00:00;18;1256;16;9999
2025-04-04 03:12:53.299000+00:00;27;1256;17;9999
2025-04-04 03:12:53.299000+00:00;30;1256;13;9999
2025-04-04 03:12:53.299000+00:00;62;1256;12;9999
2025-04-04 03:12:53.299000+00:00;81;1256;15;9999
2025-04-04 03:26:14.210000+00:00;31;1256;19;9999
2025-04-04 03:26:14.210000+00:00;87;1256;20;9999
2025-04-04 03:30:15.357000+00:00;5;1256;19;9999
2025-04-04 03:30:15.357000+00:00;31;1256;18;9999
2025-04-04 03:30:56.413000+00:00;5;1256;20;9999
2025-04-04 03:30:56.413000+00:00;31;1256;19;9999
2025-04-04 03:30:56.413000+00:00;87;1256;18;9999
2025-04-04 05:47:34.122000+00:00;1;1256;1;10000
2025-04-04 05:47:34.122000+00:00;4;1256;2;10000
2025-04-04 05:47:34.122000+00:00;5;1256;3;10000
2025-04-04 05:47:34.122000+00:00;6;1256;4;10000
2025-04-04 05:47:34.122000+00:00;7;1256;5;10000
2025-04-04 05:47:34.122000+00:00;10;1256;6;10000
2025-04-04 05:47:34.122000+00:00;12;1256;7;10000
2025-04-04 05:47:34.122000+00:00;14;1256;8;10000
2025-04-04 05:47:34.122000+00:00;16;1256;9;10000
2025-04-04 05:47:34.122000+00:00;18;1256;10;10000
2025-04-04 05:47:34.122000+00:00;22;1256;11;10000
2025-04-04 05:47:34.122000+00:00;23;1256;12;10000
2025-04-04 05:47:34.122000+00:00;27;1256;13;10000
2025-04-04 05:47:34.122000+00:00;30;1256;14;10000
2025-04-04 05:47:34.122000+00:00;31;1256;15;10000
2025-04-04 05:47:34.122000+00:00;44;1256;16;10000
2025-04-04 05:47:34.122000+00:00;55;1256;17;10000
2025-04-04 05:47:34.122000+00:00;63;1256;18;10000
2025-04-04 05:47:34.122000+00:00;81;1256;19;10000
2025-04-04 05:47:34.122000+00:00;87;1256;20;10000
2025-04-04 06:00:08.665000+00:00;1;1256;2;10000
2025-04-04 06:00:08.665000+00:00;4;1256;3;10000
2025-04-04 06:00:08.665000+00:00;5;1256;4;10000
2025-04-04 06:00:08.665000+00:00;6;1256;5;10000
2025-04-04 06:00:08.665000+00:00;7;1256;1;10000
2025-04-04 06:00:11.336000+00:00;1;1256;3;10000
2025-04-04 06:00:11.336000+00:00;4;1256;4;10000
2025-04-04 06:00:11.336000+00:00;5;1256;5;10000
2025-04-04 06:00:11.336000+00:00;6;1256;6;10000
2025-04-04 06:00:11.336000+00:00;10;1256;7;10000
2025-04-04 06:00:11.336000+00:00;12;1256;8;10000
2025-04-04 06:00:11.336000+00:00;14;1256;9;10000
2025-04-04 06:00:11.336000+00:00;16;1256;10;10000
2025-04-04 06:00:11.336000+00:00;18;1256;11;10000
2025-04-04 06:00:11.336000+00:00;22;1256;12;10000
2025-04-04 06:00:11.336000+00:00;23;1256;13;10000
2025-04-04 06:00:11.336000+00:00;27;1256;14;10000
2025-04-04 06:00:11.336000+00:00;30;1256;15;10000
2025-04-04 06:00:11.336000+00:00;31;1256;16;10000
2025-04-04 06:00:11.336000+00:00;44;1256;17;10000
2025-04-04 06:00:11.336000+00:00;55;1256;2;10000
2025-04-04 06:00:16.540000+00:00;1;1256;4;10000
2025-04-04 06:00:16.540000+00:00;4;1256;5;10000
2025-04-04 06:00:16.540000+00:00;5;1256;6;10000
2025-04-04 06:00:16.540000+00:00;6;1256;7;10000
2025-04-04 06:00:16.540000+00:00;10;1256;3;10000
2025-04-04 06:00:23.415000+00:00;1;1256;5;10000
2025-04-04 06:00:23.415000+00:00;4;1256;6;10000
2025-04-04 06:00:23.415000+00:00;5;1256;7;10000
2025-04-04 06:00:23.415000+00:00;6;1256;8;10000
2025-04-04 06:00:23.415000+00:00;12;1256;9;10000
2025-04-04 06:00:23.415000+00:00;14;1256;10;10000
2025-04-04 06:00:23.415000+00:00;16;1256;11;10000
2025-04-04 06:00:23.415000+00:00;18;1256;12;10000
2025-04-04 06:00:23.415000+00:00;22;1256;13;10000
2025-04-04 06:00:23.415000+00:00;23;1256;14;10000
2025-04-04 06:00:23.415000+00:00;27;1256;15;10000
2025-04-04 06:00:23.415000+00:00;30;1256;4;10000
2025-04-04 06:00:30.258000+00:00;1;1256;6;10000
2025-04-04 06:00:30.258000+00:00;4;1256;7;10000
2025-04-04 06:00:30.258000+00:00;5;1256;8;10000
2025-04-04 06:00:30.258000+00:00;6;1256;9;10000
2025-04-04 06:00:30.258000+00:00;12;1256;10;10000
2025-04-04 06:00:30.258000+00:00;14;1256;11;10000
2025-04-04 06:00:30.258000+00:00;16;1256;12;10000
2025-04-04 06:00:30.258000+00:00;18;1256;13;10000
2025-04-04 06:00:30.258000+00:00;22;1256;14;10000
2025-04-04 06:00:30.258000+00:00;23;1256;5;10000
2025-04-04 06:00:33.165000+00:00;1;1256;7;10000
2025-04-04 06:00:33.165000+00:00;4;1256;8;10000
2025-04-04 06:00:33.165000+00:00;5;1256;6;10000
2025-04-04 06:00:36.790000+00:00;1;1256;8;10000
2025-04-04 06:00:36.790000+00:00;4;1256;9;10000
2025-04-04 06:00:36.790000+00:00;6;1256;10;10000
2025-04-04 06:00:36.790000+00:00;12;1256;11;10000
2025-04-04 06:00:36.790000+00:00;14;1256;12;10000
2025-04-04 06:00:36.790000+00:00;16;1256;7;10000
2025-04-04 06:00:40.399000+00:00;1;1256;9;10000
2025-04-04 06:00:40.399000+00:00;4;1256;10;10000
2025-04-04 06:00:40.399000+00:00;6;1256;11;10000
2025-04-04 06:00:40.399000+00:00;12;1256;12;10000
2025-04-04 06:00:40.399000+00:00;14;1256;13;10000
2025-04-04 06:00:40.399000+00:00;18;1256;14;10000
2025-04-04 06:00:40.399000+00:00;22;1256;8;10000
2025-04-04 06:00:43.259000+00:00;1;1256;10;10000
2025-04-04 06:00:43.259000+00:00;4;1256;11;10000
2025-04-04 06:00:43.259000+00:00;6;1256;12;10000
2025-04-04 06:00:43.259000+00:00;12;1256;13;10000
2025-04-04 06:00:43.259000+00:00;14;1256;14;10000
2025-04-04 06:00:43.259000+00:00;18;1256;15;10000
2025-04-04 06:00:43.259000+00:00;27;1256;16;10000
2025-04-04 06:00:43.259000+00:00;31;1256;9;10000
2025-04-04 06:00:44.009000+00:00;1;1256;11;10000
2025-04-04 06:00:44.009000+00:00;4;1256;12;10000
2025-04-04 06:00:44.009000+00:00;6;1256;13;10000
2025-04-04 06:00:44.009000+00:00;12;1256;14;10000
2025-04-04 06:00:44.009000+00:00;14;1256;15;10000
2025-04-04 06:00:44.009000+00:00;18;1256;16;10000
2025-04-04 06:00:44.009000+00:00;27;1256;10;10000
2025-04-04 06:00:53.634000+00:00;1;1256;12;10000
2025-04-04 06:00:53.634000+00:00;4;1256;13;10000
2025-04-04 06:00:53.634000+00:00;6;1256;14;10000
2025-04-04 06:00:53.634000+00:00;12;1256;15;10000
2025-04-04 06:00:53.634000+00:00;14;1256;16;10000
2025-04-04 06:00:53.634000+00:00;18;1256;17;10000
2025-04-04 06:00:53.634000+00:00;44;1256;18;10000
2025-04-04 06:00:53.634000+00:00;63;1256;19;10000
2025-04-04 06:00:53.634000+00:00;81;1256;20;10000
2025-04-04 06:00:53.634000+00:00;87;1256;11;10000
2025-04-04 06:00:58.906000+00:00;1;1256;13;10000
2025-04-04 06:00:58.906000+00:00;4;1256;14;10000
2025-04-04 06:00:58.906000+00:00;6;1256;12;10000
2025-04-04 06:01:08.724000+00:00;1;1256;14;10000
2025-04-04 06:01:08.724000+00:00;4;1256;15;10000
2025-04-04 06:01:08.724000+00:00;12;1256;16;10000
2025-04-04 06:01:08.724000+00:00;14;1256;17;10000
2025-04-04 06:01:08.724000+00:00;18;1256;18;10000
2025-04-04 06:01:08.724000+00:00;44;1256;13;10000
2025-04-04 06:01:12.162000+00:00;1;1256;15;10000
2025-04-04 06:01:12.162000+00:00;4;1256;16;10000
2025-04-04 06:01:12.162000+00:00;12;1256;17;10000
2025-04-04 06:01:12.162000+00:00;14;1256;14;10000
2025-04-04 06:01:26.928000+00:00;1;1256;16;10000
2025-04-04 06:01:26.928000+00:00;4;1256;17;10000
2025-04-04 06:01:26.928000+00:00;12;1256;18;10000
2025-04-04 06:01:26.928000+00:00;18;1256;15;10000
2025-04-04 06:01:29.318000+00:00;1;1256;17;10000
2025-04-04 06:01:29.318000+00:00;4;1256;18;10000
2025-04-04 06:01:29.318000+00:00;12;1256;16;10000
2025-04-04 06:01:34.693000+00:00;1;1256;18;10000
2025-04-04 06:01:34.693000+00:00;4;1256;19;10000
2025-04-04 06:01:34.693000+00:00;63;1256;20;10000
2025-04-04 06:01:34.693000+00:00;81;1256;17;10000
2025-04-04 06:02:34.256000+00:00;1;1256;19;10000
2025-04-04 06:02:34.256000+00:00;4;1256;20;10000
2025-04-04 06:02:34.256000+00:00;63;1256;18;10000
2025-04-04 06:03:36.851000+00:00;7;1256;2;10000
2025-04-04 06:03:36.851000+00:00;10;1256;1;10000
2025-04-04 06:03:36.851000+00:00;55;1256;3;10000
2025-04-04 06:03:42.491000+00:00;7;1256;3;10000
2025-04-04 06:03:42.491000+00:00;10;1256;2;10000
2025-04-04 06:03:42.491000+00:00;30;1256;1;10000
2025-04-04 06:03:42.491000+00:00;55;1256;4;10000
2025-04-04 06:03:48.663000+00:00;7;1256;4;10000
2025-04-04 06:03:48.663000+00:00;10;1256;3;10000
2025-04-04 06:03:48.663000+00:00;23;1256;2;10000
2025-04-04 06:03:48.663000+00:00;55;1256;5;10000
2025-04-04 06:03:54.398000+00:00;1;1256;20;10000
2025-04-04 06:03:54.398000+00:00;4;1256;19;10000
2025-04-04 06:03:55.007000+00:00;5;1256;2;10000
2025-04-04 06:03:55.007000+00:00;7;1256;5;10000
2025-04-04 06:03:55.007000+00:00;10;1256;4;10000
2025-04-04 06:03:55.007000+00:00;23;1256;3;10000
2025-04-04 06:03:55.007000+00:00;55;1256;6;10000
2025-04-04 06:04:06.632000+00:00;7;1256;6;10000
2025-04-04 06:04:06.632000+00:00;10;1256;5;10000
2025-04-04 06:04:06.632000+00:00;16;1256;3;10000
2025-04-04 06:04:06.632000+00:00;23;1256;4;10000
2025-04-04 06:04:06.632000+00:00;55;1256;7;10000
2025-04-04 06:04:13.179000+00:00;5;1256;3;10000
2025-04-04 06:04:13.179000+00:00;7;1256;7;10000
2025-04-04 06:04:13.179000+00:00;10;1256;6;10000
2025-04-04 06:04:13.179000+00:00;16;1256;4;10000
2025-04-04 06:04:13.179000+00:00;22;1256;1;10000
2025-04-04 06:04:13.179000+00:00;23;1256;5;10000
2025-04-04 06:04:13.179000+00:00;30;1256;2;10000
2025-04-04 06:04:13.179000+00:00;55;1256;8;10000
2025-04-04 06:04:28.351000+00:00;5;1256;4;10000
2025-04-04 06:04:28.351000+00:00;7;1256;8;10000
2025-04-04 06:04:28.351000+00:00;10;1256;7;10000
2025-04-04 06:04:28.351000+00:00;16;1256;5;10000
2025-04-04 06:04:28.351000+00:00;23;1256;6;10000
2025-04-04 06:04:28.351000+00:00;27;1256;3;10000
2025-04-04 06:04:28.351000+00:00;31;1256;10;10000
2025-04-04 06:04:28.351000+00:00;55;1256;9;10000
2025-04-04 06:04:33.992000+00:00;5;1256;5;10000
2025-04-04 06:04:33.992000+00:00;6;1256;1;10000
2025-04-04 06:04:33.992000+00:00;7;1256;9;10000
2025-04-04 06:04:33.992000+00:00;10;1256;8;10000
2025-04-04 06:04:33.992000+00:00;16;1256;6;10000
2025-04-04 06:04:33.992000+00:00;22;1256;2;10000
2025-04-04 06:04:33.992000+00:00;23;1256;7;10000
2025-04-04 06:04:33.992000+00:00;27;1256;4;10000
2025-04-04 06:04:33.992000+00:00;30;1256;3;10000
2025-04-04 06:04:33.992000+00:00;31;1256;11;10000
2025-04-04 06:04:33.992000+00:00;55;1256;10;10000
2025-04-04 06:04:33.992000+00:00;87;1256;12;10000
2025-04-04 06:04:41.976000+00:00;7;1256;10;10000
2025-04-04 06:04:41.976000+00:00;31;1256;9;10000
2025-04-04 06:04:41.976000+00:00;55;1256;11;10000
2025-04-04 06:04:46.195000+00:00;5;1256;6;10000
2025-04-04 06:04:46.195000+00:00;6;1256;2;10000
2025-04-04 06:04:46.195000+00:00;7;1256;11;10000
2025-04-04 06:04:46.195000+00:00;10;1256;9;10000
2025-04-04 06:04:46.195000+00:00;16;1256;7;10000
2025-04-04 06:04:46.195000+00:00;22;1256;3;10000
2025-04-04 06:04:46.195000+00:00;23;1256;8;10000
2025-04-04 06:04:46.195000+00:00;27;1256;5;10000
2025-04-04 06:04:46.195000+00:00;30;1256;4;10000
2025-04-04 06:04:46.195000+00:00;31;1256;10;10000
2025-04-04 06:04:46.195000+00:00;44;1256;1;10000
2025-04-04 06:04:46.195000+00:00;55;1256;12;10000
2025-04-04 06:04:46.195000+00:00;87;1256;13;10000
2025-04-04 06:04:52.898000+00:00;5;1256;7;10000
2025-04-04 06:04:52.898000+00:00;6;1256;3;10000
2025-04-04 06:04:52.898000+00:00;7;1256;12;10000
2025-04-04 06:04:52.898000+00:00;10;1256;10;10000
2025-04-04 06:04:52.898000+00:00;14;1256;2;10000
2025-04-04 06:04:52.898000+00:00;16;1256;8;10000
2025-04-04 06:04:52.898000+00:00;22;1256;4;10000
2025-04-04 06:04:52.898000+00:00;23;1256;9;10000
2025-04-04 06:04:52.898000+00:00;27;1256;6;10000
2025-04-04 06:04:52.898000+00:00;30;1256;5;10000
2025-04-04 06:04:52.898000+00:00;31;1256;11;10000
2025-04-04 06:04:52.898000+00:00;55;1256;13;10000
2025-04-04 06:04:52.898000+00:00;87;1256;14;10000
2025-04-04 06:05:01.179000+00:00;7;1256;13;10000
2025-04-04 06:05:01.179000+00:00;10;1256;11;10000
2025-04-04 06:05:01.179000+00:00;16;1256;9;10000
2025-04-04 06:05:01.179000+00:00;23;1256;10;10000
2025-04-04 06:05:01.179000+00:00;31;1256;12;10000
2025-04-04 06:05:01.179000+00:00;55;1256;14;10000
2025-04-04 06:05:01.179000+00:00;87;1256;8;10000
2025-04-04 06:05:06.429000+00:00;5;1256;8;10000
2025-04-04 06:05:06.429000+00:00;7;1256;14;10000
2025-04-04 06:05:06.429000+00:00;10;1256;12;10000
2025-04-04 06:05:06.429000+00:00;16;1256;10;10000
2025-04-04 06:05:06.429000+00:00;18;1256;6;10000
2025-04-04 06:05:06.429000+00:00;23;1256;11;10000
2025-04-04 06:05:06.429000+00:00;27;1256;7;10000
2025-04-04 06:05:06.429000+00:00;31;1256;13;10000
2025-04-04 06:05:06.429000+00:00;55;1256;15;10000
2025-04-04 06:05:06.429000+00:00;87;1256;9;10000
2025-04-04 06:05:11.868000+00:00;5;1256;9;10000
2025-04-04 06:05:11.868000+00:00;7;1256;15;10000
2025-04-04 06:05:11.868000+00:00;10;1256;13;10000
2025-04-04 06:05:11.868000+00:00;12;1256;8;10000
2025-04-04 06:05:11.868000+00:00;16;1256;11;10000
2025-04-04 06:05:11.868000+00:00;23;1256;12;10000
2025-04-04 06:05:11.868000+00:00;31;1256;14;10000
2025-04-04 06:05:11.868000+00:00;55;1256;16;10000
2025-04-04 06:05:11.868000+00:00;87;1256;10;10000
2025-04-04 06:05:17.680000+00:00;5;1256;10;10000
2025-04-04 06:05:17.680000+00:00;7;1256;16;10000
2025-04-04 06:05:17.680000+00:00;10;1256;14;10000
2025-04-04 06:05:17.680000+00:00;12;1256;9;10000
2025-04-04 06:05:17.680000+00:00;16;1256;12;10000
2025-04-04 06:05:17.680000+00:00;18;1256;7;10000
2025-04-04 06:05:17.680000+00:00;23;1256;13;10000
2025-04-04 06:05:17.680000+00:00;27;1256;8;10000
2025-04-04 06:05:17.680000+00:00;30;1256;6;10000
2025-04-04 06:05:17.680000+00:00;31;1256;15;10000
2025-04-04 06:05:17.680000+00:00;55;1256;17;10000
2025-04-04 06:05:17.680000+00:00;81;1256;5;10000
2025-04-04 06:05:17.680000+00:00;87;1256;11;10000
2025-04-04 06:05:46.252000+00:00;5;1256;11;10000
2025-04-04 06:05:46.252000+00:00;6;1256;4;10000
2025-04-04 06:05:46.252000+00:00;7;1256;17;10000
2025-04-04 06:05:46.252000+00:00;10;1256;15;10000
2025-04-04 06:05:46.252000+00:00;12;1256;10;10000
2025-04-04 06:05:46.252000+00:00;14;1256;3;10000
2025-04-04 06:05:46.252000+00:00;16;1256;13;10000
2025-04-04 06:05:46.252000+00:00;18;1256;8;10000
2025-04-04 06:05:46.252000+00:00;22;1256;5;10000
2025-04-04 06:05:46.252000+00:00;23;1256;14;10000
2025-04-04 06:05:46.252000+00:00;27;1256;9;10000
2025-04-04 06:05:46.252000+00:00;30;1256;7;10000
2025-04-04 06:05:46.252000+00:00;31;1256;16;10000
2025-04-04 06:05:46.252000+00:00;44;1256;2;10000
2025-04-04 06:05:46.252000+00:00;55;1256;18;10000
2025-04-04 06:05:46.252000+00:00;63;1256;1;10000
2025-04-04 06:05:46.252000+00:00;81;1256;6;10000
2025-04-04 06:05:46.252000+00:00;87;1256;12;10000
2025-04-04 06:33:23.197000+00:00;6;1256;5;10000
2025-04-04 06:33:23.197000+00:00;22;1256;6;10000
2025-04-04 06:33:23.197000+00:00;81;1256;4;10000
2025-04-04 06:33:49.181000+00:00;5;1256;12;10000
2025-04-04 06:33:49.181000+00:00;6;1256;6;10000
2025-04-04 06:33:49.181000+00:00;12;1256;11;10000
2025-04-04 06:33:49.181000+00:00;16;1256;5;10000
2025-04-04 06:33:49.181000+00:00;18;1256;9;10000
2025-04-04 06:33:49.181000+00:00;22;1256;7;10000
2025-04-04 06:33:49.181000+00:00;27;1256;10;10000
2025-04-04 06:33:49.181000+00:00;30;1256;8;10000
2025-04-04 06:33:49.181000+00:00;87;1256;13;10000
2025-04-04 06:44:17.923000+00:00;14;1256;4;10000
2025-04-04 06:44:17.923000+00:00;16;1256;1;10000
2025-04-04 06:44:17.923000+00:00;44;1256;3;10000
2025-04-04 06:44:17.923000+00:00;63;1256;2;10000
2025-04-04 06:44:17.923000+00:00;81;1256;5;10000
2025-04-04 06:44:23.548000+00:00;16;1256;2;10000
2025-04-04 06:44:23.548000+00:00;63;1256;1;10000
2025-04-04 06:44:30.236000+00:00;5;1256;13;10000
2025-04-04 06:44:30.236000+00:00;6;1256;7;10000
2025-04-04 06:44:30.236000+00:00;10;1256;3;10000
2025-04-04 06:44:30.236000+00:00;12;1256;12;10000
2025-04-04 06:44:30.236000+00:00;14;1256;5;10000
2025-04-04 06:44:30.236000+00:00;18;1256;10;10000
2025-04-04 06:44:30.236000+00:00;22;1256;8;10000
2025-04-04 06:44:30.236000+00:00;23;1256;15;10000
2025-04-04 06:44:30.236000+00:00;27;1256;11;10000
2025-04-04 06:44:30.236000+00:00;30;1256;9;10000
2025-04-04 06:44:30.236000+00:00;44;1256;4;10000
2025-04-04 06:44:30.236000+00:00;81;1256;6;10000
2025-04-04 06:44:30.236000+00:00;87;1256;14;10000
2025-04-04 06:44:38.017000+00:00;1;1256;3;10000
2025-04-04 06:44:38.017000+00:00;4;1256;20;10000
2025-04-04 06:44:38.017000+00:00;5;1256;14;10000
2025-04-04 06:44:38.017000+00:00;6;1256;8;10000
2025-04-04 06:44:38.017000+00:00;7;1256;18;10000
2025-04-04 06:44:38.017000+00:00;10;1256;4;10000
2025-04-04 06:44:38.017000+00:00;12;1256;13;10000
2025-04-04 06:44:38.017000+00:00;14;1256;6;10000
2025-04-04 06:44:38.017000+00:00;18;1256;11;10000
2025-04-04 06:44:38.017000+00:00;22;1256;9;10000
2025-04-04 06:44:38.017000+00:00;23;1256;16;10000
2025-04-04 06:44:38.017000+00:00;27;1256;12;10000
2025-04-04 06:44:38.017000+00:00;30;1256;10;10000
2025-04-04 06:44:38.017000+00:00;31;1256;17;10000
2025-04-04 06:44:38.017000+00:00;44;1256;5;10000
2025-04-04 06:44:38.017000+00:00;55;1256;19;10000
2025-04-04 06:44:38.017000+00:00;81;1256;7;10000
2025-04-04 06:44:38.017000+00:00;87;1256;15;10000
2025-04-04 06:44:44.627000+00:00;1;1256;4;10000
2025-04-04 06:44:44.627000+00:00;10;1256;5;10000
2025-04-04 06:44:44.627000+00:00;16;1256;3;10000
2025-04-04 06:44:44.627000+00:00;44;1256;1;10000
2025-04-04 06:44:44.627000+00:00;63;1256;2;10000
2025-04-04 06:44:50.893000+00:00;5;1256;6;10000
2025-04-04 06:44:50.893000+00:00;6;1256;9;10000
2025-04-04 06:44:50.893000+00:00;12;1256;14;10000
2025-04-04 06:44:50.893000+00:00;14;1256;7;10000
2025-04-04 06:44:50.893000+00:00;18;1256;12;10000
2025-04-04 06:44:50.893000+00:00;22;1256;10;10000
2025-04-04 06:44:50.893000+00:00;27;1256;13;10000
2025-04-04 06:44:50.893000+00:00;30;1256;11;10000
2025-04-04 06:44:50.893000+00:00;81;1256;8;10000
2025-04-04 06:44:57.877000+00:00;1;1256;5;10000
2025-04-04 06:44:57.877000+00:00;5;1256;7;10000
2025-04-04 06:44:57.877000+00:00;6;1256;1;10000
2025-04-04 06:44:57.877000+00:00;7;1256;17;10000
2025-04-04 06:44:57.877000+00:00;10;1256;6;10000
2025-04-04 06:44:57.877000+00:00;12;1256;13;10000
2025-04-04 06:44:57.877000+00:00;14;1256;8;10000
2025-04-04 06:44:57.877000+00:00;16;1256;4;10000
2025-04-04 06:44:57.877000+00:00;18;1256;11;10000
2025-04-04 06:44:57.877000+00:00;22;1256;9;10000
2025-04-04 06:44:57.877000+00:00;23;1256;15;10000
2025-04-04 06:44:57.877000+00:00;27;1256;12;10000
2025-04-04 06:44:57.877000+00:00;30;1256;10;10000
2025-04-04 06:44:57.877000+00:00;31;1256;16;10000
2025-04-04 06:44:57.877000+00:00;44;1256;2;10000
2025-04-04 06:44:57.877000+00:00;55;1256;18;10000
2025-04-04 06:44:57.877000+00:00;63;1256;3;10000
2025-04-04 06:44:57.877000+00:00;81;1256;19;10000
2025-04-04 06:44:57.877000+00:00;87;1256;14;10000
2025-04-04 06:44:57.908000+00:00;7;1256;18;10000
2025-04-04 06:44:57.908000+00:00;12;1256;14;10000
2025-04-04 06:44:57.908000+00:00;18;1256;12;10000
2025-04-04 06:44:57.908000+00:00;22;1256;10;10000
2025-04-04 06:44:57.908000+00:00;23;1256;16;10000
2025-04-04 06:44:57.908000+00:00;27;1256;13;10000
2025-04-04 06:44:57.908000+00:00;30;1256;11;10000
2025-04-04 06:44:57.908000+00:00;31;1256;17;10000
2025-04-04 06:44:57.908000+00:00;55;1256;19;10000
2025-04-04 06:44:57.908000+00:00;81;1256;9;10000
2025-04-04 06:44:57.908000+00:00;87;1256;15;10000
2025-04-04 06:45:12.909000+00:00;1;1256;6;10000
2025-04-04 06:45:12.909000+00:00;5;1256;8;10000
2025-04-04 06:45:12.909000+00:00;10;1256;7;10000
2025-04-04 06:45:12.909000+00:00;14;1256;9;10000
2025-04-04 06:45:12.909000+00:00;16;1256;5;10000
2025-04-04 06:45:12.909000+00:00;22;1256;11;10000
2025-04-04 06:45:12.909000+00:00;30;1256;3;10000
2025-04-04 06:45:12.909000+00:00;63;1256;4;10000
2025-04-04 06:45:12.909000+00:00;81;1256;10;10000
2025-04-04 06:45:20.704000+00:00;12;1256;15;10000
2025-04-04 06:45:20.704000+00:00;14;1256;10;10000
2025-04-04 06:45:20.704000+00:00;18;1256;13;10000
2025-04-04 06:45:20.704000+00:00;22;1256;12;10000
2025-04-04 06:45:20.704000+00:00;23;1256;17;10000
2025-04-04 06:45:20.704000+00:00;27;1256;14;10000
2025-04-04 06:45:20.704000+00:00;31;1256;9;10000
2025-04-04 06:45:20.704000+00:00;81;1256;11;10000
2025-04-04 06:45:20.704000+00:00;87;1256;16;10000
2025-04-04 06:45:27.974000+00:00;5;1256;9;10000
2025-04-04 06:45:27.974000+00:00;14;1256;11;10000
2025-04-04 06:45:27.974000+00:00;18;1256;14;10000
2025-04-04 06:45:27.974000+00:00;22;1256;13;10000
2025-04-04 06:45:27.974000+00:00;27;1256;8;10000
2025-04-04 06:45:27.974000+00:00;31;1256;10;10000
2025-04-04 06:45:27.974000+00:00;81;1256;12;10000
2025-04-04 06:45:37.793000+00:00;7;1256;19;10000
2025-04-04 06:45:37.793000+00:00;12;1256;16;10000
2025-04-04 06:45:37.793000+00:00;14;1256;12;10000
2025-04-04 06:45:37.793000+00:00;18;1256;15;10000
2025-04-04 06:45:37.793000+00:00;22;1256;14;10000
2025-04-04 06:45:37.793000+00:00;23;1256;18;10000
2025-04-04 06:45:37.793000+00:00;31;1256;11;10000
2025-04-04 06:45:37.793000+00:00;55;1256;10;10000
2025-04-04 06:45:37.793000+00:00;81;1256;13;10000
2025-04-04 06:45:37.793000+00:00;87;1256;17;10000
2025-04-04 06:45:44.346000+00:00;1;1256;7;10000
2025-04-04 06:45:44.346000+00:00;5;1256;10;10000
2025-04-04 06:45:44.346000+00:00;10;1256;8;10000
2025-04-04 06:45:44.346000+00:00;14;1256;13;10000
2025-04-04 06:45:44.346000+00:00;16;1256;6;10000
2025-04-04 06:45:44.346000+00:00;27;1256;9;10000
2025-04-04 06:45:44.346000+00:00;30;1256;4;10000
2025-04-04 06:45:44.346000+00:00;31;1256;12;10000
2025-04-04 06:45:44.346000+00:00;44;1256;3;10000
2025-04-04 06:45:44.346000+00:00;55;1256;11;10000
2025-04-04 06:45:44.346000+00:00;63;1256;5;10000
2025-04-04 06:45:44.346000+00:00;81;1256;2;10000
2025-04-04 06:45:50.168000+00:00;1;1256;8;10000
2025-04-04 06:45:50.168000+00:00;4;1256;1;10000
2025-04-04 06:45:50.168000+00:00;5;1256;11;10000
2025-04-04 06:45:50.168000+00:00;6;1256;2;10000
2025-04-04 06:45:50.168000+00:00;7;1256;20;10000
2025-04-04 06:45:50.168000+00:00;10;1256;9;10000
2025-04-04 06:45:50.168000+00:00;12;1256;17;10000
2025-04-04 06:45:50.168000+00:00;14;1256;14;10000
2025-04-04 06:45:50.168000+00:00;16;1256;7;10000
2025-04-04 06:45:50.168000+00:00;18;1256;16;10000
2025-04-04 06:45:50.168000+00:00;22;1256;15;10000
2025-04-04 06:45:50.168000+00:00;23;1256;19;10000
2025-04-04 06:45:50.168000+00:00;27;1256;10;10000
2025-04-04 06:45:50.168000+00:00;30;1256;5;10000
2025-04-04 06:45:50.168000+00:00;31;1256;13;10000
2025-04-04 06:45:50.168000+00:00;44;1256;4;10000
2025-04-04 06:45:50.168000+00:00;55;1256;12;10000
2025-04-04 06:45:50.168000+00:00;63;1256;6;10000
2025-04-04 06:45:50.168000+00:00;81;1256;3;10000
2025-04-04 06:45:50.168000+00:00;87;1256;18;10000
2025-04-04 06:46:03.010000+00:00;12;1256;14;10000
2025-04-04 06:46:03.010000+00:00;14;1256;15;10000
2025-04-04 06:46:03.010000+00:00;18;1256;17;10000
2025-04-04 06:46:03.010000+00:00;22;1256;16;10000
2025-04-04 06:56:28.572000+00:00;1;1256;7;10000
2025-04-04 06:56:28.572000+00:00;4;1256;2;10000
2025-04-04 06:56:28.572000+00:00;5;1256;10;10000
2025-04-04 06:56:28.572000+00:00;6;1256;20;10000
2025-04-04 06:56:28.572000+00:00;7;1256;19;10000
2025-04-04 06:56:28.572000+00:00;10;1256;8;10000
2025-04-04 06:56:28.572000+00:00;12;1256;13;10000
2025-04-04 06:56:28.572000+00:00;14;1256;14;10000
2025-04-04 06:56:28.572000+00:00;16;1256;6;10000
2025-04-04 06:56:28.572000+00:00;18;1256;16;10000
2025-04-04 06:56:28.572000+00:00;22;1256;15;10000
2025-04-04 06:56:28.572000+00:00;23;1256;18;10000
2025-04-04 06:56:28.572000+00:00;27;1256;9;10000
2025-04-04 06:56:28.572000+00:00;30;1256;4;10000
2025-04-04 06:56:28.572000+00:00;31;1256;12;10000
2025-04-04 06:56:28.572000+00:00;44;1256;3;10000
2025-04-04 06:56:28.572000+00:00;55;1256;11;10000
2025-04-04 06:56:28.572000+00:00;63;1256;5;10000
2025-04-04 06:56:28.572000+00:00;81;1256;1;10000
2025-04-04 06:56:28.572000+00:00;87;1256;17;10000
2025-04-04 06:56:28.603000+00:00;1;1256;8;10000
2025-04-04 06:56:28.603000+00:00;5;1256;11;10000
2025-04-04 06:56:28.603000+00:00;6;1256;3;10000
2025-04-04 06:56:28.603000+00:00;7;1256;20;10000
2025-04-04 06:56:28.603000+00:00;10;1256;9;10000
2025-04-04 06:56:28.603000+00:00;12;1256;14;10000
2025-04-04 06:56:28.603000+00:00;14;1256;15;10000
2025-04-04 06:56:28.603000+00:00;16;1256;7;10000
2025-04-04 06:56:28.603000+00:00;18;1256;17;10000
2025-04-04 06:56:28.603000+00:00;22;1256;16;10000
2025-04-04 06:56:28.603000+00:00;23;1256;19;10000
2025-04-04 06:56:28.603000+00:00;27;1256;10;10000
2025-04-04 06:56:28.603000+00:00;30;1256;5;10000
2025-04-04 06:56:28.603000+00:00;31;1256;13;10000
2025-04-04 06:56:28.603000+00:00;44;1256;4;10000
2025-04-04 06:56:28.603000+00:00;55;1256;12;10000
2025-04-04 06:56:28.603000+00:00;63;1256;6;10000
2025-04-04 06:56:28.603000+00:00;87;1256;18;10000
2025-04-04 06:57:06.025000+00:00;5;1256;12;10000
2025-04-04 06:57:06.025000+00:00;12;1256;15;10000
2025-04-04 06:57:06.025000+00:00;14;1256;16;10000
2025-04-04 06:57:06.025000+00:00;18;1256;18;10000
2025-04-04 06:57:06.025000+00:00;22;1256;17;10000
2025-04-04 06:57:06.025000+00:00;23;1256;10;10000
2025-04-04 06:57:06.025000+00:00;27;1256;11;10000
2025-04-04 06:57:06.025000+00:00;31;1256;14;10000
2025-04-04 06:57:06.025000+00:00;55;1256;13;10000
2025-04-04 06:57:06.025000+00:00;87;1256;19;10000
2025-04-04 06:57:25.619000+00:00;5;1256;13;10000
2025-04-04 06:57:25.619000+00:00;23;1256;11;10000
2025-04-04 06:57:25.619000+00:00;27;1256;12;10000
2025-04-04 06:57:25.619000+00:00;55;1256;10;10000
2025-04-04 06:58:03.606000+00:00;12;1256;16;10000
2025-04-04 06:58:03.606000+00:00;14;1256;17;10000
2025-04-04 06:58:03.606000+00:00;18;1256;19;10000
2025-04-04 06:58:03.606000+00:00;22;1256;18;10000
2025-04-04 06:58:03.606000+00:00;87;1256;15;10000
2025-04-05 02:15:03.697000+00:00;1;1256;1;10001
2025-04-05 02:15:03.697000+00:00;4;1256;2;10001
2025-04-05 02:15:03.697000+00:00;5;1256;3;10001
2025-04-05 02:15:03.697000+00:00;6;1256;4;10001
2025-04-05 02:15:03.697000+00:00;7;1256;5;10001
2025-04-05 02:15:03.697000+00:00;10;1256;6;10001
2025-04-05 02:15:03.697000+00:00;12;1256;7;10001
2025-04-05 02:15:03.697000+00:00;14;1256;8;10001
2025-04-05 02:15:03.697000+00:00;16;1256;9;10001
2025-04-05 02:15:03.697000+00:00;18;1256;10;10001
2025-04-05 02:15:03.697000+00:00;22;1256;11;10001
2025-04-05 02:15:03.697000+00:00;23;1256;12;10001
2025-04-05 02:15:03.697000+00:00;27;1256;13;10001
2025-04-05 02:15:03.697000+00:00;30;1256;14;10001
2025-04-05 02:15:03.697000+00:00;31;1256;15;10001
2025-04-05 02:15:03.697000+00:00;44;1256;16;10001
2025-04-05 02:15:03.697000+00:00;55;1256;17;10001
2025-04-05 02:15:03.697000+00:00;63;1256;18;10001
2025-04-05 02:15:03.697000+00:00;81;1256;19;10001
2025-04-05 02:15:03.697000+00:00;87;1256;20;10001
2025-04-05 02:30:07.301000+00:00;1;1256;2;10001
2025-04-05 02:30:07.301000+00:00;4;1256;3;10001
2025-04-05 02:30:07.301000+00:00;5;1256;4;10001
2025-04-05 02:30:07.301000+00:00;6;1256;5;10001
2025-04-05 02:30:07.301000+00:00;7;1256;1;10001
2025-04-05 02:30:14.458000+00:00;4;1256;4;10001
2025-04-05 02:30:14.458000+00:00;5;1256;5;10001
2025-04-05 02:30:14.458000+00:00;6;1256;6;10001
2025-04-05 02:30:14.458000+00:00;10;1256;7;10001
2025-04-05 02:30:14.458000+00:00;12;1256;8;10001
2025-04-05 02:30:14.458000+00:00;14;1256;9;10001
2025-04-05 02:30:14.458000+00:00;16;1256;10;10001
2025-04-05 02:30:14.458000+00:00;18;1256;11;10001
2025-04-05 02:30:14.458000+00:00;22;1256;12;10001
2025-04-05 02:30:14.458000+00:00;23;1256;13;10001
2025-04-05 02:30:14.458000+00:00;27;1256;14;10001
2025-04-05 02:30:14.458000+00:00;30;1256;15;10001
2025-04-05 02:30:14.458000+00:00;31;1256;16;10001
2025-04-05 02:30:14.458000+00:00;44;1256;17;10001
2025-04-05 02:30:14.458000+00:00;55;1256;18;10001
2025-04-05 02:30:14.458000+00:00;63;1256;3;10001
2025-04-05 02:30:23.692000+00:00;4;1256;5;10001
2025-04-05 02:30:23.692000+00:00;5;1256;6;10001
2025-04-05 02:30:23.692000+00:00;6;1256;4;10001
2025-04-05 02:30:28.270000+00:00;4;1256;6;10001
2025-04-05 02:30:28.270000+00:00;5;1256;7;10001
2025-04-05 02:30:28.270000+00:00;10;1256;8;10001
2025-04-05 02:30:28.270000+00:00;12;1256;9;10001
2025-04-05 02:30:28.270000+00:00;14;1256;10;10001
2025-04-05 02:30:28.270000+00:00;16;1256;11;10001
2025-04-05 02:30:28.270000+00:00;18;1256;12;10001
2025-04-05 02:30:28.270000+00:00;22;1256;13;10001
2025-04-05 02:30:28.270000+00:00;23;1256;14;10001
2025-04-05 02:30:28.270000+00:00;27;1256;15;10001
2025-04-05 02:30:28.270000+00:00;30;1256;5;10001
2025-04-05 02:30:31.848000+00:00;4;1256;7;10001
2025-04-05 02:30:31.848000+00:00;5;1256;6;10001
2025-04-05 02:30:38.364000+00:00;4;1256;8;10001
2025-04-05 02:30:38.364000+00:00;10;1256;9;10001
2025-04-05 02:30:38.364000+00:00;12;1256;10;10001
2025-04-05 02:30:38.364000+00:00;14;1256;11;10001
2025-04-05 02:30:38.364000+00:00;16;1256;12;10001
2025-04-05 02:30:38.364000+00:00;18;1256;7;10001
2025-04-05 02:30:44.161000+00:00;4;1256;9;10001
2025-04-05 02:30:44.161000+00:00;10;1256;10;10001
2025-04-05 02:30:44.161000+00:00;12;1256;11;10001
2025-04-05 02:30:44.161000+00:00;14;1256;12;10001
2025-04-05 02:30:44.161000+00:00;16;1256;13;10001
2025-04-05 02:30:44.161000+00:00;22;1256;14;10001
2025-04-05 02:30:44.161000+00:00;23;1256;15;10001
2025-04-05 02:30:44.161000+00:00;27;1256;16;10001
2025-04-05 02:30:44.161000+00:00;31;1256;17;10001
2025-04-05 02:30:44.161000+00:00;44;1256;18;10001
2025-04-05 02:30:44.161000+00:00;55;1256;19;10001
2025-04-05 02:30:44.161000+00:00;81;1256;20;10001
2025-04-05 02:30:44.161000+00:00;87;1256;8;10001
2025-04-05 02:30:51.924000+00:00;10;1256;11;10001
2025-04-05 02:30:51.924000+00:00;12;1256;10;10001
2025-04-05 02:30:53.611000+00:00;10;1256;12;10001
2025-04-05 02:30:53.611000+00:00;14;1256;11;10001
2025-04-05 02:31:01.736000+00:00;10;1256;13;10001
2025-04-05 02:31:01.736000+00:00;16;1256;14;10001
2025-04-05 02:31:01.736000+00:00;22;1256;12;10001
2025-04-05 02:31:25.302000+00:00;10;1256;14;10001
2025-04-05 02:31:25.302000+00:00;16;1256;15;10001
2025-04-05 02:31:25.302000+00:00;23;1256;16;10001
2025-04-05 02:31:25.302000+00:00;27;1256;17;10001
2025-04-05 02:31:25.302000+00:00;31;1256;18;10001
2025-04-05 02:31:25.302000+00:00;44;1256;19;10001
2025-04-05 02:31:25.302000+00:00;55;1256;20;10001
2025-04-05 02:31:25.302000+00:00;81;1256;13;10001
2025-04-05 02:31:27.130000+00:00;10;1256;15;10001
2025-04-05 02:31:27.130000+00:00;16;1256;16;10001
2025-04-05 02:31:27.130000+00:00;23;1256;17;10001
2025-04-05 02:31:27.130000+00:00;27;1256;18;10001
2025-04-05 02:31:27.130000+00:00;31;1256;19;10001
2025-04-05 02:31:27.130000+00:00;44;1256;20;10001
2025-04-05 02:31:27.130000+00:00;55;1256;14;10001
2025-04-05 02:32:14.709000+00:00;10;1256;16;10001
2025-04-05 02:32:14.709000+00:00;16;1256;17;10001
2025-04-05 02:32:14.709000+00:00;23;1256;18;10001
2025-04-05 02:32:14.709000+00:00;27;1256;15;10001
2025-04-05 02:33:27.959000+00:00;1;1256;1;10001
2025-04-05 02:33:27.959000+00:00;7;1256;2;10001
2025-04-05 02:33:55.238000+00:00;6;1256;5;10001
2025-04-05 02:33:55.238000+00:00;7;1256;3;10001
2025-04-05 02:33:55.238000+00:00;30;1256;2;10001
2025-04-05 02:33:55.238000+00:00;63;1256;4;10001
2025-04-05 02:34:02.347000+00:00;5;1256;3;10001
2025-04-05 02:34:02.347000+00:00;6;1256;6;10001
2025-04-05 02:34:02.347000+00:00;7;1256;4;10001
2025-04-05 02:34:02.347000+00:00;63;1256;5;10001
2025-04-05 02:34:13.816000+00:00;4;1256;10;10001
2025-04-05 02:34:13.816000+00:00;5;1256;4;10001
2025-04-05 02:34:13.816000+00:00;6;1256;7;10001
2025-04-05 02:34:13.816000+00:00;7;1256;5;10001
2025-04-05 02:34:13.816000+00:00;12;1256;2;10001
2025-04-05 02:34:13.816000+00:00;18;1256;8;10001
2025-04-05 02:34:13.816000+00:00;30;1256;3;10001
2025-04-05 02:34:13.816000+00:00;63;1256;6;10001
2025-04-05 02:34:13.816000+00:00;87;1256;9;10001
2025-04-05 02:34:25.941000+00:00;10;1256;17;10001
2025-04-05 02:34:25.941000+00:00;16;1256;18;10001
2025-04-05 02:34:25.941000+00:00;23;1256;19;10001
2025-04-05 02:34:25.941000+00:00;31;1256;16;10001
2025-04-05 02:34:30.457000+00:00;10;1256;18;10001
2025-04-05 02:34:30.457000+00:00;16;1256;19;10001
2025-04-05 02:34:30.457000+00:00;23;1256;17;10001
2025-04-05 02:34:31.426000+00:00;4;1256;11;10001
2025-04-05 02:34:31.426000+00:00;5;1256;5;10001
2025-04-05 02:34:31.426000+00:00;6;1256;8;10001
2025-04-05 02:34:31.426000+00:00;7;1256;6;10001
2025-04-05 02:34:31.426000+00:00;14;1256;12;10001
2025-04-05 02:34:31.426000+00:00;18;1256;9;10001
2025-04-05 02:34:31.426000+00:00;22;1256;4;10001
2025-04-05 02:34:31.426000+00:00;63;1256;7;10001
2025-04-05 02:34:31.426000+00:00;87;1256;10;10001
2025-04-05 02:34:48.473000+00:00;4;1256;12;10001
2025-04-05 02:34:48.473000+00:00;5;1256;6;10001
2025-04-05 02:34:48.473000+00:00;6;1256;9;10001
2025-04-05 02:34:48.473000+00:00;7;1256;7;10001
2025-04-05 02:34:48.473000+00:00;14;1256;13;10001
2025-04-05 02:34:48.473000+00:00;18;1256;10;10001
2025-04-05 02:34:48.473000+00:00;22;1256;5;10001
2025-04-05 02:34:48.473000+00:00;30;1256;4;10001
2025-04-05 02:34:48.473000+00:00;55;1256;3;10001
2025-04-05 02:34:48.473000+00:00;63;1256;8;10001
2025-04-05 02:34:48.473000+00:00;81;1256;14;10001
2025-04-05 02:34:48.473000+00:00;87;1256;11;10001
2025-04-05 02:35:05.957000+00:00;10;1256;19;10001
2025-04-05 02:35:05.957000+00:00;16;1256;20;10001
2025-04-05 02:35:05.957000+00:00;44;1256;18;10001
2025-04-05 02:35:42.301000+00:00;4;1256;13;10001
2025-04-05 02:35:42.301000+00:00;6;1256;10;10001
2025-04-05 02:35:42.301000+00:00;7;1256;8;10001
2025-04-05 02:35:42.301000+00:00;14;1256;14;10001
2025-04-05 02:35:42.301000+00:00;18;1256;11;10001
2025-04-05 02:35:42.301000+00:00;27;1256;7;10001
2025-04-05 02:35:42.301000+00:00;63;1256;9;10001
2025-04-05 02:35:42.301000+00:00;81;1256;15;10001
2025-04-05 02:35:42.301000+00:00;87;1256;12;10001
2025-04-05 02:44:12.807000+00:00;10;1256;20;10001
2025-04-05 02:44:12.807000+00:00;16;1256;19;10001
2025-04-05 02:47:14.855000+00:00;1;1256;2;10001
2025-04-05 02:47:14.855000+00:00;4;1256;1;10001
2025-04-05 02:47:14.855000+00:00;5;1256;7;10001
2025-04-05 02:47:14.855000+00:00;6;1256;11;10001
2025-04-05 02:47:14.855000+00:00;7;1256;9;10001
2025-04-05 02:47:14.855000+00:00;12;1256;3;10001
2025-04-05 02:47:14.855000+00:00;18;1256;12;10001
2025-04-05 02:47:14.855000+00:00;22;1256;6;10001
2025-04-05 02:47:14.855000+00:00;27;1256;8;10001
2025-04-05 02:47:14.855000+00:00;30;1256;5;10001
2025-04-05 02:47:14.855000+00:00;55;1256;4;10001
2025-04-05 02:47:14.855000+00:00;63;1256;10;10001
2025-04-05 02:47:14.855000+00:00;87;1256;13;10001
2025-04-05 02:47:32.027000+00:00;5;1256;8;10001
2025-04-05 02:47:32.027000+00:00;6;1256;12;10001
2025-04-05 02:47:32.027000+00:00;7;1256;10;10001
2025-04-05 02:47:32.027000+00:00;18;1256;5;10001
2025-04-05 02:47:32.027000+00:00;22;1256;7;10001
2025-04-05 02:47:32.027000+00:00;27;1256;9;10001
2025-04-05 02:47:32.027000+00:00;30;1256;6;10001
2025-04-05 02:47:32.027000+00:00;63;1256;11;10001
2025-04-05 02:47:39.480000+00:00;1;1256;3;10001
2025-04-05 02:47:39.480000+00:00;4;1256;2;10001
2025-04-05 02:47:39.480000+00:00;5;1256;9;10001
2025-04-05 02:47:39.480000+00:00;6;1256;13;10001
2025-04-05 02:47:39.480000+00:00;7;1256;11;10001
2025-04-05 02:47:39.480000+00:00;12;1256;4;10001
2025-04-05 02:47:39.480000+00:00;14;1256;15;10001
2025-04-05 02:47:39.480000+00:00;16;1256;1;10001
2025-04-05 02:47:39.480000+00:00;18;1256;6;10001
2025-04-05 02:47:39.480000+00:00;22;1256;8;10001
2025-04-05 02:47:39.480000+00:00;23;1256;18;10001
2025-04-05 02:47:39.480000+00:00;27;1256;10;10001
2025-04-05 02:47:39.480000+00:00;30;1256;7;10001
2025-04-05 02:47:39.480000+00:00;31;1256;17;10001
2025-04-05 02:47:39.480000+00:00;44;1256;19;10001
2025-04-05 02:47:39.480000+00:00;55;1256;5;10001
2025-04-05 02:47:39.480000+00:00;63;1256;12;10001
2025-04-05 02:47:39.480000+00:00;81;1256;16;10001
2025-04-05 02:47:39.480000+00:00;87;1256;14;10001
2025-04-05 02:47:56.168000+00:00;1;1256;4;10001
2025-04-05 02:47:56.168000+00:00;12;1256;5;10001
2025-04-05 02:47:56.168000+00:00;18;1256;7;10001
2025-04-05 02:47:56.168000+00:00;30;1256;3;10001
2025-04-05 02:47:56.168000+00:00;55;1256;6;10001
2025-04-05 02:48:03.684000+00:00;5;1256;10;10001
2025-04-05 02:48:03.684000+00:00;6;1256;14;10001
2025-04-05 02:48:03.684000+00:00;7;1256;12;10001
2025-04-05 02:48:03.684000+00:00;14;1256;16;10001
2025-04-05 02:48:03.684000+00:00;18;1256;8;10001
2025-04-05 02:48:03.684000+00:00;22;1256;9;10001
2025-04-05 02:48:03.684000+00:00;27;1256;11;10001
2025-04-05 02:48:03.684000+00:00;31;1256;7;10001
2025-04-05 02:48:03.684000+00:00;63;1256;13;10001
2025-04-05 02:48:03.684000+00:00;81;1256;17;10001
2025-04-05 02:48:03.684000+00:00;87;1256;15;10001
2025-04-05 02:48:10.309000+00:00;12;1256;6;10001
2025-04-05 02:48:10.309000+00:00;55;1256;5;10001
2025-04-05 02:48:19.278000+00:00;1;1256;5;10001
2025-04-05 02:48:19.278000+00:00;5;1256;11;10001
2025-04-05 02:48:19.278000+00:00;6;1256;15;10001
2025-04-05 02:48:19.278000+00:00;7;1256;13;10001
2025-04-05 02:48:19.278000+00:00;12;1256;7;10001
2025-04-05 02:48:19.278000+00:00;14;1256;17;10001
2025-04-05 02:48:19.278000+00:00;18;1256;9;10001
2025-04-05 02:48:19.278000+00:00;22;1256;10;10001
2025-04-05 02:48:19.278000+00:00;27;1256;12;10001
2025-04-05 02:48:19.278000+00:00;30;1256;4;10001
2025-04-05 02:48:19.278000+00:00;31;1256;8;10001
2025-04-05 02:48:19.278000+00:00;55;1256;6;10001
2025-04-05 02:48:19.278000+00:00;63;1256;14;10001
2025-04-05 02:48:19.278000+00:00;81;1256;3;10001
2025-04-05 02:48:19.278000+00:00;87;1256;16;10001
2025-04-05 02:48:27.719000+00:00;1;1256;6;10001
2025-04-05 02:48:27.719000+00:00;5;1256;12;10001
2025-04-05 02:48:27.719000+00:00;6;1256;16;10001
2025-04-05 02:48:27.719000+00:00;7;1256;14;10001
2025-04-05 02:48:27.719000+00:00;12;1256;8;10001
2025-04-05 02:48:27.719000+00:00;14;1256;5;10001
2025-04-05 02:48:27.719000+00:00;18;1256;10;10001
2025-04-05 02:48:27.719000+00:00;22;1256;11;10001
2025-04-05 02:48:27.719000+00:00;27;1256;13;10001
2025-04-05 02:48:27.719000+00:00;31;1256;9;10001
2025-04-05 02:48:27.719000+00:00;55;1256;7;10001
2025-04-05 02:48:27.719000+00:00;63;1256;15;10001
2025-04-05 02:48:27.719000+00:00;87;1256;17;10001
2025-04-05 02:48:36.109000+00:00;5;1256;13;10001
2025-04-05 02:48:36.109000+00:00;6;1256;17;10001
2025-04-05 02:48:36.109000+00:00;7;1256;15;10001
2025-04-05 02:48:36.109000+00:00;10;1256;8;10001
2025-04-05 02:48:36.109000+00:00;12;1256;9;10001
2025-04-05 02:48:36.109000+00:00;18;1256;11;10001
2025-04-05 02:48:36.109000+00:00;22;1256;12;10001
2025-04-05 02:48:36.109000+00:00;23;1256;19;10001
2025-04-05 02:48:36.109000+00:00;27;1256;14;10001
2025-04-05 02:48:36.109000+00:00;31;1256;10;10001
2025-04-05 02:48:36.109000+00:00;44;1256;20;10001
2025-04-05 02:48:36.109000+00:00;63;1256;16;10001
2025-04-05 02:48:36.109000+00:00;87;1256;18;10001
2025-04-05 02:48:45.078000+00:00;5;1256;14;10001
2025-04-05 02:48:45.078000+00:00;6;1256;18;10001
2025-04-05 02:48:45.078000+00:00;7;1256;16;10001
2025-04-05 02:48:45.078000+00:00;18;1256;12;10001
2025-04-05 02:48:45.078000+00:00;22;1256;13;10001
2025-04-05 02:48:45.078000+00:00;27;1256;15;10001
2025-04-05 02:48:45.078000+00:00;63;1256;17;10001
2025-04-05 02:48:45.078000+00:00;87;1256;11;10001
2025-04-05 02:48:53.656000+00:00;5;1256;15;10001
2025-04-05 02:48:53.656000+00:00;6;1256;19;10001
2025-04-05 02:48:53.656000+00:00;7;1256;17;10001
2025-04-05 02:48:53.656000+00:00;18;1256;13;10001
2025-04-05 02:48:53.656000+00:00;22;1256;14;10001
2025-04-05 02:48:53.656000+00:00;23;1256;10;10001
2025-04-05 02:48:53.656000+00:00;27;1256;16;10001
2025-04-05 02:48:53.656000+00:00;31;1256;11;10001
2025-04-05 02:48:53.656000+00:00;63;1256;18;10001
2025-04-05 02:48:53.656000+00:00;87;1256;12;10001
2025-04-05 02:48:59.672000+00:00;1;1256;7;10001
2025-04-05 02:48:59.672000+00:00;10;1256;9;10001
2025-04-05 02:48:59.672000+00:00;12;1256;10;10001
2025-04-05 02:48:59.672000+00:00;14;1256;6;10001
2025-04-05 02:48:59.672000+00:00;18;1256;14;10001
2025-04-05 02:48:59.672000+00:00;22;1256;4;10001
2025-04-05 02:48:59.672000+00:00;23;1256;11;10001
2025-04-05 02:48:59.672000+00:00;30;1256;5;10001
2025-04-05 02:48:59.672000+00:00;31;1256;12;10001
2025-04-05 02:48:59.672000+00:00;55;1256;8;10001
2025-04-05 02:48:59.672000+00:00;87;1256;13;10001
2025-04-05 02:49:10.813000+00:00;1;1256;8;10001
2025-04-05 02:49:10.813000+00:00;4;1256;3;10001
2025-04-05 02:49:10.813000+00:00;5;1256;16;10001
2025-04-05 02:49:10.813000+00:00;6;1256;20;10001
2025-04-05 02:49:10.813000+00:00;7;1256;18;10001
2025-04-05 02:49:10.813000+00:00;10;1256;10;10001
2025-04-05 02:49:10.813000+00:00;12;1256;11;10001
2025-04-05 02:49:10.813000+00:00;14;1256;7;10001
2025-04-05 02:49:10.813000+00:00;18;1256;15;10001
2025-04-05 02:49:10.813000+00:00;22;1256;5;10001
2025-04-05 02:49:10.813000+00:00;23;1256;12;10001
2025-04-05 02:49:10.813000+00:00;27;1256;17;10001
2025-04-05 02:49:10.813000+00:00;30;1256;6;10001
2025-04-05 02:49:10.813000+00:00;31;1256;13;10001
2025-04-05 02:49:10.813000+00:00;44;1256;2;10001
2025-04-05 02:49:10.813000+00:00;55;1256;9;10001
2025-04-05 02:49:10.813000+00:00;63;1256;19;10001
2025-04-05 02:49:10.813000+00:00;81;1256;4;10001
2025-04-05 02:49:10.813000+00:00;87;1256;14;10001
2025-04-05 02:49:18.297000+00:00;5;1256;17;10001
2025-04-05 02:49:18.297000+00:00;12;1256;12;10001
2025-04-05 02:49:18.297000+00:00;18;1256;16;10001
2025-04-05 02:49:18.297000+00:00;23;1256;13;10001
2025-04-05 02:49:18.297000+00:00;27;1256;11;10001
2025-04-05 02:49:18.297000+00:00;31;1256;14;10001
2025-04-05 02:49:18.297000+00:00;87;1256;15;10001
2025-04-05 02:49:38.579000+00:00;5;1256;18;10001
2025-04-05 02:49:38.579000+00:00;6;1256;9;10001
2025-04-05 02:49:38.579000+00:00;7;1256;19;10001
2025-04-05 02:49:38.579000+00:00;10;1256;11;10001
2025-04-05 02:49:38.579000+00:00;12;1256;13;10001
2025-04-05 02:49:38.579000+00:00;18;1256;17;10001
2025-04-05 02:49:38.579000+00:00;23;1256;14;10001
2025-04-05 02:49:38.579000+00:00;27;1256;12;10001
2025-04-05 02:49:38.579000+00:00;31;1256;15;10001
2025-04-05 02:49:38.579000+00:00;55;1256;10;10001
2025-04-05 02:49:38.579000+00:00;63;1256;20;10001
2025-04-05 02:49:38.579000+00:00;87;1256;16;10001
2025-04-05 02:51:29.520000+00:00;6;1256;10;10001
2025-04-05 02:51:29.520000+00:00;10;1256;12;10001
2025-04-05 02:51:29.520000+00:00;12;1256;14;10001
2025-04-05 02:51:29.520000+00:00;18;1256;9;10001
2025-04-05 02:51:29.520000+00:00;23;1256;15;10001
2025-04-05 02:51:29.520000+00:00;27;1256;13;10001
2025-04-05 02:51:29.520000+00:00;31;1256;16;10001
2025-04-05 02:51:29.520000+00:00;55;1256;11;10001
2025-04-05 02:51:29.520000+00:00;87;1256;17;10001
2025-04-05 02:51:44.567000+00:00;1;1256;9;10001
2025-04-05 02:51:44.567000+00:00;5;1256;19;10001
2025-04-05 02:51:44.567000+00:00;6;1256;11;10001
2025-04-05 02:51:44.567000+00:00;7;1256;20;10001
2025-04-05 02:51:44.567000+00:00;10;1256;13;10001
2025-04-05 02:51:44.567000+00:00;12;1256;15;10001
2025-04-05 02:51:44.567000+00:00;14;1256;8;10001
2025-04-05 02:51:44.567000+00:00;18;1256;10;10001
2025-04-05 02:51:44.567000+00:00;22;1256;6;10001
2025-04-05 02:51:44.567000+00:00;23;1256;16;10001
2025-04-05 02:51:44.567000+00:00;27;1256;14;10001
2025-04-05 02:51:44.567000+00:00;30;1256;7;10001
2025-04-05 02:51:44.567000+00:00;31;1256;17;10001
2025-04-05 02:51:44.567000+00:00;55;1256;12;10001
2025-04-05 02:51:44.567000+00:00;63;1256;5;10001
2025-04-05 02:51:44.567000+00:00;87;1256;18;10001
2025-04-05 02:51:53.879000+00:00;1;1256;10;10001
2025-04-05 02:51:53.879000+00:00;6;1256;12;10001
2025-04-05 02:51:53.879000+00:00;10;1256;14;10001
2025-04-05 02:51:53.879000+00:00;12;1256;16;10001
2025-04-05 02:51:53.879000+00:00;14;1256;9;10001
2025-04-05 02:51:53.879000+00:00;18;1256;11;10001
2025-04-05 02:51:53.879000+00:00;23;1256;17;10001
2025-04-05 02:51:53.879000+00:00;27;1256;15;10001
2025-04-05 02:51:53.879000+00:00;30;1256;8;10001
2025-04-05 02:51:53.879000+00:00;31;1256;7;10001
2025-04-05 02:51:53.879000+00:00;55;1256;13;10001
2025-04-05 02:52:13.129000+00:00;4;1256;4;10001
2025-04-05 02:52:13.129000+00:00;16;1256;2;10001
2025-04-05 02:52:13.129000+00:00;44;1256;3;10001
2025-04-05 02:52:13.129000+00:00;81;1256;1;10001
2025-04-05 02:52:21.567000+00:00;14;1256;6;10001
2025-04-05 02:52:21.567000+00:00;22;1256;7;10001
2025-04-05 02:52:21.567000+00:00;30;1256;9;10001
2025-04-05 02:52:21.567000+00:00;31;1256;8;10001
2025-04-05 02:52:28.083000+00:00;5;1256;20;10001
2025-04-05 02:52:28.083000+00:00;7;1256;18;10001
2025-04-05 02:52:28.083000+00:00;87;1256;19;10001
2025-04-05 02:52:44.430000+00:00;1;1256;11;10001
2025-04-05 02:52:44.430000+00:00;6;1256;13;10001
2025-04-05 02:52:44.430000+00:00;10;1256;8;10001
2025-04-05 02:52:44.430000+00:00;18;1256;12;10001
2025-04-05 02:52:44.430000+00:00;30;1256;10;10001
2025-04-05 02:52:44.430000+00:00;31;1256;9;10001
2025-04-05 02:52:44.430000+00:00;55;1256;14;10001
2025-04-05 02:52:56.320000+00:00;1;1256;12;10001
2025-04-05 02:52:56.320000+00:00;6;1256;14;10001
2025-04-05 02:52:56.320000+00:00;7;1256;19;10001
2025-04-05 02:52:56.320000+00:00;10;1256;9;10001
2025-04-05 02:52:56.320000+00:00;12;1256;17;10001
2025-04-05 02:52:56.320000+00:00;18;1256;13;10001
2025-04-05 02:52:56.320000+00:00;23;1256;18;10001
2025-04-05 02:52:56.320000+00:00;27;1256;16;10001
2025-04-05 02:52:56.320000+00:00;30;1256;11;10001
2025-04-05 02:52:56.320000+00:00;31;1256;10;10001
2025-04-05 02:52:56.320000+00:00;55;1256;15;10001
2025-04-05 02:52:56.320000+00:00;87;1256;8;10001
2025-04-05 02:53:17.417000+00:00;4;1256;2;10001
2025-04-05 02:53:17.417000+00:00;16;1256;3;10001
2025-04-05 02:53:17.417000+00:00;44;1256;4;10001
2025-04-05 02:54:14.578000+00:00;4;1256;3;10001
2025-04-05 02:54:14.578000+00:00;16;1256;2;10001
2025-04-05 02:55:33.422000+00:00;1;1256;13;10001
2025-04-05 02:55:33.422000+00:00;6;1256;6;10001
2025-04-05 02:55:33.422000+00:00;10;1256;10;10001
2025-04-05 02:55:33.422000+00:00;14;1256;7;10001
2025-04-05 02:55:33.422000+00:00;18;1256;14;10001
2025-04-05 02:55:33.422000+00:00;22;1256;8;10001
2025-04-05 02:55:33.422000+00:00;30;1256;12;10001
2025-04-05 02:55:33.422000+00:00;31;1256;11;10001
2025-04-05 02:55:33.422000+00:00;87;1256;9;10001
2025-04-05 02:55:46.938000+00:00;6;1256;7;10001
2025-04-05 02:55:46.938000+00:00;14;1256;8;10001
2025-04-05 02:55:46.938000+00:00;22;1256;5;10001
2025-04-05 02:55:46.938000+00:00;63;1256;6;10001
2025-04-05 02:56:50.888000+00:00;1;1256;14;10001
2025-04-05 02:56:50.888000+00:00;12;1256;18;10001
2025-04-05 02:56:50.888000+00:00;18;1256;15;10001
2025-04-05 02:56:50.888000+00:00;23;1256;11;10001
2025-04-05 02:56:50.888000+00:00;27;1256;17;10001
2025-04-05 02:56:50.888000+00:00;30;1256;13;10001
2025-04-05 02:56:50.888000+00:00;31;1256;12;10001
2025-04-05 02:56:50.888000+00:00;55;1256;16;10001
2025-04-05 02:58:26.811000+00:00;22;1256;6;10001
2025-04-05 02:58:26.811000+00:00;63;1256;5;10001
2025-04-05 02:58:35.748000+00:00;1;1256;15;10001
2025-04-05 02:58:35.748000+00:00;7;1256;14;10001
2025-04-05 02:58:35.748000+00:00;12;1256;19;10001
2025-04-05 02:58:35.748000+00:00;18;1256;16;10001
2025-04-05 02:58:35.748000+00:00;27;1256;18;10001
2025-04-05 02:58:35.748000+00:00;55;1256;17;10001
2025-04-05 02:58:59.452000+00:00;6;1256;8;10001
2025-04-05 02:58:59.452000+00:00;10;1256;7;10001
2025-04-05 02:58:59.452000+00:00;14;1256;9;10001
2025-04-05 02:58:59.452000+00:00;87;1256;10;10001
2025-04-05 03:00:04.890000+00:00;1;1256;16;10001
2025-04-05 03:00:04.890000+00:00;5;1256;11;10001
2025-04-05 03:00:04.890000+00:00;7;1256;15;10001
2025-04-05 03:00:04.890000+00:00;12;1256;20;10001
2025-04-05 03:00:04.890000+00:00;18;1256;17;10001
2025-04-05 03:00:04.890000+00:00;23;1256;12;10001
2025-04-05 03:00:04.890000+00:00;27;1256;19;10001
2025-04-05 03:00:04.890000+00:00;30;1256;14;10001
2025-04-05 03:00:04.890000+00:00;31;1256;13;10001
2025-04-05 03:00:04.890000+00:00;55;1256;18;10001
2025-04-05 03:04:58.427000+00:00;4;1256;4;10001
2025-04-05 03:04:58.427000+00:00;16;1256;3;10001
2025-04-05 03:04:58.427000+00:00;44;1256;5;10001
2025-04-05 03:04:58.427000+00:00;63;1256;1;10001
2025-04-05 03:04:58.427000+00:00;81;1256;2;10001
2025-04-05 03:06:24.365000+00:00;4;1256;5;10001
2025-04-05 03:06:24.365000+00:00;16;1256;4;10001
2025-04-05 03:06:24.365000+00:00;44;1256;2;10001
2025-04-05 03:06:24.365000+00:00;81;1256;3;10001
2025-04-05 03:07:09.100000+00:00;16;1256;2;10001
2025-04-05 03:07:09.100000+00:00;44;1256;3;10001
2025-04-05 03:07:09.100000+00:00;81;1256;4;10001
2025-04-05 03:09:30.257000+00:00;1;1256;17;10001
2025-04-05 03:09:30.257000+00:00;7;1256;16;10001
2025-04-05 03:09:30.257000+00:00;18;1256;15;10001
2025-04-05 03:14:11.181000+00:00;4;1256;6;10001
2025-04-05 03:14:11.181000+00:00;22;1256;5;10001
2025-04-05 03:15:43.213000+00:00;1;1256;4;10001
2025-04-05 03:15:43.213000+00:00;4;1256;7;10001
2025-04-05 03:15:43.213000+00:00;5;1256;12;10001
2025-04-05 03:15:43.213000+00:00;6;1256;9;10001
2025-04-05 03:15:43.213000+00:00;7;1256;17;10001
2025-04-05 03:15:43.213000+00:00;10;1256;8;10001
2025-04-05 03:15:43.213000+00:00;14;1256;10;10001
2025-04-05 03:15:43.213000+00:00;18;1256;16;10001
2025-04-05 03:15:43.213000+00:00;22;1256;6;10001
2025-04-05 03:15:43.213000+00:00;23;1256;13;10001
2025-04-05 03:15:43.213000+00:00;30;1256;15;10001
2025-04-05 03:15:43.213000+00:00;31;1256;14;10001
2025-04-05 03:15:43.213000+00:00;81;1256;5;10001
2025-04-05 03:15:43.213000+00:00;87;1256;11;10001
2025-04-05 03:16:21.307000+00:00;1;1256;5;10001
2025-04-05 03:16:21.307000+00:00;16;1256;3;10001
2025-04-05 03:16:21.307000+00:00;44;1256;4;10001
2025-04-05 03:16:21.307000+00:00;63;1256;2;10001
2025-04-05 03:16:21.307000+00:00;81;1256;1;10001
2025-04-05 03:17:14.292000+00:00;1;1256;6;10001
2025-04-05 03:17:14.292000+00:00;4;1256;8;10001
2025-04-05 03:17:14.292000+00:00;10;1256;5;10001
2025-04-05 03:17:14.292000+00:00;22;1256;7;10001
2025-04-05 03:17:45.277000+00:00;5;1256;13;10001
2025-04-05 03:17:45.277000+00:00;7;1256;10;10001
2025-04-05 03:17:45.277000+00:00;14;1256;11;10001
2025-04-05 03:17:45.277000+00:00;18;1256;17;10001
2025-04-05 03:17:45.277000+00:00;23;1256;14;10001
2025-04-05 03:17:45.277000+00:00;30;1256;16;10001
2025-04-05 03:17:45.277000+00:00;31;1256;15;10001
2025-04-05 03:17:45.277000+00:00;87;1256;12;10001
2025-04-05 03:18:14.918000+00:00;5;1256;14;10001
2025-04-05 03:18:14.918000+00:00;6;1256;10;10001
2025-04-05 03:18:14.918000+00:00;7;1256;11;10001
2025-04-05 03:18:14.918000+00:00;12;1256;9;10001
2025-04-05 03:18:14.918000+00:00;14;1256;12;10001
2025-04-05 03:18:14.918000+00:00;18;1256;18;10001
2025-04-05 03:18:14.918000+00:00;23;1256;15;10001
2025-04-05 03:18:14.918000+00:00;27;1256;20;10001
2025-04-05 03:18:14.918000+00:00;30;1256;17;10001
2025-04-05 03:18:14.918000+00:00;31;1256;16;10001
2025-04-05 03:18:14.918000+00:00;55;1256;19;10001
2025-04-05 03:18:14.918000+00:00;87;1256;13;10001
2025-04-05 03:18:34.996000+00:00;5;1256;15;10001
2025-04-05 03:18:34.996000+00:00;6;1256;11;10001
2025-04-05 03:18:34.996000+00:00;7;1256;12;10001
2025-04-05 03:18:34.996000+00:00;12;1256;10;10001
2025-04-05 03:18:34.996000+00:00;14;1256;13;10001
2025-04-05 03:18:34.996000+00:00;18;1256;19;10001
2025-04-05 03:18:34.996000+00:00;23;1256;16;10001
2025-04-05 03:18:34.996000+00:00;30;1256;18;10001
2025-04-05 03:18:34.996000+00:00;31;1256;17;10001
2025-04-05 03:18:34.996000+00:00;55;1256;9;10001
2025-04-05 03:18:34.996000+00:00;87;1256;14;10001
2025-04-05 03:18:40.762000+00:00;1;1256;7;10001
2025-04-05 03:18:40.762000+00:00;4;1256;9;10001
2025-04-05 03:18:40.762000+00:00;5;1256;16;10001
2025-04-05 03:18:40.762000+00:00;6;1256;12;10001
2025-04-05 03:18:40.762000+00:00;7;1256;13;10001
2025-04-05 03:18:40.762000+00:00;10;1256;6;10001
2025-04-05 03:18:40.762000+00:00;12;1256;11;10001
2025-04-05 03:18:40.762000+00:00;14;1256;14;10001
2025-04-05 03:18:40.762000+00:00;22;1256;8;10001
2025-04-05 03:18:40.762000+00:00;23;1256;5;10001
2025-04-05 03:18:40.762000+00:00;55;1256;10;10001
2025-04-05 03:18:40.762000+00:00;87;1256;15;10001
2025-04-05 03:20:08.309000+00:00;4;1256;10;10001
2025-04-05 03:20:08.309000+00:00;6;1256;9;10001
2025-04-05 03:20:08.309000+00:00;12;1256;12;10001
2025-04-05 03:20:08.309000+00:00;55;1256;11;10001
2025-04-05 03:20:55.060000+00:00;5;1256;17;10001
2025-04-05 03:20:55.060000+00:00;7;1256;14;10001
2025-04-05 03:20:55.060000+00:00;12;1256;13;10001
2025-04-05 03:20:55.060000+00:00;14;1256;15;10001
2025-04-05 03:20:55.060000+00:00;30;1256;12;10001
2025-04-05 03:20:55.060000+00:00;31;1256;18;10001
2025-04-05 03:20:55.060000+00:00;87;1256;16;10001
2025-04-05 03:21:26.263000+00:00;1;1256;8;10001
2025-04-05 03:21:26.263000+00:00;4;1256;1;10001
2025-04-05 03:21:26.263000+00:00;6;1256;10;10001
2025-04-05 03:21:26.263000+00:00;10;1256;7;10001
2025-04-05 03:21:26.263000+00:00;16;1256;4;10001
2025-04-05 03:21:26.263000+00:00;22;1256;9;10001
2025-04-05 03:21:26.263000+00:00;23;1256;6;10001
2025-04-05 03:21:26.263000+00:00;44;1256;5;10001
2025-04-05 03:21:26.263000+00:00;63;1256;3;10001
2025-04-05 03:21:26.263000+00:00;81;1256;2;10001
2025-04-05 03:22:50.842000+00:00;1;1256;5;10001
2025-04-05 03:22:50.842000+00:00;10;1256;8;10001
2025-04-05 03:22:50.842000+00:00;23;1256;7;10001
2025-04-05 03:22:50.842000+00:00;44;1256;6;10001
2025-04-05 05:46:31.020000+00:00;1;1256;5;10002
2025-04-05 05:46:31.020000+00:00;4;1256;1;10002
2025-04-05 05:46:31.020000+00:00;5;1256;17;10002
2025-04-05 05:46:31.020000+00:00;6;1256;10;10002
2025-04-05 05:46:31.020000+00:00;7;1256;14;10002
2025-04-05 05:46:31.020000+00:00;10;1256;8;10002
2025-04-05 05:46:31.020000+00:00;12;1256;13;10002
2025-04-05 05:46:31.020000+00:00;14;1256;15;10002
2025-04-05 05:46:31.020000+00:00;16;1256;4;10002
2025-04-05 05:46:31.020000+00:00;18;1256;19;10002
2025-04-05 05:46:31.020000+00:00;22;1256;9;10002
2025-04-05 05:46:31.020000+00:00;23;1256;7;10002
2025-04-05 05:46:31.020000+00:00;27;1256;20;10002
2025-04-05 05:46:31.020000+00:00;30;1256;12;10002
2025-04-05 05:46:31.020000+00:00;31;1256;18;10002
2025-04-05 05:46:31.020000+00:00;44;1256;6;10002
2025-04-05 05:46:31.020000+00:00;55;1256;11;10002
2025-04-05 05:46:31.020000+00:00;63;1256;3;10002
2025-04-05 05:46:31.020000+00:00;81;1256;2;10002
2025-04-05 05:46:31.020000+00:00;87;1256;16;10002
2025-04-05 06:00:03.708000+00:00;1;1256;6;10002
2025-04-05 06:00:03.708000+00:00;4;1256;2;10002
2025-04-05 06:00:03.708000+00:00;5;1256;18;10002
2025-04-05 06:00:03.708000+00:00;6;1256;11;10002
2025-04-05 06:00:03.708000+00:00;7;1256;15;10002
2025-04-05 06:00:03.708000+00:00;10;1256;9;10002
2025-04-05 06:00:03.708000+00:00;12;1256;14;10002
2025-04-05 06:00:03.708000+00:00;14;1256;16;10002
2025-04-05 06:00:03.708000+00:00;16;1256;5;10002
2025-04-05 06:00:03.708000+00:00;22;1256;10;10002
2025-04-05 06:00:03.708000+00:00;23;1256;8;10002
2025-04-05 06:00:03.708000+00:00;30;1256;13;10002
2025-04-05 06:00:03.708000+00:00;31;1256;1;10002
2025-04-05 06:00:03.708000+00:00;44;1256;7;10002
2025-04-05 06:00:03.708000+00:00;55;1256;12;10002
2025-04-05 06:00:03.708000+00:00;63;1256;4;10002
2025-04-05 06:00:03.708000+00:00;81;1256;3;10002
2025-04-05 06:00:03.708000+00:00;87;1256;17;10002
2025-04-05 06:00:12.146000+00:00;1;1256;7;10002
2025-04-05 06:00:12.146000+00:00;4;1256;3;10002
2025-04-05 06:00:12.146000+00:00;6;1256;12;10002
2025-04-05 06:00:12.146000+00:00;7;1256;16;10002
2025-04-05 06:00:12.146000+00:00;10;1256;10;10002
2025-04-05 06:00:12.146000+00:00;12;1256;15;10002
2025-04-05 06:00:12.146000+00:00;14;1256;17;10002
2025-04-05 06:00:12.146000+00:00;16;1256;6;10002
2025-04-05 06:00:12.146000+00:00;22;1256;11;10002
2025-04-05 06:00:12.146000+00:00;23;1256;9;10002
2025-04-05 06:00:12.146000+00:00;30;1256;14;10002
2025-04-05 06:00:12.146000+00:00;31;1256;2;10002
2025-04-05 06:00:12.146000+00:00;44;1256;8;10002
2025-04-05 06:00:12.146000+00:00;55;1256;13;10002
2025-04-05 06:00:12.146000+00:00;63;1256;5;10002
2025-04-05 06:00:12.146000+00:00;81;1256;4;10002
2025-04-05 06:00:12.146000+00:00;87;1256;1;10002
2025-04-05 06:00:17.880000+00:00;1;1256;8;10002
2025-04-05 06:00:17.880000+00:00;4;1256;4;10002
2025-04-05 06:00:17.880000+00:00;6;1256;13;10002
2025-04-05 06:00:17.880000+00:00;7;1256;1;10002
2025-04-05 06:00:17.880000+00:00;10;1256;11;10002
2025-04-05 06:00:17.880000+00:00;12;1256;16;10002
2025-04-05 06:00:17.880000+00:00;16;1256;7;10002
2025-04-05 06:00:17.880000+00:00;22;1256;12;10002
2025-04-05 06:00:17.880000+00:00;23;1256;10;10002
2025-04-05 06:00:17.880000+00:00;30;1256;15;10002
2025-04-05 06:00:17.880000+00:00;31;1256;3;10002
2025-04-05 06:00:17.880000+00:00;44;1256;9;10002
2025-04-05 06:00:17.880000+00:00;55;1256;14;10002
2025-04-05 06:00:17.880000+00:00;63;1256;6;10002
2025-04-05 06:00:17.880000+00:00;81;1256;5;10002
2025-04-05 06:00:17.880000+00:00;87;1256;2;10002
2025-04-05 06:00:21.302000+00:00;1;1256;9;10002
2025-04-05 06:00:21.302000+00:00;4;1256;5;10002
2025-04-05 06:00:21.302000+00:00;6;1256;14;10002
2025-04-05 06:00:21.302000+00:00;7;1256;2;10002
2025-04-05 06:00:21.302000+00:00;10;1256;12;10002
2025-04-05 06:00:21.302000+00:00;16;1256;8;10002
2025-04-05 06:00:21.302000+00:00;22;1256;13;10002
2025-04-05 06:00:21.302000+00:00;23;1256;11;10002
2025-04-05 06:00:21.302000+00:00;31;1256;4;10002
2025-04-05 06:00:21.302000+00:00;44;1256;10;10002
2025-04-05 06:00:21.302000+00:00;55;1256;1;10002
2025-04-05 06:00:21.302000+00:00;63;1256;7;10002
2025-04-05 06:00:21.302000+00:00;81;1256;6;10002
2025-04-05 06:00:21.302000+00:00;87;1256;3;10002
2025-04-05 06:00:41.755000+00:00;1;1256;10;10002
2025-04-05 06:00:41.755000+00:00;4;1256;6;10002
2025-04-05 06:00:41.755000+00:00;5;1256;19;10002
2025-04-05 06:00:41.755000+00:00;6;1256;15;10002
2025-04-05 06:00:41.755000+00:00;10;1256;13;10002
2025-04-05 06:00:41.755000+00:00;12;1256;17;10002
2025-04-05 06:00:41.755000+00:00;14;1256;18;10002
2025-04-05 06:00:41.755000+00:00;16;1256;9;10002
2025-04-05 06:00:41.755000+00:00;18;1256;20;10002
2025-04-05 06:00:41.755000+00:00;22;1256;14;10002
2025-04-05 06:00:41.755000+00:00;23;1256;12;10002
2025-04-05 06:00:41.755000+00:00;27;1256;5;10002
2025-04-05 06:00:41.755000+00:00;30;1256;16;10002
2025-04-05 06:00:41.755000+00:00;44;1256;11;10002
2025-04-05 06:00:41.755000+00:00;63;1256;8;10002
2025-04-05 06:00:41.755000+00:00;81;1256;7;10002
2025-04-05 06:00:56.443000+00:00;1;1256;11;10002
2025-04-05 06:00:56.443000+00:00;4;1256;7;10002
2025-04-05 06:00:56.443000+00:00;5;1256;4;10002
2025-04-05 06:00:56.443000+00:00;6;1256;16;10002
2025-04-05 06:00:56.443000+00:00;10;1256;14;10002
2025-04-05 06:00:56.443000+00:00;12;1256;18;10002
2025-04-05 06:00:56.443000+00:00;14;1256;19;10002
2025-04-05 06:00:56.443000+00:00;16;1256;10;10002
2025-04-05 06:00:56.443000+00:00;22;1256;15;10002
2025-04-05 06:00:56.443000+00:00;23;1256;13;10002
2025-04-05 06:00:56.443000+00:00;27;1256;6;10002
2025-04-05 06:00:56.443000+00:00;30;1256;17;10002
2025-04-05 06:00:56.443000+00:00;31;1256;5;10002
2025-04-05 06:00:56.443000+00:00;44;1256;12;10002
2025-04-05 06:00:56.443000+00:00;63;1256;9;10002
2025-04-05 06:00:56.443000+00:00;81;1256;8;10002
2025-04-05 06:01:06.224000+00:00;4;1256;8;10002
2025-04-05 06:01:06.224000+00:00;5;1256;5;10002
2025-04-05 06:01:06.224000+00:00;7;1256;3;10002
2025-04-05 06:01:06.224000+00:00;16;1256;1;10002
2025-04-05 06:01:06.224000+00:00;27;1256;7;10002
2025-04-05 06:01:06.224000+00:00;31;1256;6;10002
2025-04-05 06:01:06.224000+00:00;55;1256;2;10002
2025-04-05 06:01:06.224000+00:00;63;1256;10;10002
2025-04-05 06:01:06.224000+00:00;81;1256;9;10002
2025-04-05 06:01:06.224000+00:00;87;1256;4;10002
2025-04-05 06:01:16.755000+00:00;1;1256;12;10002
2025-04-05 06:01:16.755000+00:00;4;1256;9;10002
2025-04-05 06:01:16.755000+00:00;5;1256;6;10002
2025-04-05 06:01:16.755000+00:00;7;1256;4;10002
2025-04-05 06:01:16.755000+00:00;27;1256;8;10002
2025-04-05 06:01:16.755000+00:00;31;1256;7;10002
2025-04-05 06:01:16.755000+00:00;44;1256;2;10002
2025-04-05 06:01:16.755000+00:00;55;1256;3;10002
2025-04-05 06:01:16.755000+00:00;63;1256;11;10002
2025-04-05 06:01:16.755000+00:00;81;1256;10;10002
2025-04-05 06:01:16.755000+00:00;87;1256;5;10002
2025-04-05 06:01:28.881000+00:00;4;1256;1;10002
2025-04-05 06:01:28.881000+00:00;5;1256;7;10002
2025-04-05 06:01:28.881000+00:00;7;1256;5;10002
2025-04-05 06:01:28.881000+00:00;16;1256;2;10002
2025-04-05 06:01:28.881000+00:00;27;1256;9;10002
2025-04-05 06:01:28.881000+00:00;31;1256;8;10002
2025-04-05 06:01:28.881000+00:00;44;1256;3;10002
2025-04-05 06:01:28.881000+00:00;55;1256;4;10002
2025-04-05 06:01:28.881000+00:00;87;1256;6;10002
2025-04-05 06:01:37.131000+00:00;1;1256;13;10002
2025-04-05 06:01:37.131000+00:00;5;1256;8;10002
2025-04-05 06:01:37.131000+00:00;7;1256;6;10002
2025-04-05 06:01:37.131000+00:00;23;1256;4;10002
2025-04-05 06:01:37.131000+00:00;27;1256;10;10002
2025-04-05 06:01:37.131000+00:00;31;1256;9;10002
2025-04-05 06:01:37.131000+00:00;55;1256;5;10002
2025-04-05 06:01:37.131000+00:00;63;1256;12;10002
2025-04-05 06:01:37.131000+00:00;81;1256;11;10002
2025-04-05 06:01:37.131000+00:00;87;1256;7;10002
2025-04-05 06:01:54.928000+00:00;4;1256;2;10002
2025-04-05 06:01:54.928000+00:00;5;1256;9;10002
2025-04-05 06:01:54.928000+00:00;7;1256;7;10002
2025-04-05 06:01:54.928000+00:00;16;1256;3;10002
2025-04-05 06:01:54.928000+00:00;23;1256;5;10002
2025-04-05 06:01:54.928000+00:00;31;1256;1;10002
2025-04-05 06:01:54.928000+00:00;44;1256;4;10002
2025-04-05 06:01:54.928000+00:00;55;1256;6;10002
2025-04-05 06:01:54.928000+00:00;87;1256;8;10002
2025-04-05 06:01:57.349000+00:00;1;1256;14;10002
2025-04-05 06:01:57.349000+00:00;5;1256;10;10002
2025-04-05 06:01:57.349000+00:00;7;1256;8;10002
2025-04-05 06:01:57.349000+00:00;10;1256;15;10002
2025-04-05 06:01:57.349000+00:00;22;1256;6;10002
2025-04-05 06:01:57.349000+00:00;27;1256;11;10002
2025-04-05 06:01:57.349000+00:00;55;1256;7;10002
2025-04-05 06:01:57.349000+00:00;63;1256;13;10002
2025-04-05 06:01:57.349000+00:00;81;1256;12;10002
2025-04-05 06:01:57.349000+00:00;87;1256;9;10002
2025-04-05 06:02:02.428000+00:00;4;1256;3;10002
2025-04-05 06:02:02.428000+00:00;7;1256;9;10002
2025-04-05 06:02:02.428000+00:00;16;1256;4;10002
2025-04-05 06:02:02.428000+00:00;22;1256;7;10002
2025-04-05 06:02:02.428000+00:00;23;1256;6;10002
2025-04-05 06:02:02.428000+00:00;31;1256;2;10002
2025-04-05 06:02:02.428000+00:00;44;1256;5;10002
2025-04-05 06:02:02.428000+00:00;55;1256;8;10002
2025-04-05 06:02:02.428000+00:00;87;1256;1;10002
2025-04-05 06:02:10.990000+00:00;4;1256;4;10002
2025-04-05 06:02:10.990000+00:00;7;1256;1;10002
2025-04-05 06:02:10.990000+00:00;16;1256;5;10002
2025-04-05 06:02:10.990000+00:00;22;1256;8;10002
2025-04-05 06:02:10.990000+00:00;23;1256;7;10002
2025-04-05 06:02:10.990000+00:00;31;1256;3;10002
2025-04-05 06:02:10.990000+00:00;44;1256;6;10002
2025-04-05 06:02:10.990000+00:00;55;1256;9;10002
2025-04-05 06:02:10.990000+00:00;87;1256;2;10002
2025-04-05 06:02:18.568000+00:00;4;1256;5;10002
2025-04-05 06:02:18.568000+00:00;7;1256;2;10002
2025-04-05 06:02:18.568000+00:00;16;1256;6;10002
2025-04-05 06:02:18.568000+00:00;22;1256;9;10002
2025-04-05 06:02:18.568000+00:00;23;1256;8;10002
2025-04-05 06:02:18.568000+00:00;31;1256;4;10002
2025-04-05 06:02:18.568000+00:00;44;1256;7;10002
2025-04-05 06:02:18.568000+00:00;55;1256;1;10002
2025-04-05 06:02:18.568000+00:00;87;1256;3;10002
2025-04-05 06:02:28.131000+00:00;4;1256;6;10002
2025-04-05 06:02:28.131000+00:00;5;1256;11;10002
2025-04-05 06:02:28.131000+00:00;16;1256;7;10002
2025-04-05 06:02:28.131000+00:00;22;1256;10;10002
2025-04-05 06:02:28.131000+00:00;23;1256;9;10002
2025-04-05 06:02:28.131000+00:00;27;1256;5;10002
2025-04-05 06:02:28.131000+00:00;44;1256;8;10002
2025-04-05 06:02:39.740000+00:00;4;1256;7;10002
2025-04-05 06:02:39.740000+00:00;5;1256;4;10002
2025-04-05 06:02:39.740000+00:00;16;1256;8;10002
2025-04-05 06:02:39.740000+00:00;22;1256;11;10002
2025-04-05 06:02:39.740000+00:00;23;1256;10;10002
2025-04-05 06:02:39.740000+00:00;27;1256;6;10002
2025-04-05 06:02:39.740000+00:00;31;1256;5;10002
2025-04-05 06:02:39.740000+00:00;44;1256;9;10002
2025-04-05 06:02:48.741000+00:00;1;1256;9;10002
2025-04-05 06:02:48.741000+00:00;22;1256;12;10002
2025-04-05 06:02:48.741000+00:00;23;1256;11;10002
2025-04-05 06:02:48.741000+00:00;44;1256;10;10002
2025-04-05 06:02:48.741000+00:00;63;1256;14;10002
2025-04-05 06:02:48.741000+00:00;81;1256;13;10002
2025-04-05 06:02:52.131000+00:00;4;1256;8;10002
2025-04-05 06:02:52.131000+00:00;5;1256;5;10002
2025-04-05 06:02:52.131000+00:00;7;1256;3;10002
2025-04-05 06:02:52.131000+00:00;16;1256;1;10002
2025-04-05 06:02:52.131000+00:00;27;1256;7;10002
2025-04-05 06:02:52.131000+00:00;31;1256;6;10002
2025-04-05 06:02:52.131000+00:00;55;1256;2;10002
2025-04-05 06:02:52.131000+00:00;87;1256;4;10002
2025-04-05 06:02:59.491000+00:00;1;1256;10;10002
2025-04-05 06:02:59.491000+00:00;4;1256;9;10002
2025-04-05 06:02:59.491000+00:00;5;1256;6;10002
2025-04-05 06:02:59.491000+00:00;7;1256;4;10002
2025-04-05 06:02:59.491000+00:00;27;1256;8;10002
2025-04-05 06:02:59.491000+00:00;31;1256;7;10002
2025-04-05 06:02:59.491000+00:00;44;1256;2;10002
2025-04-05 06:02:59.491000+00:00;55;1256;3;10002
2025-04-05 06:02:59.491000+00:00;87;1256;5;10002
2025-04-05 06:03:11.819000+00:00;4;1256;1;10002
2025-04-05 06:03:11.819000+00:00;5;1256;7;10002
2025-04-05 06:03:11.819000+00:00;7;1256;5;10002
2025-04-05 06:03:11.819000+00:00;16;1256;2;10002
2025-04-05 06:03:11.819000+00:00;27;1256;9;10002
2025-04-05 06:03:11.819000+00:00;31;1256;8;10002
2025-04-05 06:03:11.819000+00:00;44;1256;3;10002
2025-04-05 06:03:11.819000+00:00;55;1256;4;10002
2025-04-05 06:03:11.819000+00:00;87;1256;6;10002
2025-04-05 06:03:23.678000+00:00;1;1256;11;10002
2025-04-05 06:03:23.678000+00:00;22;1256;13;10002
2025-04-05 06:03:23.678000+00:00;23;1256;12;10002
2025-04-05 06:03:23.678000+00:00;81;1256;10;10002
2025-04-05 06:03:24.710000+00:00;4;1256;2;10002
2025-04-05 06:03:24.710000+00:00;5;1256;8;10002
2025-04-05 06:03:24.710000+00:00;7;1256;6;10002
2025-04-05 06:03:24.710000+00:00;16;1256;3;10002
2025-04-05 06:03:24.710000+00:00;31;1256;1;10002
2025-04-05 06:03:24.710000+00:00;44;1256;4;10002
2025-04-05 06:03:24.710000+00:00;55;1256;5;10002
2025-04-05 06:03:24.710000+00:00;87;1256;7;10002
2025-04-05 06:03:26.303000+00:00;1;1256;12;10002
2025-04-05 06:03:26.303000+00:00;5;1256;9;10002
2025-04-05 06:03:26.303000+00:00;7;1256;7;10002
2025-04-05 06:03:26.303000+00:00;23;1256;5;10002
2025-04-05 06:03:26.303000+00:00;27;1256;10;10002
2025-04-05 06:03:26.303000+00:00;55;1256;6;10002
2025-04-05 06:03:26.303000+00:00;81;1256;11;10002
2025-04-05 06:03:26.303000+00:00;87;1256;8;10002
2025-04-05 06:03:31.022000+00:00;6;1256;17;10002
2025-04-05 06:03:31.022000+00:00;10;1256;16;10002
2025-04-05 06:03:31.022000+00:00;12;1256;19;10002
2025-04-05 06:03:31.022000+00:00;14;1256;20;10002
2025-04-05 06:03:31.022000+00:00;18;1256;14;10002
2025-04-05 06:03:31.022000+00:00;30;1256;18;10002
2025-04-05 06:03:31.022000+00:00;63;1256;15;10002
2025-04-05 06:03:31.741000+00:00;4;1256;3;10002
2025-04-05 06:03:31.741000+00:00;7;1256;8;10002
2025-04-05 06:03:31.741000+00:00;16;1256;4;10002
2025-04-05 06:03:31.741000+00:00;23;1256;6;10002
2025-04-05 06:03:31.741000+00:00;31;1256;2;10002
2025-04-05 06:03:31.741000+00:00;44;1256;5;10002
2025-04-05 06:03:31.741000+00:00;55;1256;7;10002
2025-04-05 06:03:31.741000+00:00;87;1256;1;10002
2025-04-05 06:03:40.835000+00:00;4;1256;4;10002
2025-04-05 06:03:40.835000+00:00;7;1256;3;10002
2025-04-05 06:03:40.835000+00:00;16;1256;5;10002
2025-04-05 06:03:40.835000+00:00;23;1256;7;10002
2025-04-05 06:03:40.835000+00:00;44;1256;6;10002
2025-04-05 06:03:40.835000+00:00;55;1256;8;10002
2025-04-05 06:03:41.444000+00:00;6;1256;18;10002
2025-04-05 06:03:41.444000+00:00;10;1256;17;10002
2025-04-05 06:03:41.444000+00:00;12;1256;20;10002
2025-04-05 06:03:41.444000+00:00;14;1256;14;10002
2025-04-05 06:03:41.444000+00:00;18;1256;15;10002
2025-04-05 06:03:41.444000+00:00;30;1256;19;10002
2025-04-05 06:03:41.444000+00:00;63;1256;16;10002
2025-04-05 06:03:48.288000+00:00;4;1256;5;10002
2025-04-05 06:03:48.288000+00:00;7;1256;4;10002
2025-04-05 06:03:48.288000+00:00;16;1256;6;10002
2025-04-05 06:03:48.288000+00:00;23;1256;8;10002
2025-04-05 06:03:48.288000+00:00;31;1256;3;10002
2025-04-05 06:03:48.288000+00:00;44;1256;7;10002
2025-04-05 06:03:48.288000+00:00;55;1256;2;10002
2025-04-05 06:03:48.600000+00:00;1;1256;13;10002
2025-04-05 06:03:48.600000+00:00;14;1256;15;10002
2025-04-05 06:03:48.600000+00:00;18;1256;16;10002
2025-04-05 06:03:48.600000+00:00;22;1256;14;10002
2025-04-05 06:03:48.600000+00:00;63;1256;12;10002
2025-04-05 06:03:53.132000+00:00;6;1256;19;10002
2025-04-05 06:03:53.132000+00:00;10;1256;18;10002
2025-04-05 06:03:53.132000+00:00;12;1256;15;10002
2025-04-05 06:03:53.132000+00:00;14;1256;16;10002
2025-04-05 06:03:53.132000+00:00;18;1256;17;10002
2025-04-05 06:03:53.132000+00:00;30;1256;20;10002
2025-04-05 06:03:57.522000+00:00;4;1256;6;10002
2025-04-05 06:03:57.522000+00:00;5;1256;10;10002
2025-04-05 06:03:57.522000+00:00;7;1256;5;10002
2025-04-05 06:03:57.522000+00:00;16;1256;7;10002
2025-04-05 06:03:57.522000+00:00;23;1256;9;10002
2025-04-05 06:03:57.522000+00:00;27;1256;2;10002
2025-04-05 06:03:57.522000+00:00;31;1256;4;10002
2025-04-05 06:03:57.522000+00:00;44;1256;8;10002
2025-04-05 06:03:57.522000+00:00;55;1256;3;10002
2025-04-05 06:04:06.210000+00:00;1;1256;14;10002
2025-04-05 06:04:06.210000+00:00;5;1256;11;10002
2025-04-05 06:04:06.210000+00:00;22;1256;10;10002
2025-04-05 06:04:06.210000+00:00;63;1256;13;10002
2025-04-05 06:04:06.210000+00:00;81;1256;12;10002
2025-04-05 06:04:09.194000+00:00;4;1256;7;10002
2025-04-05 06:04:09.194000+00:00;5;1256;1;10002
2025-04-05 06:04:09.194000+00:00;7;1256;6;10002
2025-04-05 06:04:09.194000+00:00;16;1256;8;10002
2025-04-05 06:04:09.194000+00:00;22;1256;11;10002
2025-04-05 06:04:09.194000+00:00;23;1256;10;10002
2025-04-05 06:04:09.194000+00:00;27;1256;3;10002
2025-04-05 06:04:09.194000+00:00;31;1256;5;10002
2025-04-05 06:04:09.194000+00:00;44;1256;9;10002
2025-04-05 06:04:09.194000+00:00;55;1256;4;10002
2025-04-05 06:04:09.194000+00:00;87;1256;2;10002
2025-04-05 06:04:20.601000+00:00;4;1256;8;10002
2025-04-05 06:04:20.601000+00:00;5;1256;2;10002
2025-04-05 06:04:20.601000+00:00;7;1256;7;10002
2025-04-05 06:04:20.601000+00:00;16;1256;1;10002
2025-04-05 06:04:20.601000+00:00;27;1256;4;10002
2025-04-05 06:04:20.601000+00:00;31;1256;6;10002
2025-04-05 06:04:20.601000+00:00;55;1256;5;10002
2025-04-05 06:04:20.601000+00:00;87;1256;3;10002
2025-04-05 06:04:28.663000+00:00;4;1256;9;10002
2025-04-05 06:04:28.663000+00:00;5;1256;3;10002
2025-04-05 06:04:28.663000+00:00;7;1256;8;10002
2025-04-05 06:04:28.663000+00:00;27;1256;5;10002
2025-04-05 06:04:28.663000+00:00;31;1256;7;10002
2025-04-05 06:04:28.663000+00:00;44;1256;2;10002
2025-04-05 06:04:28.663000+00:00;55;1256;6;10002
2025-04-05 06:04:28.663000+00:00;87;1256;4;10002
2025-04-05 06:04:40.148000+00:00;4;1256;1;10002
2025-04-05 06:04:40.148000+00:00;5;1256;4;10002
2025-04-05 06:04:40.148000+00:00;7;1256;9;10002
2025-04-05 06:04:40.148000+00:00;16;1256;2;10002
2025-04-05 06:04:40.148000+00:00;27;1256;6;10002
2025-04-05 06:04:40.148000+00:00;31;1256;8;10002
2025-04-05 06:04:40.148000+00:00;44;1256;3;10002
2025-04-05 06:04:40.148000+00:00;55;1256;7;10002
2025-04-05 06:04:40.148000+00:00;87;1256;5;10002
2025-04-05 06:04:42.460000+00:00;10;1256;15;10002
2025-04-05 06:04:42.460000+00:00;12;1256;16;10002
2025-04-05 06:04:42.460000+00:00;14;1256;17;10002
2025-04-05 06:04:42.460000+00:00;18;1256;18;10002
2025-04-05 06:04:49.351000+00:00;1;1256;10;10002
2025-04-05 06:04:49.351000+00:00;22;1256;12;10002
2025-04-05 06:04:49.351000+00:00;23;1256;11;10002
2025-04-05 06:04:49.351000+00:00;63;1256;14;10002
2025-04-05 06:04:49.351000+00:00;81;1256;13;10002
2025-04-05 06:04:51.616000+00:00;6;1256;16;10002
2025-04-05 06:04:51.616000+00:00;12;1256;17;10002
2025-04-05 06:04:51.616000+00:00;14;1256;18;10002
2025-04-05 06:04:51.616000+00:00;18;1256;19;10002
2025-04-05 06:04:55.038000+00:00;1;1256;11;10002
2025-04-05 06:04:55.038000+00:00;5;1256;5;10002
2025-04-05 06:04:55.038000+00:00;7;1256;10;10002
2025-04-05 06:04:55.038000+00:00;23;1256;3;10002
2025-04-05 06:04:55.038000+00:00;27;1256;7;10002
2025-04-05 06:04:55.038000+00:00;31;1256;9;10002
2025-04-05 06:04:55.038000+00:00;44;1256;4;10002
2025-04-05 06:04:55.038000+00:00;55;1256;8;10002
2025-04-05 06:04:55.038000+00:00;87;1256;6;10002
2025-04-05 06:05:02.867000+00:00;12;1256;18;10002
2025-04-05 06:05:02.867000+00:00;14;1256;19;10002
2025-04-05 06:05:02.867000+00:00;18;1256;20;10002
2025-04-05 06:05:02.867000+00:00;30;1256;17;10002
2025-04-05 06:05:14.726000+00:00;1;1256;12;10002
2025-04-05 06:05:14.726000+00:00;22;1256;13;10002
2025-04-05 06:05:14.726000+00:00;81;1256;11;10002
2025-04-05 06:05:30.273000+00:00;6;1256;17;10002
2025-04-05 06:05:30.273000+00:00;10;1256;16;10002
2025-04-05 06:05:30.273000+00:00;12;1256;19;10002
2025-04-05 06:05:30.273000+00:00;14;1256;20;10002
2025-04-05 06:05:30.273000+00:00;18;1256;14;10002
2025-04-05 06:05:30.273000+00:00;30;1256;18;10002
2025-04-05 06:05:30.273000+00:00;63;1256;15;10002
2025-04-05 06:05:34.914000+00:00;1;1256;13;10002
2025-04-05 06:05:34.914000+00:00;5;1256;6;10002
2025-04-05 06:05:34.914000+00:00;7;1256;11;10002
2025-04-05 06:05:34.914000+00:00;22;1256;3;10002
2025-04-05 06:05:34.914000+00:00;23;1256;4;10002
2025-04-05 06:05:34.914000+00:00;27;1256;8;10002
2025-04-05 06:05:34.914000+00:00;31;1256;10;10002
2025-04-05 06:05:34.914000+00:00;44;1256;5;10002
2025-04-05 06:05:34.914000+00:00;55;1256;9;10002
2025-04-05 06:05:34.914000+00:00;81;1256;12;10002
2025-04-05 06:05:34.914000+00:00;87;1256;7;10002
2025-04-05 06:05:36.211000+00:00;6;1256;18;10002
2025-04-05 06:05:36.211000+00:00;10;1256;17;10002
2025-04-05 06:05:36.211000+00:00;12;1256;20;10002
2025-04-05 06:05:36.211000+00:00;14;1256;14;10002
2025-04-05 06:05:36.211000+00:00;18;1256;15;10002
2025-04-05 06:05:36.211000+00:00;30;1256;19;10002
2025-04-05 06:05:36.211000+00:00;63;1256;16;10002
2025-04-05 06:05:44.242000+00:00;1;1256;14;10002
2025-04-05 06:05:44.242000+00:00;14;1256;15;10002
2025-04-05 06:05:44.242000+00:00;18;1256;16;10002
2025-04-05 06:05:44.242000+00:00;63;1256;13;10002
2025-04-05 06:05:53.211000+00:00;6;1256;19;10002
2025-04-05 06:05:53.211000+00:00;10;1256;18;10002
2025-04-05 06:05:53.211000+00:00;12;1256;15;10002
2025-04-05 06:05:53.211000+00:00;14;1256;16;10002
2025-04-05 06:05:53.211000+00:00;18;1256;17;10002
2025-04-05 06:05:53.211000+00:00;30;1256;20;10002
2025-04-05 06:06:17.930000+00:00;1;1256;2;10002
2025-04-05 06:06:17.930000+00:00;5;1256;7;10002
2025-04-05 06:06:17.930000+00:00;7;1256;12;10002
2025-04-05 06:06:17.930000+00:00;16;1256;3;10002
2025-04-05 06:06:17.930000+00:00;22;1256;4;10002
2025-04-05 06:06:17.930000+00:00;23;1256;5;10002
2025-04-05 06:06:17.930000+00:00;27;1256;9;10002
2025-04-05 06:06:17.930000+00:00;31;1256;11;10002
2025-04-05 06:06:17.930000+00:00;44;1256;6;10002
2025-04-05 06:06:17.930000+00:00;55;1256;10;10002
2025-04-05 06:06:17.930000+00:00;63;1256;14;10002
2025-04-05 06:06:17.930000+00:00;81;1256;13;10002
2025-04-05 06:06:17.930000+00:00;87;1256;8;10002
2025-04-05 06:06:34.930000+00:00;10;1256;15;10002
2025-04-05 06:06:34.930000+00:00;12;1256;16;10002
2025-04-05 06:06:34.930000+00:00;14;1256;17;10002
2025-04-05 06:06:34.930000+00:00;18;1256;18;10002
2025-04-05 06:06:42.977000+00:00;1;1256;3;10002
2025-04-05 06:06:42.977000+00:00;4;1256;2;10002
2025-04-05 06:06:42.977000+00:00;5;1256;8;10002
2025-04-05 06:06:42.977000+00:00;7;1256;13;10002
2025-04-05 06:06:42.977000+00:00;16;1256;4;10002
2025-04-05 06:06:42.977000+00:00;22;1256;5;10002
2025-04-05 06:06:42.977000+00:00;23;1256;6;10002
2025-04-05 06:06:42.977000+00:00;27;1256;10;10002
2025-04-05 06:06:42.977000+00:00;31;1256;12;10002
2025-04-05 06:06:42.977000+00:00;44;1256;7;10002
2025-04-05 06:06:42.977000+00:00;55;1256;11;10002
2025-04-05 06:06:42.977000+00:00;81;1256;1;10002
2025-04-05 06:06:42.977000+00:00;87;1256;9;10002
2025-04-05 06:06:47.774000+00:00;6;1256;16;10002
2025-04-05 06:06:47.774000+00:00;12;1256;17;10002
2025-04-05 06:06:47.774000+00:00;14;1256;18;10002
2025-04-05 06:06:47.774000+00:00;18;1256;19;10002
2025-04-05 06:06:54.024000+00:00;12;1256;18;10002
2025-04-05 06:06:54.024000+00:00;14;1256;19;10002
2025-04-05 06:06:54.024000+00:00;18;1256;20;10002
2025-04-05 06:06:54.024000+00:00;30;1256;17;10002
2025-04-05 06:06:59.555000+00:00;5;1256;9;10002
2025-04-05 06:06:59.555000+00:00;6;1256;17;10002
2025-04-05 06:06:59.555000+00:00;7;1256;14;10002
2025-04-05 06:06:59.555000+00:00;10;1256;16;10002
2025-04-05 06:06:59.555000+00:00;12;1256;19;10002
2025-04-05 06:06:59.555000+00:00;14;1256;20;10002
2025-04-05 06:06:59.555000+00:00;18;1256;8;10002
2025-04-05 06:06:59.555000+00:00;27;1256;11;10002
2025-04-05 06:06:59.555000+00:00;30;1256;18;10002
2025-04-05 06:06:59.555000+00:00;31;1256;13;10002
2025-04-05 06:06:59.555000+00:00;55;1256;12;10002
2025-04-05 06:06:59.555000+00:00;63;1256;15;10002
2025-04-05 06:06:59.555000+00:00;87;1256;10;10002
2025-04-05 06:07:05.274000+00:00;5;1256;10;10002
2025-04-05 06:07:05.274000+00:00;6;1256;18;10002
2025-04-05 06:07:05.274000+00:00;7;1256;15;10002
2025-04-05 06:07:05.274000+00:00;10;1256;17;10002
2025-04-05 06:07:05.274000+00:00;12;1256;20;10002
2025-04-05 06:07:05.274000+00:00;14;1256;7;10002
2025-04-05 06:07:05.274000+00:00;18;1256;9;10002
2025-04-05 06:07:05.274000+00:00;27;1256;12;10002
2025-04-05 06:07:05.274000+00:00;30;1256;19;10002
2025-04-05 06:07:05.274000+00:00;31;1256;14;10002
2025-04-05 06:07:05.274000+00:00;44;1256;8;10002
2025-04-05 06:07:05.274000+00:00;55;1256;13;10002
2025-04-05 06:07:05.274000+00:00;63;1256;16;10002
2025-04-05 06:07:05.274000+00:00;87;1256;11;10002
2025-04-05 06:07:12.336000+00:00;1;1256;4;10002
2025-04-05 06:07:12.336000+00:00;4;1256;3;10002
2025-04-05 06:07:12.336000+00:00;5;1256;11;10002
2025-04-05 06:07:12.336000+00:00;7;1256;16;10002
2025-04-05 06:07:12.336000+00:00;14;1256;8;10002
2025-04-05 06:07:12.336000+00:00;16;1256;5;10002
2025-04-05 06:07:12.336000+00:00;18;1256;10;10002
2025-04-05 06:07:12.336000+00:00;22;1256;6;10002
2025-04-05 06:07:12.336000+00:00;23;1256;7;10002
2025-04-05 06:07:12.336000+00:00;27;1256;13;10002
2025-04-05 06:07:12.336000+00:00;31;1256;15;10002
2025-04-05 06:07:12.336000+00:00;44;1256;9;10002
2025-04-05 06:07:12.336000+00:00;55;1256;14;10002
2025-04-05 06:07:12.336000+00:00;63;1256;2;10002
2025-04-05 06:07:12.336000+00:00;87;1256;12;10002
2025-04-05 06:07:22.149000+00:00;5;1256;12;10002
2025-04-05 06:07:22.149000+00:00;6;1256;19;10002
2025-04-05 06:07:22.149000+00:00;7;1256;17;10002
2025-04-05 06:07:22.149000+00:00;10;1256;18;10002
2025-04-05 06:07:22.149000+00:00;12;1256;9;10002
2025-04-05 06:07:22.149000+00:00;18;1256;11;10002
2025-04-05 06:07:22.149000+00:00;27;1256;14;10002
2025-04-05 06:07:22.149000+00:00;30;1256;20;10002
2025-04-05 06:07:22.149000+00:00;31;1256;16;10002
2025-04-05 06:07:22.149000+00:00;44;1256;10;10002
2025-04-05 06:07:22.149000+00:00;55;1256;15;10002
2025-04-05 06:07:22.149000+00:00;87;1256;13;10002
2025-04-05 06:08:03.712000+00:00;5;1256;13;10002
2025-04-05 06:08:03.712000+00:00;7;1256;18;10002
2025-04-05 06:08:03.712000+00:00;10;1256;8;10002
2025-04-05 06:08:03.712000+00:00;12;1256;10;10002
2025-04-05 06:08:03.712000+00:00;14;1256;9;10002
2025-04-05 06:08:03.712000+00:00;18;1256;12;10002
2025-04-05 06:08:03.712000+00:00;27;1256;15;10002
2025-04-05 06:08:03.712000+00:00;31;1256;17;10002
2025-04-05 06:08:03.712000+00:00;44;1256;11;10002
2025-04-05 06:08:03.712000+00:00;55;1256;16;10002
2025-04-05 06:08:03.712000+00:00;87;1256;14;10002
2025-04-05 06:08:16.946000+00:00;5;1256;14;10002
2025-04-05 06:08:16.946000+00:00;6;1256;12;10002
2025-04-05 06:08:16.946000+00:00;7;1256;19;10002
2025-04-05 06:08:16.946000+00:00;18;1256;13;10002
2025-04-05 06:08:16.946000+00:00;27;1256;16;10002
2025-04-05 06:08:16.946000+00:00;31;1256;18;10002
2025-04-05 06:08:16.946000+00:00;55;1256;17;10002
2025-04-05 06:08:16.946000+00:00;87;1256;15;10002
2025-04-05 06:08:23.087000+00:00;5;1256;15;10002
2025-04-05 06:08:23.087000+00:00;6;1256;13;10002
2025-04-05 06:08:23.087000+00:00;7;1256;20;10002
2025-04-05 06:08:23.087000+00:00;12;1256;11;10002
2025-04-05 06:08:23.087000+00:00;14;1256;10;10002
2025-04-05 06:08:23.087000+00:00;18;1256;14;10002
2025-04-05 06:08:23.087000+00:00;27;1256;17;10002
2025-04-05 06:08:23.087000+00:00;30;1256;9;10002
2025-04-05 06:08:23.087000+00:00;31;1256;19;10002
2025-04-05 06:08:23.087000+00:00;44;1256;12;10002
2025-04-05 06:08:23.087000+00:00;55;1256;18;10002
2025-04-05 06:08:23.087000+00:00;87;1256;16;10002
2025-04-05 06:09:29.103000+00:00;5;1256;16;10002
2025-04-05 06:09:29.103000+00:00;6;1256;14;10002
2025-04-05 06:09:29.103000+00:00;10;1256;9;10002
2025-04-05 06:09:29.103000+00:00;12;1256;12;10002
2025-04-05 06:09:29.103000+00:00;14;1256;11;10002
2025-04-05 06:09:29.103000+00:00;16;1256;6;10002
2025-04-05 06:09:29.103000+00:00;18;1256;15;10002
2025-04-05 06:09:29.103000+00:00;22;1256;7;10002
2025-04-05 06:09:29.103000+00:00;23;1256;8;10002
2025-04-05 06:09:29.103000+00:00;27;1256;18;10002
2025-04-05 06:09:29.103000+00:00;30;1256;10;10002
2025-04-05 06:09:29.103000+00:00;44;1256;13;10002
2025-04-05 06:09:29.103000+00:00;55;1256;5;10002
2025-04-05 06:09:29.103000+00:00;87;1256;17;10002
2025-04-05 06:09:40.275000+00:00;5;1256;17;10002
2025-04-05 06:09:40.275000+00:00;6;1256;15;10002
2025-04-05 06:09:40.275000+00:00;12;1256;13;10002
2025-04-05 06:09:40.275000+00:00;14;1256;12;10002
2025-04-05 06:09:40.275000+00:00;18;1256;16;10002
2025-04-05 06:09:40.275000+00:00;27;1256;10;10002
2025-04-05 06:09:40.275000+00:00;30;1256;11;10002
2025-04-05 06:09:40.275000+00:00;44;1256;14;10002
2025-04-05 06:09:40.275000+00:00;87;1256;18;10002
2025-04-05 06:09:52.650000+00:00;5;1256;9;10002
2025-04-05 06:09:52.650000+00:00;6;1256;16;10002
2025-04-05 06:09:52.650000+00:00;10;1256;10;10002
2025-04-05 06:09:52.650000+00:00;12;1256;14;10002
2025-04-05 06:09:52.650000+00:00;14;1256;13;10002
2025-04-05 06:09:52.650000+00:00;18;1256;17;10002
2025-04-05 06:09:52.650000+00:00;27;1256;11;10002
2025-04-05 06:09:52.650000+00:00;30;1256;12;10002
2025-04-05 06:09:52.650000+00:00;44;1256;15;10002
2025-04-05 06:10:09.135000+00:00;6;1256;17;10002
2025-04-05 06:10:09.135000+00:00;7;1256;12;10002
2025-04-05 06:10:09.135000+00:00;12;1256;15;10002
2025-04-05 06:10:09.135000+00:00;14;1256;14;10002
2025-04-05 06:10:09.135000+00:00;18;1256;18;10002
2025-04-05 06:10:09.135000+00:00;30;1256;13;10002
2025-04-05 06:10:09.135000+00:00;31;1256;20;10002
2025-04-05 06:10:09.135000+00:00;44;1256;16;10002
2025-04-05 06:10:09.135000+00:00;87;1256;19;10002
2025-04-05 06:10:14.494000+00:00;4;1256;1;10002
2025-04-05 06:10:14.494000+00:00;63;1256;3;10002
2025-04-05 06:10:14.494000+00:00;81;1256;2;10002
2025-04-05 06:10:30.666000+00:00;1;1256;5;10002
2025-04-05 06:10:30.666000+00:00;16;1256;2;10002
2025-04-05 06:10:30.666000+00:00;55;1256;6;10002
2025-04-05 06:10:30.666000+00:00;63;1256;4;10002
2025-04-05 06:10:30.666000+00:00;81;1256;3;10002
2025-04-05 06:10:39.072000+00:00;6;1256;18;10002
2025-04-05 06:10:39.072000+00:00;12;1256;16;10002
2025-04-05 06:10:39.072000+00:00;14;1256;15;10002
2025-04-05 06:10:39.072000+00:00;18;1256;19;10002
2025-04-05 06:10:39.072000+00:00;30;1256;14;10002
2025-04-05 06:10:39.072000+00:00;31;1256;13;10002
2025-04-05 06:10:39.072000+00:00;44;1256;17;10002
2025-04-05 06:10:39.072000+00:00;87;1256;20;10002
2025-04-05 06:10:46.807000+00:00;1;1256;6;10002
2025-04-05 06:10:46.807000+00:00;5;1256;10;10002
2025-04-05 06:10:46.807000+00:00;6;1256;19;10002
2025-04-05 06:10:46.807000+00:00;7;1256;13;10002
2025-04-05 06:10:46.807000+00:00;10;1256;11;10002
2025-04-05 06:10:46.807000+00:00;12;1256;17;10002
2025-04-05 06:10:46.807000+00:00;14;1256;16;10002
2025-04-05 06:10:46.807000+00:00;18;1256;20;10002
2025-04-05 06:10:46.807000+00:00;22;1256;8;10002
2025-04-05 06:10:46.807000+00:00;23;1256;9;10002
2025-04-05 06:10:46.807000+00:00;27;1256;12;10002
2025-04-05 06:10:46.807000+00:00;30;1256;15;10002
2025-04-05 06:10:46.807000+00:00;31;1256;14;10002
2025-04-05 06:10:46.807000+00:00;44;1256;18;10002
2025-04-05 06:10:46.807000+00:00;55;1256;7;10002
2025-04-05 06:10:46.807000+00:00;87;1256;5;10002
2025-04-05 06:11:32.604000+00:00;1;1256;7;10002
2025-04-05 06:11:32.604000+00:00;5;1256;11;10002
2025-04-05 06:11:32.604000+00:00;7;1256;14;10002
2025-04-05 06:11:32.604000+00:00;10;1256;12;10002
2025-04-05 06:11:32.604000+00:00;12;1256;18;10002
2025-04-05 06:11:32.604000+00:00;14;1256;17;10002
2025-04-05 06:11:32.604000+00:00;22;1256;9;10002
2025-04-05 06:11:32.604000+00:00;23;1256;10;10002
2025-04-05 06:11:32.604000+00:00;27;1256;13;10002
2025-04-05 06:11:32.604000+00:00;30;1256;16;10002
2025-04-05 06:11:32.604000+00:00;31;1256;15;10002
2025-04-05 06:11:32.604000+00:00;44;1256;6;10002
2025-04-05 06:11:32.604000+00:00;55;1256;8;10002
2025-04-05 06:14:22.736000+00:00;1;1256;8;10002
2025-04-05 06:14:22.736000+00:00;22;1256;10;10002
2025-04-05 06:14:22.736000+00:00;23;1256;5;10002
2025-04-05 06:14:22.736000+00:00;44;1256;7;10002
2025-04-05 06:14:22.736000+00:00;55;1256;9;10002
2025-04-05 06:14:22.736000+00:00;87;1256;6;10002
2025-04-05 06:16:51.810000+00:00;1;1256;3;10002
2025-04-05 06:16:51.810000+00:00;23;1256;6;10002
2025-04-05 06:16:51.810000+00:00;44;1256;8;10002
2025-04-05 06:16:51.810000+00:00;63;1256;5;10002
2025-04-05 06:16:51.810000+00:00;81;1256;4;10002
2025-04-05 06:16:51.810000+00:00;87;1256;7;10002
2025-04-05 06:17:00.592000+00:00;1;1256;4;10002
2025-04-05 06:17:00.592000+00:00;4;1256;2;10002
2025-04-05 06:17:00.592000+00:00;16;1256;3;10002
2025-04-05 06:17:00.592000+00:00;81;1256;1;10002
2025-04-05 06:17:07.826000+00:00;22;1256;5;10002
2025-04-05 06:17:07.826000+00:00;23;1256;7;10002
2025-04-05 06:17:07.826000+00:00;44;1256;9;10002
2025-04-05 06:17:07.826000+00:00;55;1256;10;10002
2025-04-05 06:17:07.826000+00:00;63;1256;6;10002
2025-04-05 06:17:07.826000+00:00;87;1256;8;10002
2025-04-05 06:17:13.717000+00:00;1;1256;5;10002
2025-04-05 06:17:13.717000+00:00;22;1256;6;10002
2025-04-05 06:17:13.717000+00:00;23;1256;8;10002
2025-04-05 06:17:13.717000+00:00;44;1256;4;10002
2025-04-05 06:17:13.717000+00:00;63;1256;7;10002
2025-04-05 06:17:13.717000+00:00;87;1256;9;10002
2025-04-05 06:17:19.701000+00:00;5;1256;12;10002
2025-04-05 06:17:19.701000+00:00;7;1256;15;10002
2025-04-05 06:17:19.701000+00:00;10;1256;13;10002
2025-04-05 06:17:19.701000+00:00;12;1256;7;10002
2025-04-05 06:17:19.701000+00:00;14;1256;18;10002
2025-04-05 06:17:19.701000+00:00;23;1256;9;10002
2025-04-05 06:17:19.701000+00:00;27;1256;14;10002
2025-04-05 06:17:19.701000+00:00;30;1256;17;10002
2025-04-05 06:17:19.701000+00:00;31;1256;16;10002
2025-04-05 06:17:19.701000+00:00;55;1256;11;10002
2025-04-05 06:17:19.701000+00:00;63;1256;8;10002
2025-04-05 06:17:19.701000+00:00;87;1256;10;10002
2025-04-05 06:17:27.061000+00:00;1;1256;6;10002
2025-04-05 06:17:27.061000+00:00;4;1256;3;10002
2025-04-05 06:17:27.061000+00:00;12;1256;8;10002
2025-04-05 06:17:27.061000+00:00;16;1256;4;10002
2025-04-05 06:17:27.061000+00:00;22;1256;7;10002
2025-04-05 06:17:27.061000+00:00;44;1256;5;10002
2025-04-05 06:17:27.061000+00:00;63;1256;2;10002
2025-04-05 06:17:44.201000+00:00;5;1256;13;10002
2025-04-05 06:17:44.201000+00:00;7;1256;16;10002
2025-04-05 06:17:44.201000+00:00;10;1256;14;10002
2025-04-05 06:17:44.201000+00:00;14;1256;11;10002
2025-04-05 06:17:44.201000+00:00;27;1256;15;10002
2025-04-05 06:17:44.201000+00:00;30;1256;18;10002
2025-04-05 06:17:44.201000+00:00;31;1256;17;10002
2025-04-05 06:17:44.201000+00:00;55;1256;12;10002
2025-04-05 06:17:50.904000+00:00;14;1256;12;10002
2025-04-05 06:17:50.904000+00:00;23;1256;10;10002
2025-04-05 06:17:50.904000+00:00;55;1256;9;10002
2025-04-05 06:17:50.904000+00:00;87;1256;11;10002
2025-04-05 06:17:59.842000+00:00;5;1256;14;10002
2025-04-05 06:17:59.842000+00:00;10;1256;9;10002
2025-04-05 06:17:59.842000+00:00;14;1256;13;10002
2025-04-05 06:17:59.842000+00:00;23;1256;11;10002
2025-04-05 06:17:59.842000+00:00;55;1256;10;10002
2025-04-05 06:17:59.842000+00:00;87;1256;12;10002
2025-04-05 06:18:17.717000+00:00;5;1256;15;10002
2025-04-05 06:18:17.717000+00:00;6;1256;12;10002
2025-04-05 06:18:17.717000+00:00;7;1256;17;10002
2025-04-05 06:18:17.717000+00:00;14;1256;14;10002
2025-04-05 06:18:17.717000+00:00;27;1256;16;10002
2025-04-05 06:18:17.717000+00:00;30;1256;19;10002
2025-04-05 06:18:17.717000+00:00;31;1256;18;10002
2025-04-05 06:18:17.717000+00:00;87;1256;13;10002
2025-04-05 06:18:26.014000+00:00;5;1256;16;10002
2025-04-05 06:18:26.014000+00:00;7;1256;18;10002
2025-04-05 06:18:26.014000+00:00;27;1256;17;10002
2025-04-05 06:18:26.014000+00:00;31;1256;15;10002
2025-04-05 06:18:37.604000+00:00;5;1256;17;10002
2025-04-05 06:18:37.604000+00:00;27;1256;15;10002
2025-04-05 06:18:37.604000+00:00;31;1256;16;10002
2025-04-05 06:18:49.323000+00:00;5;1256;16;10002
2025-04-05 06:18:49.323000+00:00;31;1256;17;10002
2025-04-05 06:18:56.722000+00:00;5;1256;17;10002
2025-04-05 06:18:56.722000+00:00;7;1256;19;10002
2025-04-05 06:18:56.722000+00:00;27;1256;16;10002
2025-04-05 06:18:56.722000+00:00;30;1256;15;10002
2025-04-05 06:18:56.722000+00:00;31;1256;18;10002
2025-04-05 06:19:01.706000+00:00;6;1256;13;10002
2025-04-05 06:19:01.706000+00:00;87;1256;12;10002
2025-04-05 06:25:02.973000+00:00;1;1256;1;10002
2025-04-05 06:25:02.973000+00:00;4;1256;4;10002
2025-04-05 06:25:02.973000+00:00;16;1256;5;10002
2025-04-05 06:25:02.973000+00:00;44;1256;6;10002
2025-04-05 06:25:02.973000+00:00;63;1256;3;10002
2025-04-05 06:25:02.973000+00:00;81;1256;2;10002
2025-04-05 06:25:11.254000+00:00;4;1256;5;10002
2025-04-05 06:25:11.254000+00:00;10;1256;10;10002
2025-04-05 06:25:11.254000+00:00;12;1256;9;10002
2025-04-05 06:25:11.254000+00:00;16;1256;6;10002
2025-04-05 06:25:11.254000+00:00;22;1256;8;10002
2025-04-05 06:25:11.254000+00:00;23;1256;12;10002
2025-04-05 06:25:11.254000+00:00;44;1256;7;10002
2025-04-05 06:25:11.254000+00:00;55;1256;11;10002
2025-04-05 06:25:11.254000+00:00;63;1256;4;10002
2025-04-05 06:25:11.254000+00:00;81;1256;3;10002
2025-04-05 06:25:11.254000+00:00;87;1256;2;10002
2025-04-05 06:25:24.239000+00:00;4;1256;6;10002
2025-04-05 06:25:24.239000+00:00;10;1256;2;10002
2025-04-05 06:25:24.239000+00:00;12;1256;10;10002
2025-04-05 06:25:24.239000+00:00;16;1256;7;10002
2025-04-05 06:25:24.239000+00:00;22;1256;9;10002
2025-04-05 06:25:24.239000+00:00;44;1256;8;10002
2025-04-05 06:25:24.239000+00:00;63;1256;5;10002
2025-04-05 06:25:24.239000+00:00;81;1256;4;10002
2025-04-05 06:25:24.239000+00:00;87;1256;3;10002
2025-04-05 06:25:33.567000+00:00;4;1256;7;10002
2025-04-05 06:25:33.567000+00:00;10;1256;3;10002
2025-04-05 06:25:33.567000+00:00;16;1256;8;10002
2025-04-05 06:25:33.567000+00:00;22;1256;2;10002
2025-04-05 06:25:33.567000+00:00;44;1256;9;10002
2025-04-05 06:25:33.567000+00:00;63;1256;6;10002
2025-04-05 06:25:33.567000+00:00;81;1256;5;10002
2025-04-05 06:25:33.567000+00:00;87;1256;4;10002
2025-04-05 06:25:40.801000+00:00;1;1256;2;10002
2025-04-05 06:25:40.801000+00:00;4;1256;8;10002
2025-04-05 06:25:40.801000+00:00;10;1256;4;10002
2025-04-05 06:25:40.801000+00:00;16;1256;1;10002
2025-04-05 06:25:40.801000+00:00;22;1256;3;10002
2025-04-05 06:25:40.801000+00:00;63;1256;7;10002
2025-04-05 06:25:40.801000+00:00;81;1256;6;10002
2025-04-05 06:25:40.801000+00:00;87;1256;5;10002
2025-04-05 06:25:49.145000+00:00;1;1256;3;10002
2025-04-05 06:25:49.145000+00:00;4;1256;9;10002
2025-04-05 06:25:49.145000+00:00;10;1256;5;10002
2025-04-05 06:25:49.145000+00:00;22;1256;4;10002
2025-04-05 06:25:49.145000+00:00;44;1256;2;10002
2025-04-05 06:25:49.145000+00:00;63;1256;8;10002
2025-04-05 06:25:49.145000+00:00;81;1256;7;10002
2025-04-05 06:25:49.145000+00:00;87;1256;6;10002
2025-04-05 06:26:03.833000+00:00;1;1256;4;10002
2025-04-05 06:26:03.833000+00:00;4;1256;1;10002
2025-04-05 06:26:03.833000+00:00;10;1256;6;10002
2025-04-05 06:26:03.833000+00:00;16;1256;2;10002
2025-04-05 06:26:03.833000+00:00;22;1256;5;10002
2025-04-05 06:26:03.833000+00:00;44;1256;3;10002
2025-04-05 06:26:03.833000+00:00;63;1256;9;10002
2025-04-05 06:26:03.833000+00:00;81;1256;8;10002
2025-04-05 06:26:03.833000+00:00;87;1256;7;10002
2025-04-05 06:26:21.177000+00:00;6;1256;14;10002
2025-04-05 06:26:21.177000+00:00;12;1256;11;10002
2025-04-05 06:26:21.177000+00:00;14;1256;15;10002
2025-04-05 06:26:21.177000+00:00;23;1256;13;10002
2025-04-05 06:26:21.177000+00:00;30;1256;8;10002
2025-04-05 06:26:21.177000+00:00;55;1256;12;10002
2025-04-05 06:26:21.177000+00:00;63;1256;10;10002
2025-04-05 06:26:21.177000+00:00;81;1256;9;10002
2025-04-05 06:26:36.016000+00:00;6;1256;15;10002
2025-04-05 06:26:36.016000+00:00;12;1256;12;10002
2025-04-05 06:26:36.016000+00:00;14;1256;8;10002
2025-04-05 06:26:36.016000+00:00;23;1256;14;10002
2025-04-05 06:26:36.016000+00:00;30;1256;9;10002
2025-04-05 06:26:36.016000+00:00;55;1256;13;10002
2025-04-05 06:26:36.016000+00:00;63;1256;11;10002
2025-04-05 06:26:36.016000+00:00;81;1256;10;10002
2025-04-05 06:26:47.889000+00:00;6;1256;8;10002
2025-04-05 06:26:47.889000+00:00;12;1256;13;10002
2025-04-05 06:26:47.889000+00:00;14;1256;9;10002
2025-04-05 06:26:47.889000+00:00;23;1256;15;10002
2025-04-05 06:26:47.889000+00:00;30;1256;10;10002
2025-04-05 06:26:47.889000+00:00;55;1256;14;10002
2025-04-05 06:26:47.889000+00:00;63;1256;12;10002
2025-04-05 06:26:47.889000+00:00;81;1256;11;10002
2025-04-05 06:26:55.530000+00:00;1;1256;5;10002
2025-04-05 06:26:55.530000+00:00;4;1256;2;10002
2025-04-05 06:26:55.530000+00:00;6;1256;9;10002
2025-04-05 06:26:55.530000+00:00;10;1256;7;10002
2025-04-05 06:26:55.530000+00:00;14;1256;10;10002
2025-04-05 06:26:55.530000+00:00;16;1256;3;10002
2025-04-05 06:26:55.530000+00:00;22;1256;6;10002
2025-04-05 06:26:55.530000+00:00;30;1256;11;10002
2025-04-05 06:26:55.530000+00:00;44;1256;4;10002
2025-04-05 06:26:55.530000+00:00;81;1256;1;10002
2025-04-05 06:26:55.530000+00:00;87;1256;8;10002
2025-04-05 06:27:00.420000+00:00;1;1256;1;10002
2025-04-05 06:27:00.420000+00:00;4;1256;3;10002
2025-04-05 06:27:00.420000+00:00;16;1256;4;10002
2025-04-05 06:27:00.420000+00:00;44;1256;5;10002
2025-04-05 06:27:00.420000+00:00;81;1256;2;10002
2025-04-05 06:27:02.202000+00:00;4;1256;4;10002
2025-04-05 06:27:02.202000+00:00;6;1256;10;10002
2025-04-05 06:27:02.202000+00:00;10;1256;8;10002
2025-04-05 06:27:02.202000+00:00;14;1256;11;10002
2025-04-05 06:27:02.202000+00:00;16;1256;5;10002
2025-04-05 06:27:02.202000+00:00;22;1256;7;10002
2025-04-05 06:27:02.202000+00:00;30;1256;12;10002
2025-04-05 06:27:02.202000+00:00;44;1256;6;10002
2025-04-05 06:27:02.202000+00:00;63;1256;3;10002
2025-04-05 06:27:02.202000+00:00;87;1256;9;10002
2025-04-05 06:27:05.780000+00:00;6;1256;11;10002
2025-04-05 06:27:05.780000+00:00;10;1256;9;10002
2025-04-05 06:27:05.780000+00:00;12;1256;8;10002
2025-04-05 06:27:05.780000+00:00;14;1256;12;10002
2025-04-05 06:27:05.780000+00:00;30;1256;13;10002
2025-04-05 06:27:05.780000+00:00;87;1256;10;10002
2025-04-05 06:27:06.014000+00:00;4;1256;5;10002
2025-04-05 06:27:06.014000+00:00;10;1256;10;10002
2025-04-05 06:27:06.014000+00:00;12;1256;9;10002
2025-04-05 06:27:06.014000+00:00;16;1256;6;10002
2025-04-05 06:27:06.014000+00:00;22;1256;8;10002
2025-04-05 06:27:06.014000+00:00;44;1256;7;10002
2025-04-05 06:27:06.014000+00:00;63;1256;4;10002
2025-04-05 06:27:06.014000+00:00;81;1256;3;10002
2025-04-05 06:27:06.014000+00:00;87;1256;2;10002
2025-04-05 06:27:13.952000+00:00;4;1256;6;10002
2025-04-05 06:27:13.952000+00:00;10;1256;2;10002
2025-04-05 06:27:13.952000+00:00;12;1256;10;10002
2025-04-05 06:27:13.952000+00:00;16;1256;7;10002
2025-04-05 06:27:13.952000+00:00;22;1256;9;10002
2025-04-05 06:27:13.952000+00:00;44;1256;8;10002
2025-04-05 06:27:13.952000+00:00;63;1256;5;10002
2025-04-05 06:27:13.952000+00:00;81;1256;4;10002
2025-04-05 06:27:13.952000+00:00;87;1256;3;10002
2025-04-05 06:27:33.171000+00:00;6;1256;12;10002
2025-04-05 06:27:33.171000+00:00;14;1256;13;10002
2025-04-05 06:27:33.171000+00:00;30;1256;14;10002
2025-04-05 06:27:33.171000+00:00;55;1256;11;10002
2025-04-05 06:27:33.311000+00:00;4;1256;7;10002
2025-04-05 06:27:33.311000+00:00;10;1256;3;10002
2025-04-05 06:27:33.311000+00:00;16;1256;8;10002
2025-04-05 06:27:33.311000+00:00;22;1256;2;10002
2025-04-05 06:27:33.311000+00:00;44;1256;9;10002
2025-04-05 06:27:33.311000+00:00;63;1256;6;10002
2025-04-05 06:27:33.311000+00:00;81;1256;5;10002
2025-04-05 06:27:33.311000+00:00;87;1256;4;10002
2025-04-05 06:27:41.014000+00:00;1;1256;2;10002
2025-04-05 06:27:41.014000+00:00;4;1256;8;10002
2025-04-05 06:27:41.014000+00:00;10;1256;4;10002
2025-04-05 06:27:41.014000+00:00;16;1256;1;10002
2025-04-05 06:27:41.014000+00:00;22;1256;3;10002
2025-04-05 06:27:41.014000+00:00;63;1256;7;10002
2025-04-05 06:27:41.014000+00:00;81;1256;6;10002
2025-04-05 06:27:41.014000+00:00;87;1256;5;10002
2025-04-05 06:27:43.936000+00:00;6;1256;13;10002
2025-04-05 06:27:43.936000+00:00;14;1256;14;10002
2025-04-05 06:27:43.936000+00:00;23;1256;12;10002
2025-04-05 06:27:43.936000+00:00;30;1256;15;10002
2025-04-05 06:27:47.702000+00:00;1;1256;3;10002
2025-04-05 06:27:47.702000+00:00;4;1256;9;10002
2025-04-05 06:27:47.702000+00:00;10;1256;5;10002
2025-04-05 06:27:47.702000+00:00;22;1256;4;10002
2025-04-05 06:27:47.702000+00:00;44;1256;2;10002
2025-04-05 06:27:47.702000+00:00;63;1256;8;10002
2025-04-05 06:27:47.702000+00:00;81;1256;7;10002
2025-04-05 06:27:47.702000+00:00;87;1256;6;10002
2025-04-05 06:27:58.108000+00:00;1;1256;4;10002
2025-04-05 06:27:58.108000+00:00;4;1256;1;10002
2025-04-05 06:27:58.108000+00:00;10;1256;6;10002
2025-04-05 06:27:58.108000+00:00;16;1256;2;10002
2025-04-05 06:27:58.108000+00:00;22;1256;5;10002
2025-04-05 06:27:58.108000+00:00;44;1256;3;10002
2025-04-05 06:27:58.108000+00:00;63;1256;9;10002
2025-04-05 06:27:58.108000+00:00;81;1256;8;10002
2025-04-05 06:27:58.108000+00:00;87;1256;7;10002
2025-04-05 06:28:06.171000+00:00;6;1256;14;10002
2025-04-05 06:28:06.171000+00:00;12;1256;11;10002
2025-04-05 06:28:06.171000+00:00;14;1256;15;10002
2025-04-05 06:28:06.171000+00:00;23;1256;13;10002
2025-04-05 06:28:06.171000+00:00;30;1256;8;10002
2025-04-05 06:28:06.171000+00:00;55;1256;12;10002
2025-04-05 06:28:06.171000+00:00;63;1256;10;10002
2025-04-05 06:28:06.171000+00:00;81;1256;9;10002
2025-04-05 06:28:27.910000+00:00;1;1256;1;10002
2025-04-05 06:28:27.910000+00:00;4;1256;2;10002
2025-04-05 06:28:27.910000+00:00;16;1256;3;10002
2025-04-05 06:28:27.910000+00:00;44;1256;4;10002
2025-04-05 06:28:29.281000+00:00;6;1256;15;10002
2025-04-05 06:28:29.281000+00:00;12;1256;12;10002
2025-04-05 06:28:29.281000+00:00;14;1256;8;10002
2025-04-05 06:28:29.281000+00:00;23;1256;14;10002
2025-04-05 06:28:29.281000+00:00;30;1256;9;10002
2025-04-05 06:28:29.281000+00:00;55;1256;13;10002
2025-04-05 06:28:29.281000+00:00;63;1256;11;10002
2025-04-05 06:28:29.281000+00:00;81;1256;10;10002
2025-04-05 06:28:34.062000+00:00;4;1256;3;10002
2025-04-05 06:28:34.062000+00:00;10;1256;7;10002
2025-04-05 06:28:34.062000+00:00;16;1256;4;10002
2025-04-05 06:28:34.062000+00:00;22;1256;6;10002
2025-04-05 06:28:34.062000+00:00;44;1256;5;10002
2025-04-05 06:28:34.062000+00:00;87;1256;2;10002
2025-04-05 06:28:41.781000+00:00;4;1256;4;10002
2025-04-05 06:28:41.781000+00:00;10;1256;2;10002
2025-04-05 06:28:41.781000+00:00;16;1256;5;10002
2025-04-05 06:28:41.781000+00:00;22;1256;7;10002
2025-04-05 06:28:41.781000+00:00;44;1256;6;10002
2025-04-05 06:28:41.781000+00:00;87;1256;3;10002
2025-04-05 06:28:46.093000+00:00;6;1256;8;10002
2025-04-05 06:28:46.093000+00:00;12;1256;13;10002
2025-04-05 06:28:46.093000+00:00;14;1256;9;10002
2025-04-05 06:28:46.093000+00:00;23;1256;15;10002
2025-04-05 06:28:46.093000+00:00;30;1256;10;10002
2025-04-05 06:28:46.093000+00:00;55;1256;14;10002
2025-04-05 06:28:46.093000+00:00;63;1256;12;10002
2025-04-05 06:28:46.093000+00:00;81;1256;11;10002
2025-04-05 06:28:55.078000+00:00;4;1256;5;10002
2025-04-05 06:28:55.078000+00:00;6;1256;9;10002
2025-04-05 06:28:55.078000+00:00;14;1256;10;10002
2025-04-05 06:28:55.078000+00:00;16;1256;6;10002
2025-04-05 06:28:55.078000+00:00;22;1256;8;10002
2025-04-05 06:28:55.078000+00:00;30;1256;11;10002
2025-04-05 06:28:55.078000+00:00;44;1256;7;10002
2025-04-05 06:28:55.078000+00:00;81;1256;4;10002
2025-04-05 06:29:01.375000+00:00;4;1256;6;10002
2025-04-05 06:29:01.375000+00:00;16;1256;7;10002
2025-04-05 06:29:01.375000+00:00;22;1256;4;10002
2025-04-05 06:29:01.375000+00:00;44;1256;8;10002
2025-04-05 06:29:01.375000+00:00;81;1256;5;10002
2025-04-05 06:29:03.187000+00:00;4;1256;7;10002
2025-04-05 06:29:03.187000+00:00;6;1256;10;10002
2025-04-05 06:29:03.187000+00:00;14;1256;11;10002
2025-04-05 06:29:03.187000+00:00;16;1256;8;10002
2025-04-05 06:29:03.187000+00:00;30;1256;12;10002
2025-04-05 06:29:03.187000+00:00;44;1256;9;10002
2025-04-05 06:29:03.187000+00:00;63;1256;6;10002
2025-04-05 06:29:09+00:00;4;1256;8;10002
2025-04-05 06:29:09+00:00;10;1256;3;10002
2025-04-05 06:29:09+00:00;16;1256;2;10002
2025-04-05 06:29:09+00:00;22;1256;5;10002
2025-04-05 06:29:09+00:00;63;1256;7;10002
2025-04-05 06:29:09+00:00;81;1256;6;10002
2025-04-05 06:29:09+00:00;87;1256;4;10002
2025-04-05 06:29:11.187000+00:00;6;1256;11;10002
2025-04-05 06:29:11.187000+00:00;12;1256;10;10002
2025-04-05 06:29:11.187000+00:00;14;1256;12;10002
2025-04-05 06:29:11.187000+00:00;30;1256;13;10002
2025-04-05 06:29:15.640000+00:00;4;1256;9;10002
2025-04-05 06:29:15.640000+00:00;10;1256;4;10002
2025-04-05 06:29:15.640000+00:00;16;1256;3;10002
2025-04-05 06:29:15.640000+00:00;22;1256;6;10002
2025-04-05 06:29:15.640000+00:00;44;1256;2;10002
2025-04-05 06:29:15.640000+00:00;63;1256;8;10002
2025-04-05 06:29:15.640000+00:00;81;1256;7;10002
2025-04-05 06:29:15.640000+00:00;87;1256;5;10002
2025-04-05 06:29:19.218000+00:00;6;1256;12;10002
2025-04-05 06:29:19.218000+00:00;14;1256;13;10002
2025-04-05 06:29:19.218000+00:00;30;1256;14;10002
2025-04-05 06:29:19.218000+00:00;55;1256;11;10002
2025-04-05 06:29:25.281000+00:00;1;1256;2;10002
2025-04-05 06:29:25.281000+00:00;4;1256;1;10002
2025-04-05 06:29:25.281000+00:00;10;1256;5;10002
2025-04-05 06:29:25.281000+00:00;16;1256;4;10002
2025-04-05 06:29:25.281000+00:00;22;1256;7;10002
2025-04-05 06:29:25.281000+00:00;44;1256;3;10002
2025-04-05 06:29:25.281000+00:00;63;1256;9;10002
2025-04-05 06:29:25.281000+00:00;81;1256;8;10002
2025-04-05 06:29:25.281000+00:00;87;1256;6;10002
2025-04-05 06:29:30.672000+00:00;6;1256;13;10002
2025-04-05 06:29:30.672000+00:00;14;1256;14;10002
2025-04-05 06:29:30.672000+00:00;23;1256;12;10002
2025-04-05 06:29:30.672000+00:00;30;1256;15;10002
2025-04-05 06:29:34.515000+00:00;6;1256;14;10002
2025-04-05 06:29:34.515000+00:00;12;1256;11;10002
2025-04-05 06:29:34.515000+00:00;14;1256;15;10002
2025-04-05 06:29:34.515000+00:00;23;1256;13;10002
2025-04-05 06:29:34.515000+00:00;30;1256;8;10002
2025-04-05 06:29:34.515000+00:00;55;1256;12;10002
2025-04-05 06:29:34.515000+00:00;63;1256;10;10002
2025-04-05 06:29:34.515000+00:00;81;1256;9;10002
2025-04-05 06:29:57.422000+00:00;6;1256;15;10002
2025-04-05 06:29:57.422000+00:00;12;1256;12;10002
2025-04-05 06:29:57.422000+00:00;14;1256;6;10002
2025-04-05 06:29:57.422000+00:00;22;1256;8;10002
2025-04-05 06:29:57.422000+00:00;23;1256;14;10002
2025-04-05 06:29:57.422000+00:00;30;1256;9;10002
2025-04-05 06:29:57.422000+00:00;55;1256;13;10002
2025-04-05 06:29:57.422000+00:00;63;1256;11;10002
2025-04-05 06:29:57.422000+00:00;81;1256;10;10002
2025-04-05 06:29:57.422000+00:00;87;1256;7;10002
2025-04-05 06:30:13.984000+00:00;6;1256;5;10002
2025-04-05 06:30:13.984000+00:00;10;1256;6;10002
2025-04-05 06:30:13.984000+00:00;12;1256;13;10002
2025-04-05 06:30:13.984000+00:00;14;1256;7;10002
2025-04-05 06:30:13.984000+00:00;22;1256;9;10002
2025-04-05 06:30:13.984000+00:00;23;1256;15;10002
2025-04-05 06:30:13.984000+00:00;30;1256;10;10002
2025-04-05 06:30:13.984000+00:00;55;1256;14;10002
2025-04-05 06:30:13.984000+00:00;63;1256;12;10002
2025-04-05 06:30:13.984000+00:00;81;1256;11;10002
2025-04-05 06:30:13.984000+00:00;87;1256;8;10002
2025-04-05 06:30:22.813000+00:00;6;1256;6;10002
2025-04-05 06:30:22.813000+00:00;10;1256;7;10002
2025-04-05 06:30:22.813000+00:00;14;1256;8;10002
2025-04-05 06:30:22.813000+00:00;16;1256;5;10002
2025-04-05 06:30:22.813000+00:00;22;1256;10;10002
2025-04-05 06:30:22.813000+00:00;30;1256;11;10002
2025-04-05 06:30:22.813000+00:00;44;1256;4;10002
2025-04-05 06:30:22.813000+00:00;81;1256;3;10002
2025-04-05 06:30:22.813000+00:00;87;1256;9;10002
2025-04-05 06:30:30.500000+00:00;1;1256;3;10002
2025-04-05 06:30:30.500000+00:00;6;1256;7;10002
2025-04-05 06:30:30.500000+00:00;10;1256;8;10002
2025-04-05 06:30:30.500000+00:00;14;1256;9;10002
2025-04-05 06:30:30.500000+00:00;16;1256;6;10002
2025-04-05 06:30:30.500000+00:00;22;1256;11;10002
2025-04-05 06:30:30.500000+00:00;30;1256;12;10002
2025-04-05 06:30:30.500000+00:00;44;1256;5;10002
2025-04-05 06:30:30.500000+00:00;63;1256;2;10002
2025-04-05 06:30:30.500000+00:00;81;1256;4;10002
2025-04-05 06:30:30.500000+00:00;87;1256;10;10002
2025-04-05 06:30:39.172000+00:00;6;1256;8;10002
2025-04-05 06:30:39.172000+00:00;10;1256;9;10002
2025-04-05 06:30:39.172000+00:00;12;1256;7;10002
2025-04-05 06:30:39.172000+00:00;14;1256;10;10002
2025-04-05 06:30:39.172000+00:00;22;1256;12;10002
2025-04-05 06:30:39.172000+00:00;30;1256;13;10002
2025-04-05 06:30:39.172000+00:00;87;1256;11;10002
2025-04-05 06:30:47.407000+00:00;14;1256;11;10002
2025-04-05 06:30:47.407000+00:00;22;1256;13;10002
2025-04-05 06:30:47.407000+00:00;30;1256;14;10002
2025-04-05 06:30:47.407000+00:00;55;1256;10;10002
2025-04-05 06:30:47.407000+00:00;87;1256;12;10002
2025-04-05 06:30:58.563000+00:00;6;1256;9;10002
2025-04-05 06:30:58.563000+00:00;10;1256;10;10002
2025-04-05 06:30:58.563000+00:00;12;1256;8;10002
2025-04-05 06:30:58.563000+00:00;14;1256;12;10002
2025-04-05 06:30:58.563000+00:00;16;1256;7;10002
2025-04-05 06:30:58.563000+00:00;22;1256;14;10002
2025-04-05 06:30:58.563000+00:00;23;1256;5;10002
2025-04-05 06:30:58.563000+00:00;30;1256;15;10002
2025-04-05 06:30:58.563000+00:00;44;1256;6;10002
2025-04-05 06:30:58.563000+00:00;55;1256;11;10002
2025-04-05 06:30:58.563000+00:00;87;1256;13;10002
2025-04-05 06:42:14.216000+00:00;23;1256;6;10002
2025-04-05 06:42:14.216000+00:00;44;1256;4;10002
2025-04-05 06:42:14.216000+00:00;81;1256;5;10002
2025-04-05 06:42:23.888000+00:00;16;1256;4;10002
2025-04-05 06:42:23.888000+00:00;23;1256;7;10002
2025-04-05 06:42:23.888000+00:00;44;1256;5;10002
2025-04-05 06:42:23.888000+00:00;81;1256;6;10002
2025-04-05 06:45:19.533000+00:00;12;1256;7;10002
2025-04-05 06:45:19.533000+00:00;23;1256;8;10002
2025-04-05 06:45:27.033000+00:00;14;1256;13;10002
2025-04-05 06:45:27.033000+00:00;22;1256;11;10002
2025-04-05 06:45:27.033000+00:00;55;1256;12;10002
2025-04-05 06:45:27.033000+00:00;87;1256;14;10002
2025-04-05 06:45:42.752000+00:00;6;1256;8;10002
2025-04-05 06:45:42.752000+00:00;23;1256;9;10002
2025-04-05 06:45:50.502000+00:00;10;1256;11;10002
2025-04-05 06:45:50.502000+00:00;14;1256;14;10002
2025-04-05 06:45:50.502000+00:00;22;1256;12;10002
2025-04-05 06:45:50.502000+00:00;30;1256;10;10002
2025-04-05 06:45:50.502000+00:00;55;1256;13;10002
2025-04-05 06:45:50.502000+00:00;87;1256;15;10002
2025-04-05 06:46:12.283000+00:00;10;1256;12;10002
2025-04-05 06:46:12.283000+00:00;14;1256;10;10002
2025-04-05 06:46:12.283000+00:00;22;1256;13;10002
2025-04-05 06:46:12.283000+00:00;30;1256;11;10002
2025-04-05 06:46:12.283000+00:00;55;1256;14;10002
2025-04-05 06:46:16.799000+00:00;6;1256;9;10002
2025-04-05 06:46:16.799000+00:00;10;1256;13;10002
2025-04-05 06:46:16.799000+00:00;14;1256;11;10002
2025-04-05 06:46:16.799000+00:00;22;1256;14;10002
2025-04-05 06:46:16.799000+00:00;23;1256;10;10002
2025-04-05 06:46:16.799000+00:00;30;1256;12;10002
2025-04-05 06:46:16.799000+00:00;55;1256;15;10002
2025-04-05 06:46:16.799000+00:00;87;1256;8;10002
2025-04-05 06:46:27.674000+00:00;10;1256;11;10002
2025-04-05 06:46:27.674000+00:00;14;1256;12;10002
2025-04-05 06:46:27.674000+00:00;30;1256;13;10002
2025-04-05 06:46:58.174000+00:00;16;1256;5;10002
2025-04-05 06:46:58.174000+00:00;44;1256;6;10002
2025-04-05 06:46:58.174000+00:00;81;1256;4;10002
2025-04-05 06:47:05.549000+00:00;14;1256;13;10002
2025-04-05 06:47:05.549000+00:00;22;1256;15;10002
2025-04-05 06:47:05.549000+00:00;30;1256;14;10002
2025-04-05 06:47:05.549000+00:00;55;1256;12;10002
2025-04-05 06:56:03.069000+00:00;1;1256;4;10002
2025-04-05 06:56:03.069000+00:00;4;1256;2;10002
2025-04-05 06:56:03.069000+00:00;12;1256;8;10002
2025-04-05 06:56:03.069000+00:00;16;1256;6;10002
2025-04-05 06:56:03.069000+00:00;44;1256;7;10002
2025-04-05 06:56:03.069000+00:00;63;1256;3;10002
2025-04-05 06:56:03.069000+00:00;81;1256;5;10002
2025-04-05 06:56:03.069000+00:00;87;1256;1;10002
2025-04-05 06:56:09.100000+00:00;1;1256;5;10002
2025-04-05 06:56:09.100000+00:00;4;1256;3;10002
2025-04-05 06:56:09.100000+00:00;12;1256;1;10002
2025-04-05 06:56:09.100000+00:00;16;1256;7;10002
2025-04-05 06:56:09.100000+00:00;44;1256;8;10002
2025-04-05 06:56:09.100000+00:00;63;1256;4;10002
2025-04-05 06:56:09.100000+00:00;81;1256;6;10002
2025-04-05 06:56:09.100000+00:00;87;1256;2;10002
2025-04-05 06:56:16.194000+00:00;4;1256;4;10002
2025-04-05 06:56:16.194000+00:00;12;1256;2;10002
2025-04-05 06:56:16.194000+00:00;63;1256;1;10002
2025-04-05 06:56:16.194000+00:00;87;1256;3;10002
2025-04-05 06:56:27.835000+00:00;1;1256;6;10002
2025-04-05 06:56:27.835000+00:00;4;1256;5;10002
2025-04-05 06:56:27.835000+00:00;6;1256;4;10002
2025-04-05 06:56:27.835000+00:00;16;1256;8;10002
2025-04-05 06:56:27.835000+00:00;44;1256;9;10002
2025-04-05 06:56:27.835000+00:00;81;1256;7;10002
2025-04-05 06:56:40.882000+00:00;1;1256;2;10002
2025-04-05 06:56:40.882000+00:00;4;1256;6;10002
2025-04-05 06:56:40.882000+00:00;6;1256;5;10002
2025-04-05 06:56:40.882000+00:00;12;1256;3;10002
2025-04-05 06:56:40.882000+00:00;87;1256;4;10002
2025-04-05 06:56:47.804000+00:00;4;1256;7;10002
2025-04-05 06:56:47.804000+00:00;6;1256;6;10002
2025-04-05 06:56:47.804000+00:00;12;1256;4;10002
2025-04-05 06:56:47.804000+00:00;81;1256;3;10002
2025-04-05 06:56:47.804000+00:00;87;1256;5;10002
2025-04-05 06:56:58.210000+00:00;1;1256;3;10002
2025-04-05 06:56:58.210000+00:00;4;1256;1;10002
2025-04-05 06:56:58.210000+00:00;6;1256;7;10002
2025-04-05 06:56:58.210000+00:00;12;1256;5;10002
2025-04-05 06:56:58.210000+00:00;63;1256;2;10002
2025-04-05 06:56:58.210000+00:00;81;1256;4;10002
2025-04-05 06:56:58.210000+00:00;87;1256;6;10002
2025-04-05 06:57:09.288000+00:00;6;1256;8;10002
2025-04-05 06:57:09.288000+00:00;12;1256;6;10002
2025-04-05 06:57:09.288000+00:00;16;1256;9;10002
2025-04-05 06:57:09.288000+00:00;44;1256;5;10002
2025-04-05 06:57:09.288000+00:00;87;1256;7;10002
2025-04-05 06:57:12.929000+00:00;16;1256;10;10002
2025-04-05 06:57:12.929000+00:00;23;1256;9;10002
2025-04-05 06:57:26.787000+00:00;6;1256;9;10002
2025-04-05 06:57:26.787000+00:00;12;1256;7;10002
2025-04-05 06:57:26.787000+00:00;16;1256;5;10002
2025-04-05 06:57:26.787000+00:00;23;1256;10;10002
2025-04-05 06:57:26.787000+00:00;44;1256;6;10002
2025-04-05 06:57:26.787000+00:00;87;1256;8;10002
2025-04-05 06:57:49.123000+00:00;1;1256;4;10002
2025-04-05 06:57:49.123000+00:00;4;1256;2;10002
2025-04-05 06:57:49.123000+00:00;12;1256;8;10002
2025-04-05 06:57:49.123000+00:00;16;1256;6;10002
2025-04-05 06:57:49.123000+00:00;44;1256;7;10002
2025-04-05 06:57:49.123000+00:00;63;1256;3;10002
2025-04-05 06:57:49.123000+00:00;81;1256;5;10002
2025-04-05 06:57:49.123000+00:00;87;1256;1;10002
2025-04-05 06:57:55.967000+00:00;1;1256;5;10002
2025-04-05 06:57:55.967000+00:00;4;1256;3;10002
2025-04-05 06:57:55.967000+00:00;12;1256;1;10002
2025-04-05 06:57:55.967000+00:00;16;1256;7;10002
2025-04-05 06:57:55.967000+00:00;44;1256;8;10002
2025-04-05 06:57:55.967000+00:00;63;1256;4;10002
2025-04-05 06:57:55.967000+00:00;81;1256;6;10002
2025-04-05 06:57:55.967000+00:00;87;1256;2;10002
2025-04-05 06:58:05.467000+00:00;4;1256;4;10002
2025-04-05 06:58:05.467000+00:00;12;1256;2;10002
2025-04-05 06:58:05.467000+00:00;63;1256;1;10002
2025-04-05 06:58:05.467000+00:00;87;1256;3;10002
2025-04-05 06:58:13.451000+00:00;1;1256;6;10002
2025-04-05 06:58:13.451000+00:00;4;1256;5;10002
2025-04-05 06:58:13.451000+00:00;6;1256;4;10002
2025-04-05 06:58:13.451000+00:00;16;1256;8;10002
2025-04-05 06:58:13.451000+00:00;44;1256;9;10002
2025-04-05 06:58:13.451000+00:00;81;1256;7;10002
2025-04-05 06:58:33.842000+00:00;1;1256;2;10002
2025-04-05 06:58:33.842000+00:00;4;1256;6;10002
2025-04-05 06:58:33.842000+00:00;6;1256;5;10002
2025-04-05 06:58:33.842000+00:00;12;1256;3;10002
2025-04-05 06:58:33.842000+00:00;87;1256;4;10002
2025-04-05 06:58:43.014000+00:00;4;1256;7;10002
2025-04-05 06:58:43.014000+00:00;6;1256;6;10002
2025-04-05 06:58:43.014000+00:00;12;1256;4;10002
2025-04-05 06:58:43.014000+00:00;81;1256;3;10002
2025-04-05 06:58:43.014000+00:00;87;1256;5;10002
2025-04-05 06:58:53.248000+00:00;1;1256;3;10002
2025-04-05 06:58:53.248000+00:00;4;1256;1;10002
2025-04-05 06:58:53.248000+00:00;6;1256;7;10002
2025-04-05 06:58:53.248000+00:00;12;1256;5;10002
2025-04-05 06:58:53.248000+00:00;63;1256;2;10002
2025-04-05 06:58:53.248000+00:00;81;1256;4;10002
2025-04-05 06:58:53.248000+00:00;87;1256;6;10002
2025-04-05 06:59:00.598000+00:00;6;1256;8;10002
2025-04-05 06:59:00.598000+00:00;12;1256;6;10002
2025-04-05 06:59:00.598000+00:00;16;1256;9;10002
2025-04-05 06:59:00.598000+00:00;44;1256;5;10002
2025-04-05 06:59:00.598000+00:00;87;1256;7;10002
2025-04-05 06:59:06.770000+00:00;16;1256;10;10002
2025-04-05 06:59:06.770000+00:00;23;1256;9;10002
2025-04-05 06:59:17.098000+00:00;1;1256;4;10002
2025-04-05 06:59:17.098000+00:00;4;1256;2;10002
2025-04-05 06:59:17.098000+00:00;12;1256;7;10002
2025-04-05 06:59:17.098000+00:00;44;1256;6;10002
2025-04-05 06:59:17.098000+00:00;63;1256;3;10002
2025-04-05 06:59:17.098000+00:00;81;1256;5;10002
2025-04-05 06:59:17.098000+00:00;87;1256;1;10002
2025-04-05 06:59:18.286000+00:00;6;1256;9;10002
2025-04-05 06:59:18.286000+00:00;12;1256;8;10002
2025-04-05 06:59:18.286000+00:00;16;1256;6;10002
2025-04-05 06:59:18.286000+00:00;23;1256;10;10002
2025-04-05 06:59:18.286000+00:00;44;1256;7;10002
2025-04-05 06:59:24.130000+00:00;1;1256;5;10002
2025-04-05 06:59:24.130000+00:00;4;1256;3;10002
2025-04-05 06:59:24.130000+00:00;12;1256;2;10002
2025-04-05 06:59:24.130000+00:00;16;1256;7;10002
2025-04-05 06:59:24.130000+00:00;44;1256;8;10002
2025-04-05 06:59:24.130000+00:00;63;1256;4;10002
2025-04-05 06:59:24.130000+00:00;81;1256;6;10002
2025-04-05 06:59:32.817000+00:00;4;1256;4;10002
2025-04-05 06:59:32.817000+00:00;12;1256;3;10002
2025-04-05 06:59:32.817000+00:00;63;1256;1;10002
2025-04-05 06:59:32.817000+00:00;87;1256;2;10002
2025-04-05 06:59:41.177000+00:00;1;1256;6;10002
2025-04-05 06:59:41.177000+00:00;4;1256;5;10002
2025-04-05 06:59:41.177000+00:00;6;1256;2;10002
2025-04-05 06:59:41.177000+00:00;12;1256;4;10002
2025-04-05 06:59:41.177000+00:00;16;1256;8;10002
2025-04-05 06:59:41.177000+00:00;44;1256;9;10002
2025-04-05 06:59:41.177000+00:00;81;1256;7;10002
2025-04-05 06:59:41.177000+00:00;87;1256;3;10002
2025-04-05 07:00:01.036000+00:00;1;1256;1;10002
2025-04-05 07:00:01.036000+00:00;4;1256;6;10002
2025-04-05 07:00:01.036000+00:00;6;1256;3;10002
2025-04-05 07:00:01.036000+00:00;12;1256;5;10002
2025-04-05 07:00:01.036000+00:00;63;1256;2;10002
2025-04-05 07:00:01.036000+00:00;87;1256;4;10002
2025-04-05 07:00:10.146000+00:00;1;1256;2;10002
2025-04-05 07:00:10.146000+00:00;4;1256;7;10002
2025-04-05 07:00:10.146000+00:00;6;1256;4;10002
2025-04-05 07:00:10.146000+00:00;12;1256;6;10002
2025-04-05 07:00:10.146000+00:00;63;1256;3;10002
2025-04-05 07:00:10.146000+00:00;81;1256;1;10002
2025-04-05 07:00:10.146000+00:00;87;1256;5;10002
2025-04-05 07:00:20.771000+00:00;4;1256;4;10002
2025-04-05 07:00:20.771000+00:00;6;1256;5;10002
2025-04-05 07:00:20.771000+00:00;12;1256;7;10002
2025-04-05 07:00:20.771000+00:00;87;1256;6;10002
2025-04-05 07:00:28.302000+00:00;6;1256;6;10002
2025-04-05 07:00:28.302000+00:00;12;1256;8;10002
2025-04-05 07:00:28.302000+00:00;16;1256;9;10002
2025-04-05 07:00:28.302000+00:00;44;1256;5;10002
2025-04-05 07:00:28.302000+00:00;87;1256;7;10002
2025-04-05 07:00:34.818000+00:00;12;1256;9;10002
2025-04-05 07:00:34.818000+00:00;16;1256;10;10002
2025-04-05 07:00:34.818000+00:00;23;1256;8;10002
2025-04-05 07:00:45.584000+00:00;4;1256;5;10002
2025-04-05 07:00:45.584000+00:00;6;1256;7;10002
2025-04-05 07:00:45.584000+00:00;12;1256;10;10002
2025-04-05 07:00:45.584000+00:00;16;1256;3;10002
2025-04-05 07:00:45.584000+00:00;23;1256;9;10002
2025-04-05 07:00:45.584000+00:00;44;1256;6;10002
2025-04-05 07:00:45.584000+00:00;63;1256;4;10002
2025-04-05 07:00:45.584000+00:00;87;1256;8;10002
2025-04-05 07:07:14.981000+00:00;6;1256;8;10002
2025-04-05 07:07:14.981000+00:00;87;1256;7;10002
2025-04-05 07:07:21.887000+00:00;6;1256;9;10002
2025-04-05 07:07:21.887000+00:00;12;1256;6;10002
2025-04-05 07:07:21.887000+00:00;23;1256;10;10002
2025-04-05 07:07:21.887000+00:00;44;1256;7;10002
2025-04-05 07:07:21.887000+00:00;87;1256;8;10002
2025-04-05 07:07:38.481000+00:00;6;1256;7;10002
2025-04-05 07:07:38.481000+00:00;44;1256;8;10002
2025-04-05 07:07:38.481000+00:00;87;1256;9;10002
2025-04-05 07:07:48.403000+00:00;1;1256;3;10002
2025-04-05 07:07:48.403000+00:00;4;1256;1;10002
2025-04-05 07:07:48.403000+00:00;16;1256;4;10002
2025-04-05 07:07:48.403000+00:00;63;1256;5;10002
2025-04-05 07:07:48.403000+00:00;81;1256;2;10002
2025-04-05 07:08:06.044000+00:00;23;1256;9;10002
2025-04-05 07:08:06.044000+00:00;87;1256;10;10002
2025-04-05 07:08:32.606000+00:00;1;1256;1;10002
2025-04-05 07:08:32.606000+00:00;4;1256;2;10002
2025-04-05 07:08:32.606000+00:00;81;1256;3;10002
2025-04-06 04:07:42.788000+00:00;1;1256;1;10006
2025-04-06 04:07:42.788000+00:00;4;1256;2;10006
2025-04-06 04:07:42.788000+00:00;5;1256;17;10006
2025-04-06 04:07:42.788000+00:00;6;1256;7;10006
2025-04-06 04:07:42.788000+00:00;7;1256;19;10006
2025-04-06 04:07:42.788000+00:00;10;1256;11;10006
2025-04-06 04:07:42.788000+00:00;12;1256;6;10006
2025-04-06 04:07:42.788000+00:00;14;1256;12;10006
2025-04-06 04:07:42.788000+00:00;16;1256;4;10006
2025-04-06 04:07:42.788000+00:00;18;1256;20;10006
2025-04-06 04:07:42.788000+00:00;22;1256;14;10006
2025-04-06 04:07:42.788000+00:00;23;1256;9;10006
2025-04-06 04:07:42.788000+00:00;27;1256;16;10006
2025-04-06 04:07:42.788000+00:00;30;1256;13;10006
2025-04-06 04:07:42.788000+00:00;31;1256;18;10006
2025-04-06 04:07:42.788000+00:00;44;1256;8;10006
2025-04-06 04:07:42.788000+00:00;55;1256;15;10006
2025-04-06 04:07:42.788000+00:00;63;1256;5;10006
2025-04-06 04:07:42.788000+00:00;81;1256;3;10006
2025-04-06 04:07:42.788000+00:00;87;1256;10;10006
2025-04-06 05:04:26.883000+00:00;10;1256;12;10006
2025-04-06 05:04:26.883000+00:00;14;1256;11;10006
2025-04-06 05:04:28.289000+00:00;27;1256;15;10006
2025-04-06 05:04:28.289000+00:00;55;1256;16;10006
2025-04-06 05:04:29.071000+00:00;5;1256;18;10006
2025-04-06 05:04:29.071000+00:00;31;1256;17;10006
2025-04-06 05:04:29.617000+00:00;5;1256;19;10006
2025-04-06 05:04:29.617000+00:00;7;1256;18;10006
2025-04-06 05:04:29.821000+00:00;5;1256;20;10006
2025-04-06 05:04:29.821000+00:00;18;1256;19;10006
2025-04-06 05:05:30.259000+00:00;22;1256;13;10006
2025-04-06 05:05:30.259000+00:00;30;1256;14;10006
2025-04-06 05:07:07.931000+00:00;27;1256;16;10006
2025-04-06 05:07:07.931000+00:00;55;1256;15;10006
2025-04-06 05:13:19.199000+00:00;6;1256;8;10006
2025-04-06 05:13:19.199000+00:00;44;1256;7;10006
2025-04-06 05:27:47.065000+00:00;5;1256;18;10006
2025-04-06 05:27:47.065000+00:00;7;1256;19;10006
2025-04-06 05:35:11.580000+00:00;12;1256;5;10006
2025-04-06 05:35:11.580000+00:00;63;1256;6;10006
2025-04-06 05:35:14.006000+00:00;44;1256;6;10006
2025-04-06 05:35:14.006000+00:00;63;1256;7;10006
2025-04-06 05:35:16.662000+00:00;6;1256;7;10006
2025-04-06 05:35:16.662000+00:00;63;1256;8;10006
2025-04-06 05:35:19.272000+00:00;23;1256;8;10006
2025-04-06 05:35:19.272000+00:00;63;1256;9;10006
2025-04-06 05:35:22.819000+00:00;63;1256;10;10006
2025-04-06 05:35:22.819000+00:00;87;1256;9;10006
2025-04-06 05:35:25.444000+00:00;14;1256;10;10006
2025-04-06 05:35:25.444000+00:00;63;1256;11;10006
2025-04-06 05:35:28.240000+00:00;10;1256;11;10006
2025-04-06 05:35:28.240000+00:00;63;1256;12;10006
2025-04-06 05:35:28.944000+00:00;22;1256;12;10006
2025-04-06 05:35:28.944000+00:00;63;1256;13;10006
2025-04-06 05:36:42.113000+00:00;16;1256;3;10006
2025-04-06 05:36:42.113000+00:00;81;1256;4;10006
2025-04-06 05:36:44.629000+00:00;12;1256;4;10006
2025-04-06 05:36:44.629000+00:00;81;1256;5;10006
2025-04-06 05:36:47.816000+00:00;44;1256;5;10006
2025-04-06 05:36:47.816000+00:00;81;1256;6;10006
2025-04-06 05:36:50.347000+00:00;6;1256;6;10006
2025-04-06 05:36:50.347000+00:00;81;1256;7;10006
2025-04-06 05:36:53.066000+00:00;23;1256;7;10006
2025-04-06 05:36:53.066000+00:00;81;1256;8;10006
2025-04-06 05:36:56.754000+00:00;81;1256;9;10006
2025-04-06 05:36:56.754000+00:00;87;1256;8;10006
2025-04-06 05:37:03.472000+00:00;22;1256;13;10006
2025-04-06 05:37:03.472000+00:00;63;1256;12;10006
2025-04-06 05:38:17.723000+00:00;1;1256;2;10006
2025-04-06 05:38:17.723000+00:00;4;1256;3;10006
2025-04-06 05:38:17.723000+00:00;12;1256;1;10006
2025-04-06 05:38:17.723000+00:00;16;1256;4;10006
2025-04-06 05:38:21.426000+00:00;1;1256;3;10006
2025-04-06 05:38:21.426000+00:00;4;1256;4;10006
2025-04-06 05:38:21.426000+00:00;16;1256;5;10006
2025-04-06 05:38:21.426000+00:00;44;1256;2;10006
2025-04-06 05:38:24.098000+00:00;1;1256;4;10006
2025-04-06 05:38:24.098000+00:00;4;1256;5;10006
2025-04-06 05:38:24.098000+00:00;6;1256;3;10006
2025-04-06 05:38:24.098000+00:00;16;1256;6;10006
2025-04-06 05:38:26.989000+00:00;1;1256;5;10006
2025-04-06 05:38:26.989000+00:00;4;1256;6;10006
2025-04-06 05:38:26.989000+00:00;16;1256;7;10006
2025-04-06 05:38:26.989000+00:00;23;1256;4;10006
2025-04-06 05:38:32.567000+00:00;16;1256;8;10006
2025-04-06 05:38:32.567000+00:00;81;1256;7;10006
2025-04-06 05:38:32.567000+00:00;87;1256;9;10006
2025-04-06 05:38:33.364000+00:00;16;1256;9;10006
2025-04-06 05:38:33.364000+00:00;87;1256;8;10006
2025-04-06 05:38:35.020000+00:00;14;1256;9;10006
2025-04-06 05:38:35.020000+00:00;16;1256;10;10006
2025-04-06 05:38:37.645000+00:00;10;1256;12;10006
2025-04-06 05:38:37.645000+00:00;63;1256;11;10006
2025-04-06 05:38:45.895000+00:00;27;1256;17;10006
2025-04-06 05:38:45.895000+00:00;31;1256;16;10006
2025-04-06 05:40:09.583000+00:00;14;1256;8;10006
2025-04-06 05:40:09.583000+00:00;87;1256;9;10006
2025-04-06 05:40:22.646000+00:00;5;1256;17;10006
2025-04-06 05:40:22.646000+00:00;27;1256;18;10006
2025-04-06 05:40:39.334000+00:00;7;1256;18;10006
2025-04-06 05:40:39.334000+00:00;27;1256;19;10006
2025-04-06 05:41:33.600000+00:00;1;1256;4;10006
2025-04-06 05:41:33.600000+00:00;23;1256;5;10006
2025-04-06 05:41:36.116000+00:00;4;1256;5;10006
2025-04-06 05:41:36.116000+00:00;23;1256;6;10006
2025-04-06 05:41:38.022000+00:00;23;1256;7;10006
2025-04-06 05:41:38.022000+00:00;81;1256;6;10006
2025-04-06 05:41:42.881000+00:00;14;1256;9;10006
2025-04-06 05:41:42.881000+00:00;16;1256;8;10006
2025-04-06 05:41:42.881000+00:00;87;1256;10;10006
2025-04-06 05:41:45.194000+00:00;14;1256;10;10006
2025-04-06 05:41:45.194000+00:00;63;1256;9;10006
2025-04-06 05:41:45.194000+00:00;87;1256;11;10006
2025-04-06 05:41:50.209000+00:00;10;1256;11;10006
2025-04-06 05:41:50.209000+00:00;87;1256;12;10006
2025-04-06 05:41:51.319000+00:00;22;1256;14;10006
2025-04-06 05:41:51.319000+00:00;30;1256;12;10006
2025-04-06 05:41:51.319000+00:00;87;1256;13;10006
2025-04-06 05:41:52.381000+00:00;22;1256;15;10006
2025-04-06 05:41:52.381000+00:00;55;1256;13;10006
2025-04-06 05:41:52.381000+00:00;87;1256;14;10006
2025-04-06 05:41:54.288000+00:00;22;1256;16;10006
2025-04-06 05:41:54.288000+00:00;31;1256;14;10006
2025-04-06 05:41:54.288000+00:00;87;1256;15;10006
2025-04-06 05:41:56.522000+00:00;5;1256;15;10006
2025-04-06 05:41:56.522000+00:00;22;1256;17;10006
2025-04-06 05:41:56.522000+00:00;87;1256;16;10006
2025-04-06 05:43:06.116000+00:00;1;1256;3;10006
2025-04-06 05:43:06.116000+00:00;6;1256;4;10006
2025-04-06 05:43:15.492000+00:00;16;1256;7;10006
2025-04-06 05:43:15.492000+00:00;23;1256;8;10006
2025-04-06 05:43:18.101000+00:00;23;1256;9;10006
2025-04-06 05:43:18.101000+00:00;63;1256;8;10006
2025-04-06 05:43:25.445000+00:00;10;1256;12;10006
2025-04-06 05:43:25.445000+00:00;14;1256;11;10006
2025-04-06 05:43:25.445000+00:00;23;1256;10;10006
2025-04-06 05:43:25.445000+00:00;30;1256;9;10006
2025-04-06 05:43:26.320000+00:00;10;1256;13;10006
2025-04-06 05:43:26.320000+00:00;14;1256;12;10006
2025-04-06 05:43:26.320000+00:00;23;1256;11;10006
2025-04-06 05:43:26.320000+00:00;55;1256;10;10006
2025-04-06 05:43:28.273000+00:00;10;1256;14;10006
2025-04-06 05:43:28.273000+00:00;14;1256;13;10006
2025-04-06 05:43:28.273000+00:00;23;1256;12;10006
2025-04-06 05:43:28.273000+00:00;31;1256;11;10006
2025-04-06 05:43:30.117000+00:00;5;1256;12;10006
2025-04-06 05:43:30.117000+00:00;10;1256;15;10006
2025-04-06 05:43:30.117000+00:00;14;1256;14;10006
2025-04-06 05:43:30.117000+00:00;23;1256;13;10006
2025-04-06 05:43:37.257000+00:00;10;1256;16;10006
2025-04-06 05:43:37.257000+00:00;14;1256;15;10006
2025-04-06 05:43:37.257000+00:00;87;1256;14;10006
2025-04-06 05:43:44.242000+00:00;10;1256;17;10006
2025-04-06 05:43:44.242000+00:00;22;1256;16;10006
2025-04-06 05:43:46.257000+00:00;7;1256;17;10006
2025-04-06 05:43:46.257000+00:00;10;1256;18;10006
2025-04-06 05:44:40.899000+00:00;4;1256;4;10006
2025-04-06 05:44:40.899000+00:00;6;1256;5;10006
2025-04-06 05:44:42.867000+00:00;6;1256;6;10006
2025-04-06 05:44:42.867000+00:00;81;1256;5;10006
2025-04-06 05:44:48.055000+00:00;6;1256;7;10006
2025-04-06 05:44:48.055000+00:00;16;1256;6;10006
2025-04-06 05:44:50.602000+00:00;6;1256;8;10006
2025-04-06 05:44:50.602000+00:00;63;1256;7;10006
2025-04-06 05:44:59.492000+00:00;6;1256;9;10006
2025-04-06 05:44:59.492000+00:00;30;1256;8;10006
2025-04-06 05:45:01.102000+00:00;6;1256;10;10006
2025-04-06 05:45:01.102000+00:00;55;1256;9;10006
2025-04-06 05:48:13.453000+00:00;5;1256;13;10006
2025-04-06 05:48:13.453000+00:00;23;1256;12;10006
2025-04-06 05:49:45.854000+00:00;23;1256;11;10006
2025-04-06 05:49:45.854000+00:00;31;1256;12;10006
2025-04-06 05:50:48.117000+00:00;1;1256;2;10006
2025-04-06 05:50:48.117000+00:00;44;1256;3;10006
2025-04-06 05:50:49.695000+00:00;4;1256;3;10006
2025-04-06 05:50:49.695000+00:00;44;1256;4;10006
2025-04-06 05:51:16.977000+00:00;6;1256;9;10006
2025-04-06 05:51:16.977000+00:00;55;1256;10;10006
2025-04-06 05:51:19.117000+00:00;23;1256;10;10006
2025-04-06 05:51:19.117000+00:00;55;1256;11;10006
2025-04-06 05:52:23.696000+00:00;44;1256;5;10006
2025-04-06 05:52:23.696000+00:00;81;1256;4;10006
2025-04-06 05:52:29.118000+00:00;16;1256;5;10006
2025-04-06 05:52:29.118000+00:00;44;1256;6;10006
2025-04-06 05:52:32.712000+00:00;44;1256;7;10006
2025-04-06 05:52:32.712000+00:00;63;1256;6;10006
2025-04-06 05:52:50.149000+00:00;6;1256;8;10006
2025-04-06 05:52:50.149000+00:00;30;1256;9;10006
2025-04-06 05:52:56.759000+00:00;5;1256;14;10006
2025-04-06 05:52:56.759000+00:00;87;1256;13;10006
2025-04-06 05:53:51.868000+00:00;1;1256;1;10006
2025-04-06 05:53:51.868000+00:00;12;1256;2;10006
2025-04-06 05:53:53.353000+00:00;4;1256;2;10006
2025-04-06 05:53:53.353000+00:00;12;1256;3;10006
2025-04-06 05:53:55.447000+00:00;12;1256;4;10006
2025-04-06 05:53:55.447000+00:00;81;1256;3;10006
2025-04-06 05:54:01.197000+00:00;12;1256;5;10006
2025-04-06 05:54:01.197000+00:00;16;1256;4;10006
2025-04-06 05:54:04.572000+00:00;12;1256;6;10006
2025-04-06 05:54:04.572000+00:00;63;1256;5;10006
2025-04-06 05:54:25.853000+00:00;23;1256;9;10006
2025-04-06 05:54:25.853000+00:00;30;1256;10;10006
2025-04-06 05:54:30.114000+00:00;31;1256;13;10006
2025-04-06 05:54:30.114000+00:00;87;1256;12;10006
2025-04-06 05:54:33.988000+00:00;5;1256;15;10006
2025-04-06 05:54:33.988000+00:00;14;1256;14;10006
2025-04-06 05:54:35.519000+00:00;5;1256;16;10006
2025-04-06 05:54:35.519000+00:00;22;1256;15;10006
2025-04-06 05:54:39.113000+00:00;5;1256;17;10006
2025-04-06 05:54:39.113000+00:00;7;1256;16;10006
2025-04-06 05:54:40.035000+00:00;5;1256;18;10006
2025-04-06 05:54:40.035000+00:00;10;1256;17;10006
2025-04-06 05:54:41.472000+00:00;5;1256;19;10006
2025-04-06 05:54:41.472000+00:00;27;1256;18;10006
2025-04-06 05:56:03.704000+00:00;55;1256;12;10006
2025-04-06 05:56:03.704000+00:00;87;1256;11;10006
2025-04-06 05:56:06.501000+00:00;14;1256;13;10006
2025-04-06 05:56:06.501000+00:00;31;1256;14;10006
2025-04-06 05:56:08.142000+00:00;22;1256;14;10006
2025-04-06 05:56:08.142000+00:00;31;1256;15;10006
2025-04-06 05:56:12.673000+00:00;7;1256;17;10006
2025-04-06 05:56:12.673000+00:00;10;1256;15;10006
2025-04-06 05:56:12.673000+00:00;31;1256;16;10006
2025-04-06 05:56:14.235000+00:00;7;1256;16;10006
2025-04-06 05:56:14.235000+00:00;31;1256;17;10006
2025-04-06 05:56:14.720000+00:00;27;1256;17;10006
2025-04-06 05:56:14.720000+00:00;31;1256;18;10006
2025-04-06 05:57:35.814000+00:00;30;1256;11;10006
2025-04-06 05:57:35.814000+00:00;87;1256;10;10006
2025-04-06 05:57:38.908000+00:00;14;1256;11;10006
2025-04-06 05:57:38.908000+00:00;30;1256;12;10006
2025-04-06 05:57:38.908000+00:00;55;1256;13;10006
2025-04-06 05:57:40.674000+00:00;22;1256;12;10006
2025-04-06 05:57:40.674000+00:00;30;1256;13;10006
2025-04-06 05:57:40.674000+00:00;55;1256;14;10006
2025-04-06 05:57:45.064000+00:00;10;1256;13;10006
2025-04-06 05:57:45.064000+00:00;30;1256;14;10006
2025-04-06 05:57:45.064000+00:00;55;1256;15;10006
2025-04-06 05:57:47.611000+00:00;7;1256;14;10006
2025-04-06 05:57:47.611000+00:00;30;1256;15;10006
2025-04-06 05:57:47.611000+00:00;55;1256;16;10006
2025-04-06 05:57:48.189000+00:00;27;1256;15;10006
2025-04-06 05:57:48.189000+00:00;30;1256;16;10006
2025-04-06 05:57:48.189000+00:00;55;1256;17;10006
2025-04-06 06:01:00.896000+00:00;30;1256;17;10006
2025-04-06 06:01:00.896000+00:00;55;1256;16;10006
2025-04-06 06:22:34.690000+00:00;7;1256;15;10006
2025-04-06 06:22:34.690000+00:00;55;1256;14;10006
2025-04-11 11:16:58.595000+00:00;4;1257;1;10007
2025-04-11 11:16:58.595000+00:00;5;1257;2;10007
2025-04-11 11:16:58.595000+00:00;6;1257;3;10007
2025-04-11 11:16:58.595000+00:00;7;1257;4;10007
2025-04-11 11:16:58.595000+00:00;10;1257;5;10007
2025-04-11 11:16:58.595000+00:00;12;1257;6;10007
2025-04-11 11:16:58.595000+00:00;18;1257;7;10007
2025-04-11 11:16:58.595000+00:00;22;1257;8;10007
2025-04-11 11:16:58.595000+00:00;23;1257;9;10007
2025-04-11 11:16:58.595000+00:00;27;1257;10;10007
2025-04-11 11:16:58.595000+00:00;30;1257;11;10007
2025-04-11 11:16:58.595000+00:00;31;1257;12;10007
2025-04-11 11:16:58.595000+00:00;34;1257;13;10007
2025-04-11 11:16:58.595000+00:00;37;1257;14;10007
2025-04-11 11:16:58.595000+00:00;38;1257;15;10007
2025-04-11 11:16:58.595000+00:00;44;1257;16;10007
2025-04-11 11:16:58.595000+00:00;46;1257;17;10007
2025-04-11 11:16:58.595000+00:00;50;1257;18;10007
2025-04-11 11:16:58.595000+00:00;72;1257;19;10007
2025-04-11 11:16:58.595000+00:00;81;1257;20;10007
2025-04-11 11:30:05.781000+00:00;4;1257;2;10007
2025-04-11 11:30:05.781000+00:00;5;1257;3;10007
2025-04-11 11:30:05.781000+00:00;6;1257;4;10007
2025-04-11 11:30:05.781000+00:00;7;1257;5;10007
2025-04-11 11:30:05.781000+00:00;10;1257;6;10007
2025-04-11 11:30:05.781000+00:00;12;1257;7;10007
2025-04-11 11:30:05.781000+00:00;18;1257;8;10007
2025-04-11 11:30:05.781000+00:00;22;1257;9;10007
2025-04-11 11:30:05.781000+00:00;23;1257;10;10007
2025-04-11 11:30:05.781000+00:00;27;1257;11;10007
2025-04-11 11:30:05.781000+00:00;30;1257;12;10007
2025-04-11 11:30:05.781000+00:00;31;1257;13;10007
2025-04-11 11:30:05.781000+00:00;34;1257;14;10007
2025-04-11 11:30:05.781000+00:00;37;1257;1;10007
2025-04-11 11:30:13.180000+00:00;4;1257;3;10007
2025-04-11 11:30:13.180000+00:00;5;1257;4;10007
2025-04-11 11:30:13.180000+00:00;6;1257;5;10007
2025-04-11 11:30:13.180000+00:00;7;1257;6;10007
2025-04-11 11:30:13.180000+00:00;10;1257;7;10007
2025-04-11 11:30:13.180000+00:00;12;1257;8;10007
2025-04-11 11:30:13.180000+00:00;18;1257;9;10007
2025-04-11 11:30:13.180000+00:00;22;1257;10;10007
2025-04-11 11:30:13.180000+00:00;23;1257;11;10007
2025-04-11 11:30:13.180000+00:00;27;1257;12;10007
2025-04-11 11:30:13.180000+00:00;30;1257;13;10007
2025-04-11 11:30:13.180000+00:00;31;1257;14;10007
2025-04-11 11:30:13.180000+00:00;34;1257;15;10007
2025-04-11 11:30:13.180000+00:00;38;1257;16;10007
2025-04-11 11:30:13.180000+00:00;44;1257;17;10007
2025-04-11 11:30:13.180000+00:00;46;1257;2;10007
2025-04-11 11:30:17.751000+00:00;4;1257;4;10007
2025-04-11 11:30:17.751000+00:00;5;1257;5;10007
2025-04-11 11:30:17.751000+00:00;6;1257;6;10007
2025-04-11 11:30:17.751000+00:00;7;1257;7;10007
2025-04-11 11:30:17.751000+00:00;10;1257;8;10007
2025-04-11 11:30:17.751000+00:00;12;1257;9;10007
2025-04-11 11:30:17.751000+00:00;18;1257;10;10007
2025-04-11 11:30:17.751000+00:00;22;1257;11;10007
2025-04-11 11:30:17.751000+00:00;23;1257;12;10007
2025-04-11 11:30:17.751000+00:00;27;1257;13;10007
2025-04-11 11:30:17.751000+00:00;30;1257;14;10007
2025-04-11 11:30:17.751000+00:00;31;1257;15;10007
2025-04-11 11:30:17.751000+00:00;34;1257;16;10007
2025-04-11 11:30:17.751000+00:00;38;1257;17;10007
2025-04-11 11:30:17.751000+00:00;44;1257;18;10007
2025-04-11 11:30:17.751000+00:00;50;1257;3;10007
2025-04-11 11:30:20.427000+00:00;4;1257;5;10007
2025-04-11 11:30:20.427000+00:00;5;1257;6;10007
2025-04-11 11:30:20.427000+00:00;6;1257;7;10007
2025-04-11 11:30:20.427000+00:00;7;1257;8;10007
2025-04-11 11:30:20.427000+00:00;10;1257;9;10007
2025-04-11 11:30:20.427000+00:00;12;1257;10;10007
2025-04-11 11:30:20.427000+00:00;18;1257;11;10007
2025-04-11 11:30:20.427000+00:00;22;1257;12;10007
2025-04-11 11:30:20.427000+00:00;23;1257;13;10007
2025-04-11 11:30:20.427000+00:00;27;1257;14;10007
2025-04-11 11:30:20.427000+00:00;30;1257;15;10007
2025-04-11 11:30:20.427000+00:00;31;1257;4;10007
2025-04-11 11:30:22.526000+00:00;4;1257;6;10007
2025-04-11 11:30:22.526000+00:00;5;1257;5;10007
2025-04-11 11:30:26.445000+00:00;4;1257;7;10007
2025-04-11 11:30:26.445000+00:00;6;1257;8;10007
2025-04-11 11:30:26.445000+00:00;7;1257;9;10007
2025-04-11 11:30:26.445000+00:00;10;1257;10;10007
2025-04-11 11:30:26.445000+00:00;12;1257;11;10007
2025-04-11 11:30:26.445000+00:00;18;1257;12;10007
2025-04-11 11:30:26.445000+00:00;22;1257;13;10007
2025-04-11 11:30:26.445000+00:00;23;1257;14;10007
2025-04-11 11:30:26.445000+00:00;27;1257;15;10007
2025-04-11 11:30:26.445000+00:00;30;1257;6;10007
2025-04-11 11:30:45.063000+00:00;4;1257;8;10007
2025-04-11 11:30:45.063000+00:00;6;1257;9;10007
2025-04-11 11:30:45.063000+00:00;7;1257;7;10007
2025-04-11 11:30:48.506000+00:00;4;1257;9;10007
2025-04-11 11:30:48.506000+00:00;6;1257;10;10007
2025-04-11 11:30:48.506000+00:00;10;1257;11;10007
2025-04-11 11:30:48.506000+00:00;12;1257;12;10007
2025-04-11 11:30:48.506000+00:00;18;1257;13;10007
2025-04-11 11:30:48.506000+00:00;22;1257;14;10007
2025-04-11 11:30:48.506000+00:00;23;1257;15;10007
2025-04-11 11:30:48.506000+00:00;27;1257;16;10007
2025-04-11 11:30:48.506000+00:00;34;1257;17;10007
2025-04-11 11:30:48.506000+00:00;38;1257;18;10007
2025-04-11 11:30:48.506000+00:00;44;1257;19;10007
2025-04-11 11:30:48.506000+00:00;72;1257;8;10007
2025-04-11 11:30:51.531000+00:00;4;1257;10;10007
2025-04-11 11:30:51.531000+00:00;6;1257;11;10007
2025-04-11 11:30:51.531000+00:00;10;1257;12;10007
2025-04-11 11:30:51.531000+00:00;12;1257;13;10007
2025-04-11 11:30:51.531000+00:00;18;1257;14;10007
2025-04-11 11:30:51.531000+00:00;22;1257;15;10007
2025-04-11 11:30:51.531000+00:00;23;1257;16;10007
2025-04-11 11:30:51.531000+00:00;27;1257;17;10007
2025-04-11 11:30:51.531000+00:00;34;1257;18;10007
2025-04-11 11:30:51.531000+00:00;38;1257;9;10007
2025-04-11 11:30:53.691000+00:00;4;1257;11;10007
2025-04-11 11:30:53.691000+00:00;6;1257;12;10007
2025-04-11 11:30:53.691000+00:00;10;1257;13;10007
2025-04-11 11:30:53.691000+00:00;12;1257;10;10007
2025-04-11 11:31:02.772000+00:00;4;1257;12;10007
2025-04-11 11:31:02.772000+00:00;6;1257;13;10007
2025-04-11 11:31:02.772000+00:00;10;1257;14;10007
2025-04-11 11:31:02.772000+00:00;18;1257;15;10007
2025-04-11 11:31:02.772000+00:00;22;1257;16;10007
2025-04-11 11:31:02.772000+00:00;23;1257;17;10007
2025-04-11 11:31:02.772000+00:00;27;1257;18;10007
2025-04-11 11:31:02.772000+00:00;34;1257;19;10007
2025-04-11 11:31:02.772000+00:00;44;1257;11;10007
2025-04-11 11:31:06.865000+00:00;4;1257;13;10007
2025-04-11 11:31:06.865000+00:00;6;1257;14;10007
2025-04-11 11:31:06.865000+00:00;10;1257;12;10007
2025-04-11 11:31:11.266000+00:00;4;1257;14;10007
2025-04-11 11:31:11.266000+00:00;6;1257;15;10007
2025-04-11 11:31:11.266000+00:00;18;1257;16;10007
2025-04-11 11:31:11.266000+00:00;22;1257;13;10007
2025-04-11 11:31:18.280000+00:00;6;1257;16;10007
2025-04-11 11:31:18.280000+00:00;18;1257;15;10007
2025-04-11 11:31:23.998000+00:00;6;1257;17;10007
2025-04-11 11:31:23.998000+00:00;23;1257;18;10007
2025-04-11 11:31:23.998000+00:00;27;1257;16;10007
2025-04-11 11:31:25.772000+00:00;6;1257;18;10007
2025-04-11 11:31:25.772000+00:00;23;1257;19;10007
2025-04-11 11:31:25.772000+00:00;34;1257;17;10007
2025-04-11 11:31:36.096000+00:00;6;1257;19;10007
2025-04-11 11:31:36.096000+00:00;23;1257;18;10007
2025-04-11 11:31:40.178000+00:00;6;1257;20;10007
2025-04-11 11:31:40.178000+00:00;81;1257;19;10007
2025-04-11 11:34:07.349000+00:00;37;1257;2;10007
2025-04-11 11:34:07.349000+00:00;46;1257;3;10007
2025-04-11 11:34:07.349000+00:00;50;1257;1;10007
2025-04-11 11:34:15.651000+00:00;5;1257;2;10007
2025-04-11 11:34:15.651000+00:00;31;1257;5;10007
2025-04-11 11:34:15.651000+00:00;37;1257;3;10007
2025-04-11 11:34:15.651000+00:00;46;1257;4;10007
2025-04-11 11:34:26.905000+00:00;5;1257;3;10007
2025-04-11 11:34:26.905000+00:00;31;1257;1;10007
2025-04-11 11:34:26.905000+00:00;37;1257;4;10007
2025-04-11 11:34:26.905000+00:00;46;1257;5;10007
2025-04-11 11:34:26.905000+00:00;50;1257;2;10007
2025-04-11 11:34:37.076000+00:00;5;1257;4;10007
2025-04-11 11:34:37.076000+00:00;30;1257;2;10007
2025-04-11 11:34:37.076000+00:00;37;1257;5;10007
2025-04-11 11:34:37.076000+00:00;46;1257;6;10007
2025-04-11 11:34:37.076000+00:00;50;1257;3;10007
2025-04-11 11:34:44.697000+00:00;7;1257;5;10007
2025-04-11 11:34:44.697000+00:00;37;1257;6;10007
2025-04-11 11:34:44.697000+00:00;46;1257;7;10007
2025-04-11 11:34:45.789000+00:00;5;1257;5;10007
2025-04-11 11:34:45.789000+00:00;7;1257;6;10007
2025-04-11 11:34:45.789000+00:00;12;1257;11;10007
2025-04-11 11:34:45.789000+00:00;30;1257;3;10007
2025-04-11 11:34:45.789000+00:00;37;1257;7;10007
2025-04-11 11:34:45.789000+00:00;38;1257;10;10007
2025-04-11 11:34:45.789000+00:00;44;1257;2;10007
2025-04-11 11:34:45.789000+00:00;46;1257;8;10007
2025-04-11 11:34:45.789000+00:00;50;1257;4;10007
2025-04-11 11:34:45.789000+00:00;72;1257;9;10007
2025-04-11 11:34:55.248000+00:00;37;1257;8;10007
2025-04-11 11:34:55.248000+00:00;46;1257;9;10007
2025-04-11 11:34:55.248000+00:00;72;1257;7;10007
2025-04-11 11:34:59.551000+00:00;37;1257;9;10007
2025-04-11 11:34:59.551000+00:00;38;1257;7;10007
2025-04-11 11:34:59.551000+00:00;46;1257;10;10007
2025-04-11 11:34:59.551000+00:00;72;1257;8;10007
2025-04-11 11:35:11.303000+00:00;5;1257;6;10007
2025-04-11 11:35:11.303000+00:00;7;1257;7;10007
2025-04-11 11:35:11.303000+00:00;10;1257;13;10007
2025-04-11 11:35:11.303000+00:00;12;1257;12;10007
2025-04-11 11:35:11.303000+00:00;22;1257;3;10007
2025-04-11 11:35:11.303000+00:00;30;1257;4;10007
2025-04-11 11:35:11.303000+00:00;37;1257;10;10007
2025-04-11 11:35:11.303000+00:00;38;1257;8;10007
2025-04-11 11:35:11.303000+00:00;46;1257;11;10007
2025-04-11 11:35:11.303000+00:00;50;1257;5;10007
2025-04-11 11:35:11.303000+00:00;72;1257;9;10007
2025-04-11 11:35:17.608000+00:00;5;1257;7;10007
2025-04-11 11:35:17.608000+00:00;7;1257;8;10007
2025-04-11 11:35:17.608000+00:00;12;1257;4;10007
2025-04-11 11:35:17.608000+00:00;30;1257;5;10007
2025-04-11 11:35:17.608000+00:00;37;1257;11;10007
2025-04-11 11:35:17.608000+00:00;38;1257;9;10007
2025-04-11 11:35:17.608000+00:00;46;1257;12;10007
2025-04-11 11:35:17.608000+00:00;50;1257;6;10007
2025-04-11 11:35:17.608000+00:00;72;1257;10;10007
2025-04-11 11:35:25.073000+00:00;4;1257;15;10007
2025-04-11 11:35:25.073000+00:00;5;1257;8;10007
2025-04-11 11:35:25.073000+00:00;7;1257;9;10007
2025-04-11 11:35:25.073000+00:00;10;1257;14;10007
2025-04-11 11:35:25.073000+00:00;18;1257;7;10007
2025-04-11 11:35:25.073000+00:00;37;1257;12;10007
2025-04-11 11:35:25.073000+00:00;38;1257;10;10007
2025-04-11 11:35:25.073000+00:00;46;1257;13;10007
2025-04-11 11:35:25.073000+00:00;72;1257;11;10007
2025-04-11 11:35:25.275000+00:00;10;1257;13;10007
2025-04-11 11:35:25.275000+00:00;46;1257;14;10007
2025-04-11 11:35:33.210000+00:00;37;1257;11;10007
2025-04-11 11:35:33.210000+00:00;72;1257;12;10007
2025-04-11 11:35:34.747000+00:00;4;1257;16;10007
2025-04-11 11:35:34.747000+00:00;10;1257;14;10007
2025-04-11 11:35:34.747000+00:00;27;1257;17;10007
2025-04-11 11:35:34.747000+00:00;34;1257;10;10007
2025-04-11 11:35:34.747000+00:00;37;1257;12;10007
2025-04-11 11:35:34.747000+00:00;38;1257;11;10007
2025-04-11 11:35:34.747000+00:00;46;1257;15;10007
2025-04-11 11:35:34.747000+00:00;72;1257;13;10007
2025-04-11 11:35:38.496000+00:00;4;1257;1;10007
2025-04-11 11:35:38.496000+00:00;5;1257;9;10007
2025-04-11 11:35:38.496000+00:00;7;1257;10;10007
2025-04-11 11:35:38.496000+00:00;10;1257;15;10007
2025-04-11 11:35:38.496000+00:00;12;1257;5;10007
2025-04-11 11:35:38.496000+00:00;18;1257;8;10007
2025-04-11 11:35:38.496000+00:00;22;1257;4;10007
2025-04-11 11:35:38.496000+00:00;30;1257;6;10007
2025-04-11 11:35:38.496000+00:00;31;1257;2;10007
2025-04-11 11:35:38.496000+00:00;34;1257;11;10007
2025-04-11 11:35:38.496000+00:00;37;1257;13;10007
2025-04-11 11:35:38.496000+00:00;38;1257;12;10007
2025-04-11 11:35:38.496000+00:00;44;1257;3;10007
2025-04-11 11:35:38.496000+00:00;46;1257;16;10007
2025-04-11 11:35:38.496000+00:00;50;1257;7;10007
2025-04-11 11:35:38.496000+00:00;72;1257;14;10007
2025-04-11 11:35:43.727000+00:00;5;1257;10;10007
2025-04-11 11:35:43.727000+00:00;7;1257;11;10007
2025-04-11 11:35:43.727000+00:00;10;1257;16;10007
2025-04-11 11:35:43.727000+00:00;12;1257;6;10007
2025-04-11 11:35:43.727000+00:00;18;1257;9;10007
2025-04-11 11:35:43.727000+00:00;22;1257;5;10007
2025-04-11 11:35:43.727000+00:00;23;1257;2;10007
2025-04-11 11:35:43.727000+00:00;27;1257;18;10007
2025-04-11 11:35:43.727000+00:00;30;1257;7;10007
2025-04-11 11:35:43.727000+00:00;31;1257;3;10007
2025-04-11 11:35:43.727000+00:00;34;1257;12;10007
2025-04-11 11:35:43.727000+00:00;37;1257;14;10007
2025-04-11 11:35:43.727000+00:00;38;1257;13;10007
2025-04-11 11:35:43.727000+00:00;44;1257;4;10007
2025-04-11 11:35:43.727000+00:00;46;1257;17;10007
2025-04-11 11:35:43.727000+00:00;50;1257;8;10007
2025-04-11 11:35:43.727000+00:00;72;1257;15;10007
2025-04-11 11:35:52.558000+00:00;5;1257;11;10007
2025-04-11 11:35:52.558000+00:00;7;1257;12;10007
2025-04-11 11:35:52.558000+00:00;10;1257;17;10007
2025-04-11 11:35:52.558000+00:00;12;1257;7;10007
2025-04-11 11:35:52.558000+00:00;18;1257;10;10007
2025-04-11 11:35:52.558000+00:00;22;1257;6;10007
2025-04-11 11:35:52.558000+00:00;27;1257;19;10007
2025-04-11 11:35:52.558000+00:00;30;1257;8;10007
2025-04-11 11:35:52.558000+00:00;34;1257;13;10007
2025-04-11 11:35:52.558000+00:00;37;1257;15;10007
2025-04-11 11:35:52.558000+00:00;38;1257;14;10007
2025-04-11 11:35:52.558000+00:00;44;1257;5;10007
2025-04-11 11:35:52.558000+00:00;46;1257;18;10007
2025-04-11 11:35:52.558000+00:00;50;1257;9;10007
2025-04-11 11:35:52.558000+00:00;72;1257;16;10007
2025-04-11 11:35:52.558000+00:00;81;1257;4;10007
2025-04-11 11:36:00.661000+00:00;27;1257;18;10007
2025-04-11 11:36:00.661000+00:00;46;1257;19;10007
2025-04-11 11:36:07.043000+00:00;5;1257;12;10007
2025-04-11 11:36:07.043000+00:00;6;1257;6;10007
2025-04-11 11:36:07.043000+00:00;7;1257;13;10007
2025-04-11 11:36:07.043000+00:00;10;1257;18;10007
2025-04-11 11:36:07.043000+00:00;12;1257;8;10007
2025-04-11 11:36:07.043000+00:00;18;1257;11;10007
2025-04-11 11:36:07.043000+00:00;22;1257;7;10007
2025-04-11 11:36:07.043000+00:00;27;1257;19;10007
2025-04-11 11:36:07.043000+00:00;30;1257;9;10007
2025-04-11 11:36:07.043000+00:00;34;1257;14;10007
2025-04-11 11:36:07.043000+00:00;37;1257;16;10007
2025-04-11 11:36:07.043000+00:00;38;1257;15;10007
2025-04-11 11:36:07.043000+00:00;46;1257;20;10007
2025-04-11 11:36:07.043000+00:00;50;1257;10;10007
2025-04-11 11:36:07.043000+00:00;72;1257;17;10007
2025-04-11 11:37:01.992000+00:00;5;1257;13;10007
2025-04-11 11:37:01.992000+00:00;6;1257;7;10007
2025-04-11 11:37:01.992000+00:00;7;1257;14;10007
2025-04-11 11:37:01.992000+00:00;10;1257;4;10007
2025-04-11 11:37:01.992000+00:00;12;1257;9;10007
2025-04-11 11:37:01.992000+00:00;18;1257;12;10007
2025-04-11 11:37:01.992000+00:00;22;1257;8;10007
2025-04-11 11:37:01.992000+00:00;30;1257;10;10007
2025-04-11 11:37:01.992000+00:00;34;1257;15;10007
2025-04-11 11:37:01.992000+00:00;37;1257;17;10007
2025-04-11 11:37:01.992000+00:00;38;1257;16;10007
2025-04-11 11:37:01.992000+00:00;44;1257;6;10007
2025-04-11 11:37:01.992000+00:00;50;1257;11;10007
2025-04-11 11:37:01.992000+00:00;72;1257;18;10007
2025-04-11 11:37:01.992000+00:00;81;1257;5;10007
2025-04-11 11:37:39.186000+00:00;5;1257;14;10007
2025-04-11 11:37:39.186000+00:00;7;1257;15;10007
2025-04-11 11:37:39.186000+00:00;18;1257;13;10007
2025-04-11 11:37:39.186000+00:00;27;1257;12;10007
2025-04-11 11:37:39.186000+00:00;34;1257;16;10007
2025-04-11 11:37:39.186000+00:00;37;1257;18;10007
2025-04-11 11:37:39.186000+00:00;38;1257;17;10007
2025-04-11 11:37:39.186000+00:00;72;1257;19;10007
2025-04-11 11:37:58.782000+00:00;6;1257;8;10007
2025-04-11 11:37:58.782000+00:00;12;1257;10;10007
2025-04-11 11:37:58.782000+00:00;22;1257;9;10007
2025-04-11 11:37:58.782000+00:00;30;1257;11;10007
2025-04-11 11:37:58.782000+00:00;50;1257;7;10007
2025-04-11 11:38:15.514000+00:00;5;1257;9;10007
2025-04-11 11:38:15.514000+00:00;12;1257;11;10007
2025-04-11 11:38:15.514000+00:00;18;1257;14;10007
2025-04-11 11:38:15.514000+00:00;22;1257;10;10007
2025-04-11 11:38:15.514000+00:00;27;1257;13;10007
2025-04-11 11:38:15.514000+00:00;30;1257;12;10007
2025-04-11 11:38:20.544000+00:00;7;1257;16;10007
2025-04-11 11:38:20.544000+00:00;34;1257;17;10007
2025-04-11 11:38:20.544000+00:00;38;1257;15;10007
2025-04-11 11:38:56.029000+00:00;5;1257;10;10007
2025-04-11 11:38:56.029000+00:00;6;1257;9;10007
2025-04-11 11:38:56.029000+00:00;7;1257;8;10007
2025-04-11 11:38:56.029000+00:00;12;1257;12;10007
2025-04-11 11:38:56.029000+00:00;18;1257;15;10007
2025-04-11 11:38:56.029000+00:00;22;1257;11;10007
2025-04-11 11:38:56.029000+00:00;27;1257;14;10007
2025-04-11 11:38:56.029000+00:00;30;1257;13;10007
2025-04-11 11:38:56.029000+00:00;38;1257;16;10007
2025-04-11 11:39:13.201000+00:00;34;1257;18;10007
2025-04-11 11:39:13.201000+00:00;37;1257;19;10007
2025-04-11 11:39:13.201000+00:00;72;1257;17;10007
2025-04-11 11:39:43.759000+00:00;5;1257;11;10007
2025-04-11 11:39:43.759000+00:00;6;1257;10;10007
2025-04-11 11:39:43.759000+00:00;7;1257;9;10007
2025-04-11 11:39:43.759000+00:00;12;1257;13;10007
2025-04-11 11:39:43.759000+00:00;18;1257;7;10007
2025-04-11 11:39:43.759000+00:00;22;1257;12;10007
2025-04-11 11:39:43.759000+00:00;27;1257;15;10007
2025-04-11 11:39:43.759000+00:00;30;1257;14;10007
2025-04-11 11:39:43.759000+00:00;50;1257;8;10007
2025-04-11 11:39:52.672000+00:00;34;1257;17;10007
2025-04-11 11:39:52.672000+00:00;72;1257;18;10007
2025-04-11 11:40:16.116000+00:00;10;1257;5;10007
2025-04-11 11:40:16.116000+00:00;31;1257;4;10007
2025-04-11 11:40:16.116000+00:00;81;1257;3;10007
2025-04-11 11:41:04.663000+00:00;10;1257;6;10007
2025-04-11 11:41:04.663000+00:00;31;1257;5;10007
2025-04-11 11:41:04.663000+00:00;44;1257;4;10007
2025-04-11 11:41:21.881000+00:00;31;1257;3;10007
2025-04-11 11:41:21.881000+00:00;44;1257;5;10007
2025-04-11 11:41:21.881000+00:00;81;1257;4;10007
2025-04-11 11:41:45.539000+00:00;5;1257;12;10007
2025-04-11 11:41:45.539000+00:00;6;1257;11;10007
2025-04-11 11:41:45.539000+00:00;7;1257;10;10007
2025-04-11 11:41:45.539000+00:00;12;1257;14;10007
2025-04-11 11:41:45.539000+00:00;22;1257;13;10007
2025-04-11 11:41:45.539000+00:00;30;1257;8;10007
2025-04-11 11:41:45.539000+00:00;50;1257;9;10007
2025-04-11 11:42:39.339000+00:00;5;1257;8;10007
2025-04-11 11:42:39.339000+00:00;6;1257;12;10007
2025-04-11 11:42:39.339000+00:00;7;1257;11;10007
2025-04-11 11:42:39.339000+00:00;30;1257;9;10007
2025-04-11 11:42:39.339000+00:00;50;1257;10;10007
2025-04-11 11:43:19.688000+00:00;34;1257;18;10007
2025-04-11 11:43:19.688000+00:00;38;1257;17;10007
2025-04-11 11:43:19.688000+00:00;72;1257;16;10007
2025-04-11 11:43:27.945000+00:00;10;1257;4;10007
2025-04-11 11:43:27.945000+00:00;44;1257;6;10007
2025-04-11 11:43:27.945000+00:00;81;1257;5;10007
2025-04-11 11:43:49.613000+00:00;6;1257;13;10007
2025-04-11 11:43:49.613000+00:00;7;1257;12;10007
2025-04-11 11:43:49.613000+00:00;12;1257;15;10007
2025-04-11 11:43:49.613000+00:00;22;1257;14;10007
2025-04-11 11:43:49.613000+00:00;27;1257;9;10007
2025-04-11 11:43:49.613000+00:00;30;1257;10;10007
2025-04-11 11:43:49.613000+00:00;50;1257;11;10007
2025-04-11 11:45:42.329000+00:00;6;1257;10;10007
2025-04-11 11:45:42.329000+00:00;7;1257;13;10007
2025-04-11 11:45:42.329000+00:00;30;1257;11;10007
2025-04-11 11:45:42.329000+00:00;50;1257;12;10007
2025-04-11 11:45:47.573000+00:00;5;1257;9;10007
2025-04-11 11:45:47.573000+00:00;6;1257;11;10007
2025-04-11 11:45:47.573000+00:00;7;1257;7;10007
2025-04-11 11:45:47.573000+00:00;18;1257;8;10007
2025-04-11 11:45:47.573000+00:00;27;1257;10;10007
2025-04-11 11:45:47.573000+00:00;30;1257;12;10007
2025-04-11 11:45:47.573000+00:00;50;1257;13;10007
2025-04-11 11:46:50.939000+00:00;5;1257;10;10007
2025-04-11 11:46:50.939000+00:00;6;1257;12;10007
2025-04-11 11:46:50.939000+00:00;7;1257;8;10007
2025-04-11 11:46:50.939000+00:00;18;1257;9;10007
2025-04-11 11:46:50.939000+00:00;22;1257;6;10007
2025-04-11 11:46:50.939000+00:00;27;1257;11;10007
2025-04-11 11:46:50.939000+00:00;30;1257;13;10007
2025-04-11 11:46:50.939000+00:00;44;1257;7;10007
2025-04-11 11:46:50.939000+00:00;50;1257;14;10007
2025-04-11 11:47:07.100000+00:00;10;1257;5;10007
2025-04-11 11:47:07.100000+00:00;31;1257;4;10007
2025-04-11 11:47:07.100000+00:00;81;1257;3;10007
2025-04-11 11:47:34.287000+00:00;5;1257;11;10007
2025-04-11 11:47:34.287000+00:00;6;1257;13;10007
2025-04-11 11:47:34.287000+00:00;12;1257;16;10007
2025-04-11 11:47:34.287000+00:00;18;1257;10;10007
2025-04-11 11:47:34.287000+00:00;27;1257;12;10007
2025-04-11 11:47:34.287000+00:00;30;1257;14;10007
2025-04-11 11:47:34.287000+00:00;50;1257;15;10007
2025-04-11 11:47:34.287000+00:00;72;1257;9;10007
2025-04-11 11:48:58.664000+00:00;5;1257;12;10007
2025-04-11 11:48:58.664000+00:00;6;1257;14;10007
2025-04-11 11:48:58.664000+00:00;18;1257;11;10007
2025-04-11 11:48:58.664000+00:00;27;1257;13;10007
2025-04-11 11:48:58.664000+00:00;30;1257;9;10007
2025-04-11 11:48:58.664000+00:00;72;1257;10;10007
2025-04-11 11:50:05.158000+00:00;5;1257;13;10007
2025-04-11 11:50:05.158000+00:00;7;1257;9;10007
2025-04-11 11:50:05.158000+00:00;10;1257;6;10007
2025-04-11 11:50:05.158000+00:00;18;1257;12;10007
2025-04-11 11:50:05.158000+00:00;22;1257;7;10007
2025-04-11 11:50:05.158000+00:00;27;1257;4;10007
2025-04-11 11:50:05.158000+00:00;30;1257;10;10007
2025-04-11 11:50:05.158000+00:00;31;1257;5;10007
2025-04-11 11:50:05.158000+00:00;44;1257;8;10007
2025-04-11 11:50:05.158000+00:00;72;1257;11;10007
2025-04-11 11:50:15.285000+00:00;12;1257;17;10007
2025-04-11 11:50:15.285000+00:00;34;1257;19;10007
2025-04-11 11:50:15.285000+00:00;37;1257;16;10007
2025-04-11 11:50:15.285000+00:00;38;1257;18;10007
2025-04-11 11:50:31.422000+00:00;10;1257;3;10007
2025-04-11 11:50:31.422000+00:00;27;1257;5;10007
2025-04-11 11:50:31.422000+00:00;31;1257;6;10007
2025-04-11 11:50:31.422000+00:00;81;1257;4;10007
2025-04-11 11:51:03.285000+00:00;18;1257;10;10007
2025-04-11 11:51:03.285000+00:00;30;1257;11;10007
2025-04-11 11:51:03.285000+00:00;72;1257;12;10007
2025-04-11 11:53:14.628000+00:00;4;1257;2;10007
2025-04-11 11:53:14.628000+00:00;23;1257;1;10007
2025-04-11 11:55:28.701000+00:00;7;1257;10;10007
2025-04-11 11:55:28.701000+00:00;18;1257;11;10007
2025-04-11 11:55:28.701000+00:00;22;1257;8;10007
2025-04-11 11:55:28.701000+00:00;30;1257;7;10007
2025-04-11 11:55:28.701000+00:00;44;1257;9;10007
2025-04-11 11:56:40.714000+00:00;12;1257;18;10007
2025-04-11 11:56:40.714000+00:00;34;1257;17;10007
2025-04-11 11:56:40.714000+00:00;38;1257;19;10007
2025-04-11 11:56:51.021000+00:00;5;1257;14;10007
2025-04-11 11:56:51.021000+00:00;6;1257;15;10007
2025-04-11 11:56:51.021000+00:00;18;1257;12;10007
2025-04-11 11:56:51.021000+00:00;37;1257;11;10007
2025-04-11 11:56:51.021000+00:00;50;1257;16;10007
2025-04-11 11:56:51.021000+00:00;72;1257;13;10007
2025-04-11 11:59:20.381000+00:00;7;1257;11;10007
2025-04-11 11:59:20.381000+00:00;10;1257;4;10007
2025-04-11 11:59:20.381000+00:00;18;1257;13;10007
2025-04-11 11:59:20.381000+00:00;22;1257;9;10007
2025-04-11 11:59:20.381000+00:00;27;1257;6;10007
2025-04-11 11:59:20.381000+00:00;30;1257;8;10007
2025-04-11 11:59:20.381000+00:00;31;1257;7;10007
2025-04-11 11:59:20.381000+00:00;37;1257;12;10007
2025-04-11 11:59:20.381000+00:00;44;1257;10;10007
2025-04-11 11:59:20.381000+00:00;72;1257;3;10007
2025-04-11 11:59:20.381000+00:00;81;1257;5;10007
2025-04-11 11:59:42.892000+00:00;4;1257;3;10007
2025-04-11 11:59:42.892000+00:00;5;1257;1;10007
2025-04-11 11:59:42.892000+00:00;7;1257;12;10007
2025-04-11 11:59:42.892000+00:00;10;1257;5;10007
2025-04-11 11:59:42.892000+00:00;18;1257;14;10007
2025-04-11 11:59:42.892000+00:00;22;1257;10;10007
2025-04-11 11:59:42.892000+00:00;23;1257;2;10007
2025-04-11 11:59:42.892000+00:00;27;1257;7;10007
2025-04-11 11:59:42.892000+00:00;30;1257;9;10007
2025-04-11 11:59:42.892000+00:00;31;1257;8;10007
2025-04-11 11:59:42.892000+00:00;37;1257;13;10007
2025-04-11 11:59:42.892000+00:00;44;1257;11;10007
2025-04-11 11:59:42.892000+00:00;72;1257;4;10007
2025-04-11 11:59:42.892000+00:00;81;1257;6;10007
2025-04-11 12:01:06.030000+00:00;6;1257;16;10007
2025-04-11 12:01:06.030000+00:00;34;1257;15;10007
2025-04-11 12:01:06.030000+00:00;50;1257;17;10007
2025-04-11 12:02:16.878000+00:00;6;1257;17;10007
2025-04-11 12:02:16.878000+00:00;7;1257;13;10007
2025-04-11 12:02:16.878000+00:00;10;1257;6;10007
2025-04-11 12:02:16.878000+00:00;18;1257;15;10007
2025-04-11 12:02:16.878000+00:00;22;1257;11;10007
2025-04-11 12:02:16.878000+00:00;27;1257;8;10007
2025-04-11 12:02:16.878000+00:00;30;1257;10;10007
2025-04-11 12:02:16.878000+00:00;31;1257;9;10007
2025-04-11 12:02:16.878000+00:00;34;1257;16;10007
2025-04-11 12:02:16.878000+00:00;37;1257;14;10007
2025-04-11 12:02:16.878000+00:00;44;1257;12;10007
2025-04-11 12:02:16.878000+00:00;50;1257;5;10007
2025-04-11 12:02:16.878000+00:00;81;1257;7;10007
2025-04-11 12:02:26.110000+00:00;4;1257;4;10007
2025-04-11 12:02:26.110000+00:00;5;1257;2;10007
2025-04-11 12:02:26.110000+00:00;10;1257;7;10007
2025-04-11 12:02:26.110000+00:00;23;1257;3;10007
2025-04-11 12:02:26.110000+00:00;27;1257;1;10007
2025-04-11 12:02:26.110000+00:00;50;1257;6;10007
2025-04-11 12:02:26.110000+00:00;72;1257;5;10007
2025-04-11 12:02:26.110000+00:00;81;1257;8;10007
2025-04-11 12:04:41.873000+00:00;4;1257;5;10007
2025-04-11 12:04:41.873000+00:00;5;1257;3;10007
2025-04-11 12:04:41.873000+00:00;10;1257;8;10007
2025-04-11 12:04:41.873000+00:00;23;1257;4;10007
2025-04-11 12:04:41.873000+00:00;50;1257;7;10007
2025-04-11 12:04:41.873000+00:00;72;1257;6;10007
2025-04-11 12:04:41.873000+00:00;81;1257;2;10007
2025-04-11 12:06:10.826000+00:00;4;1257;6;10007
2025-04-11 12:06:10.826000+00:00;6;1257;4;10007
2025-04-11 12:06:10.826000+00:00;7;1257;14;10007
2025-04-11 12:06:10.826000+00:00;10;1257;9;10007
2025-04-11 12:06:10.826000+00:00;18;1257;16;10007
2025-04-11 12:06:10.826000+00:00;22;1257;12;10007
2025-04-11 12:06:10.826000+00:00;23;1257;5;10007
2025-04-11 12:06:10.826000+00:00;30;1257;11;10007
2025-04-11 12:06:10.826000+00:00;31;1257;10;10007
2025-04-11 12:06:10.826000+00:00;34;1257;17;10007
2025-04-11 12:06:10.826000+00:00;37;1257;15;10007
2025-04-11 12:06:10.826000+00:00;44;1257;13;10007
2025-04-11 12:06:10.826000+00:00;50;1257;8;10007
2025-04-11 12:06:10.826000+00:00;72;1257;7;10007
2025-04-11 12:06:28.858000+00:00;4;1257;7;10007
2025-04-11 12:06:28.858000+00:00;5;1257;4;10007
2025-04-11 12:06:28.858000+00:00;6;1257;5;10007
2025-04-11 12:06:28.858000+00:00;10;1257;10;10007
2025-04-11 12:06:28.858000+00:00;23;1257;6;10007
2025-04-11 12:06:28.858000+00:00;27;1257;2;10007
2025-04-11 12:06:28.858000+00:00;31;1257;1;10007
2025-04-11 12:06:28.858000+00:00;50;1257;9;10007
2025-04-11 12:06:28.858000+00:00;72;1257;8;10007
2025-04-11 12:06:28.858000+00:00;81;1257;3;10007
2025-04-11 12:06:46.394000+00:00;4;1257;8;10007
2025-04-11 12:06:46.394000+00:00;5;1257;5;10007
2025-04-11 12:06:46.394000+00:00;6;1257;6;10007
2025-04-11 12:06:46.394000+00:00;10;1257;11;10007
2025-04-11 12:06:46.394000+00:00;23;1257;7;10007
2025-04-11 12:06:46.394000+00:00;30;1257;4;10007
2025-04-11 12:06:46.394000+00:00;50;1257;10;10007
2025-04-11 12:06:46.394000+00:00;72;1257;9;10007
2025-04-11 12:07:06.475000+00:00;4;1257;9;10007
2025-04-11 12:07:06.475000+00:00;5;1257;6;10007
2025-04-11 12:07:06.475000+00:00;6;1257;7;10007
2025-04-11 12:07:06.475000+00:00;7;1257;3;10007
2025-04-11 12:07:06.475000+00:00;10;1257;12;10007
2025-04-11 12:07:06.475000+00:00;22;1257;13;10007
2025-04-11 12:07:06.475000+00:00;23;1257;8;10007
2025-04-11 12:07:06.475000+00:00;30;1257;5;10007
2025-04-11 12:07:06.475000+00:00;44;1257;14;10007
2025-04-11 12:07:06.475000+00:00;50;1257;11;10007
2025-04-11 12:07:06.475000+00:00;72;1257;10;10007
2025-04-11 12:07:06.475000+00:00;81;1257;4;10007
2025-04-11 12:07:14.200000+00:00;4;1257;10;10007
2025-04-11 12:07:14.200000+00:00;5;1257;7;10007
2025-04-11 12:07:14.200000+00:00;6;1257;8;10007
2025-04-11 12:07:14.200000+00:00;10;1257;13;10007
2025-04-11 12:07:14.200000+00:00;22;1257;4;10007
2025-04-11 12:07:14.200000+00:00;23;1257;9;10007
2025-04-11 12:07:14.200000+00:00;30;1257;6;10007
2025-04-11 12:07:14.200000+00:00;50;1257;12;10007
2025-04-11 12:07:14.200000+00:00;72;1257;11;10007
2025-04-11 12:07:14.200000+00:00;81;1257;5;10007
2025-04-11 12:07:26.414000+00:00;5;1257;8;10007
2025-04-11 12:07:26.414000+00:00;6;1257;9;10007
2025-04-11 12:07:26.414000+00:00;7;1257;4;10007
2025-04-11 12:07:26.414000+00:00;22;1257;5;10007
2025-04-11 12:07:26.414000+00:00;23;1257;1;10007
2025-04-11 12:07:26.414000+00:00;27;1257;3;10007
2025-04-11 12:07:26.414000+00:00;30;1257;7;10007
2025-04-11 12:07:26.414000+00:00;31;1257;2;10007
2025-04-11 12:07:26.414000+00:00;81;1257;6;10007
2025-04-11 12:07:38.819000+00:00;4;1257;11;10007
2025-04-11 12:07:38.819000+00:00;5;1257;9;10007
2025-04-11 12:07:38.819000+00:00;6;1257;10;10007
2025-04-11 12:07:38.819000+00:00;7;1257;5;10007
2025-04-11 12:07:38.819000+00:00;10;1257;1;10007
2025-04-11 12:07:38.819000+00:00;22;1257;6;10007
2025-04-11 12:07:38.819000+00:00;23;1257;2;10007
2025-04-11 12:07:38.819000+00:00;27;1257;4;10007
2025-04-11 12:07:38.819000+00:00;30;1257;8;10007
2025-04-11 12:07:38.819000+00:00;31;1257;3;10007
2025-04-11 12:07:38.819000+00:00;50;1257;13;10007
2025-04-11 12:07:38.819000+00:00;72;1257;12;10007
2025-04-11 12:07:38.819000+00:00;81;1257;7;10007
2025-04-11 12:09:44.220000+00:00;50;1257;12;10007
2025-04-11 12:09:44.220000+00:00;72;1257;13;10007
2025-04-11 12:10:35.421000+00:00;4;1257;12;10007
2025-04-11 12:10:35.421000+00:00;18;1257;11;10007
2025-04-11 12:10:35.421000+00:00;37;1257;16;10007
2025-04-11 12:10:35.421000+00:00;44;1257;15;10007
2025-04-11 12:10:35.421000+00:00;50;1257;13;10007
2025-04-11 12:10:35.421000+00:00;72;1257;14;10007
2025-04-11 12:15:31.168000+00:00;4;1257;1;10007
2025-04-11 12:15:31.168000+00:00;5;1257;10;10007
2025-04-11 12:15:31.168000+00:00;6;1257;11;10007
2025-04-11 12:15:31.168000+00:00;7;1257;6;10007
2025-04-11 12:15:31.168000+00:00;10;1257;2;10007
2025-04-11 12:15:31.168000+00:00;18;1257;12;10007
2025-04-11 12:15:31.168000+00:00;22;1257;7;10007
2025-04-11 12:15:31.168000+00:00;23;1257;3;10007
2025-04-11 12:15:31.168000+00:00;27;1257;5;10007
2025-04-11 12:15:31.168000+00:00;30;1257;9;10007
2025-04-11 12:15:31.168000+00:00;31;1257;4;10007
2025-04-11 12:15:31.168000+00:00;81;1257;8;10007
2025-04-11 12:15:38.650000+00:00;22;1257;8;10007
2025-04-11 12:15:38.650000+00:00;30;1257;7;10007
2025-04-11 12:15:38.650000+00:00;81;1257;9;10007
2025-04-11 12:17:51.948000+00:00;37;1257;15;10007
2025-04-11 12:17:51.948000+00:00;44;1257;16;10007
2025-04-11 12:21:56.414000+00:00;34;1257;13;10007
2025-04-11 12:21:56.414000+00:00;37;1257;16;10007
2025-04-11 12:21:56.414000+00:00;44;1257;17;10007
2025-04-11 12:21:56.414000+00:00;50;1257;14;10007
2025-04-11 12:21:56.414000+00:00;72;1257;15;10007
2025-04-11 12:23:09.327000+00:00;12;1257;19;10007
2025-04-11 12:23:09.327000+00:00;18;1257;13;10007
2025-04-11 12:23:09.327000+00:00;34;1257;14;10007
2025-04-11 12:23:09.327000+00:00;37;1257;17;10007
2025-04-11 12:23:09.327000+00:00;38;1257;12;10007
2025-04-11 12:23:09.327000+00:00;44;1257;18;10007
2025-04-11 12:23:09.327000+00:00;50;1257;15;10007
2025-04-11 12:23:09.327000+00:00;72;1257;16;10007
2025-04-11 12:24:21.383000+00:00;5;1257;11;10007
2025-04-11 12:24:21.383000+00:00;6;1257;12;10007
2025-04-11 12:24:21.383000+00:00;7;1257;7;10007
2025-04-11 12:24:21.383000+00:00;18;1257;14;10007
2025-04-11 12:24:21.383000+00:00;22;1257;9;10007
2025-04-11 12:24:21.383000+00:00;23;1257;4;10007
2025-04-11 12:24:21.383000+00:00;27;1257;6;10007
2025-04-11 12:24:21.383000+00:00;30;1257;8;10007
2025-04-11 12:24:21.383000+00:00;31;1257;5;10007
2025-04-11 12:24:21.383000+00:00;34;1257;15;10007
2025-04-11 12:24:21.383000+00:00;37;1257;18;10007
2025-04-11 12:24:21.383000+00:00;38;1257;13;10007
2025-04-11 12:24:21.383000+00:00;44;1257;3;10007
2025-04-11 12:24:21.383000+00:00;50;1257;16;10007
2025-04-11 12:24:21.383000+00:00;72;1257;17;10007
2025-04-11 12:24:21.383000+00:00;81;1257;10;10007
2025-04-11 12:24:30.742000+00:00;12;1257;20;10007
2025-04-11 12:24:30.742000+00:00;18;1257;15;10007
2025-04-11 12:24:30.742000+00:00;34;1257;16;10007
2025-04-11 12:24:30.742000+00:00;37;1257;19;10007
2025-04-11 12:24:30.742000+00:00;38;1257;14;10007
2025-04-11 12:24:30.742000+00:00;46;1257;13;10007
2025-04-11 12:24:30.742000+00:00;50;1257;17;10007
2025-04-11 12:24:30.742000+00:00;72;1257;18;10007
2025-04-11 14:48:10.181000+00:00;1;1257;1;10008
2025-04-11 14:48:10.181000+00:00;4;1257;2;10008
2025-04-11 14:48:10.181000+00:00;5;1257;3;10008
2025-04-11 14:48:10.181000+00:00;6;1257;4;10008
2025-04-11 14:48:10.181000+00:00;7;1257;5;10008
2025-04-11 14:48:10.181000+00:00;10;1257;6;10008
2025-04-11 14:48:10.181000+00:00;12;1257;7;10008
2025-04-11 14:48:10.181000+00:00;14;1257;8;10008
2025-04-11 14:48:10.181000+00:00;16;1257;9;10008
2025-04-11 14:48:10.181000+00:00;18;1257;10;10008
2025-04-11 14:48:10.181000+00:00;22;1257;11;10008
2025-04-11 14:48:10.181000+00:00;23;1257;12;10008
2025-04-11 14:48:10.181000+00:00;27;1257;13;10008
2025-04-11 14:48:10.181000+00:00;30;1257;14;10008
2025-04-11 14:48:10.181000+00:00;31;1257;15;10008
2025-04-11 14:48:10.181000+00:00;44;1257;16;10008
2025-04-11 14:48:10.181000+00:00;55;1257;17;10008
2025-04-11 14:48:10.181000+00:00;63;1257;18;10008
2025-04-11 14:48:10.181000+00:00;81;1257;19;10008
2025-04-11 14:48:10.181000+00:00;87;1257;20;10008
2025-04-11 15:00:03.432000+00:00;1;1257;2;10008
2025-04-11 15:00:03.432000+00:00;4;1257;3;10008
2025-04-11 15:00:03.432000+00:00;5;1257;4;10008
2025-04-11 15:00:03.432000+00:00;6;1257;5;10008
2025-04-11 15:00:03.432000+00:00;10;1257;7;10008
2025-04-11 15:00:03.432000+00:00;12;1257;8;10008
2025-04-11 15:00:03.432000+00:00;14;1257;9;10008
2025-04-11 15:00:03.432000+00:00;16;1257;1;10008
2025-04-11 15:00:08.096000+00:00;1;1257;3;10008
2025-04-11 15:00:08.096000+00:00;4;1257;4;10008
2025-04-11 15:00:08.096000+00:00;5;1257;5;10008
2025-04-11 15:00:08.096000+00:00;6;1257;6;10008
2025-04-11 15:00:08.096000+00:00;7;1257;7;10008
2025-04-11 15:00:08.096000+00:00;10;1257;8;10008
2025-04-11 15:00:08.096000+00:00;12;1257;9;10008
2025-04-11 15:00:08.096000+00:00;14;1257;10;10008
2025-04-11 15:00:08.096000+00:00;18;1257;11;10008
2025-04-11 15:00:08.096000+00:00;22;1257;12;10008
2025-04-11 15:00:08.096000+00:00;23;1257;13;10008
2025-04-11 15:00:08.096000+00:00;27;1257;14;10008
2025-04-11 15:00:08.096000+00:00;30;1257;15;10008
2025-04-11 15:00:08.096000+00:00;31;1257;16;10008
2025-04-11 15:00:08.096000+00:00;44;1257;17;10008
2025-04-11 15:00:08.096000+00:00;55;1257;18;10008
2025-04-11 15:00:08.096000+00:00;63;1257;19;10008
2025-04-11 15:00:08.096000+00:00;81;1257;20;10008
2025-04-11 15:00:08.096000+00:00;87;1257;2;10008
2025-04-11 15:00:12.657000+00:00;1;1257;4;10008
2025-04-11 15:00:12.657000+00:00;4;1257;5;10008
2025-04-11 15:00:12.657000+00:00;5;1257;3;10008
2025-04-11 15:00:15.538000+00:00;1;1257;5;10008
2025-04-11 15:00:15.538000+00:00;4;1257;6;10008
2025-04-11 15:00:15.538000+00:00;6;1257;7;10008
2025-04-11 15:00:15.538000+00:00;7;1257;8;10008
2025-04-11 15:00:15.538000+00:00;10;1257;9;10008
2025-04-11 15:00:15.538000+00:00;12;1257;10;10008
2025-04-11 15:00:15.538000+00:00;14;1257;11;10008
2025-04-11 15:00:15.538000+00:00;18;1257;12;10008
2025-04-11 15:00:15.538000+00:00;22;1257;13;10008
2025-04-11 15:00:15.538000+00:00;23;1257;14;10008
2025-04-11 15:00:15.538000+00:00;27;1257;15;10008
2025-04-11 15:00:15.538000+00:00;30;1257;16;10008
2025-04-11 15:00:15.538000+00:00;31;1257;4;10008
2025-04-11 15:00:20.263000+00:00;1;1257;6;10008
2025-04-11 15:00:20.263000+00:00;4;1257;7;10008
2025-04-11 15:00:20.263000+00:00;6;1257;8;10008
2025-04-11 15:00:20.263000+00:00;7;1257;9;10008
2025-04-11 15:00:20.263000+00:00;10;1257;10;10008
2025-04-11 15:00:20.263000+00:00;12;1257;11;10008
2025-04-11 15:00:20.263000+00:00;14;1257;12;10008
2025-04-11 15:00:20.263000+00:00;18;1257;13;10008
2025-04-11 15:00:20.263000+00:00;22;1257;14;10008
2025-04-11 15:00:20.263000+00:00;23;1257;15;10008
2025-04-11 15:00:20.263000+00:00;27;1257;5;10008
2025-04-11 15:00:25.233000+00:00;1;1257;7;10008
2025-04-11 15:00:25.233000+00:00;4;1257;8;10008
2025-04-11 15:00:25.233000+00:00;6;1257;9;10008
2025-04-11 15:00:25.233000+00:00;7;1257;10;10008
2025-04-11 15:00:25.233000+00:00;10;1257;11;10008
2025-04-11 15:00:25.233000+00:00;12;1257;12;10008
2025-04-11 15:00:25.233000+00:00;14;1257;13;10008
2025-04-11 15:00:25.233000+00:00;18;1257;14;10008
2025-04-11 15:00:25.233000+00:00;22;1257;15;10008
2025-04-11 15:00:25.233000+00:00;23;1257;16;10008
2025-04-11 15:00:25.233000+00:00;30;1257;6;10008
2025-04-11 15:00:29.441000+00:00;1;1257;8;10008
2025-04-11 15:00:29.441000+00:00;4;1257;9;10008
2025-04-11 15:00:29.441000+00:00;6;1257;10;10008
2025-04-11 15:00:29.441000+00:00;7;1257;7;10008
2025-04-11 15:00:31.170000+00:00;1;1257;9;10008
2025-04-11 15:00:31.170000+00:00;4;1257;10;10008
2025-04-11 15:00:31.170000+00:00;6;1257;11;10008
2025-04-11 15:00:31.170000+00:00;10;1257;8;10008
2025-04-11 15:00:34.549000+00:00;1;1257;10;10008
2025-04-11 15:00:34.549000+00:00;4;1257;11;10008
2025-04-11 15:00:34.549000+00:00;6;1257;12;10008
2025-04-11 15:00:34.549000+00:00;12;1257;13;10008
2025-04-11 15:00:34.549000+00:00;14;1257;14;10008
2025-04-11 15:00:34.549000+00:00;18;1257;15;10008
2025-04-11 15:00:34.549000+00:00;22;1257;16;10008
2025-04-11 15:00:34.549000+00:00;23;1257;17;10008
2025-04-11 15:00:34.549000+00:00;44;1257;9;10008
2025-04-11 15:00:37.390000+00:00;1;1257;11;10008
2025-04-11 15:00:37.390000+00:00;4;1257;12;10008
2025-04-11 15:00:37.390000+00:00;6;1257;13;10008
2025-04-11 15:00:37.390000+00:00;12;1257;14;10008
2025-04-11 15:00:37.390000+00:00;14;1257;15;10008
2025-04-11 15:00:37.390000+00:00;18;1257;16;10008
2025-04-11 15:00:37.390000+00:00;22;1257;17;10008
2025-04-11 15:00:37.390000+00:00;23;1257;10;10008
2025-04-11 15:00:38.838000+00:00;1;1257;12;10008
2025-04-11 15:00:38.838000+00:00;4;1257;13;10008
2025-04-11 15:00:38.838000+00:00;6;1257;14;10008
2025-04-11 15:00:38.838000+00:00;12;1257;15;10008
2025-04-11 15:00:38.838000+00:00;14;1257;16;10008
2025-04-11 15:00:38.838000+00:00;18;1257;17;10008
2025-04-11 15:00:38.838000+00:00;22;1257;18;10008
2025-04-11 15:00:38.838000+00:00;55;1257;11;10008
2025-04-11 15:00:49.436000+00:00;1;1257;13;10008
2025-04-11 15:00:49.436000+00:00;4;1257;14;10008
2025-04-11 15:00:49.436000+00:00;6;1257;15;10008
2025-04-11 15:00:49.436000+00:00;12;1257;16;10008
2025-04-11 15:00:49.436000+00:00;14;1257;17;10008
2025-04-11 15:00:49.436000+00:00;18;1257;18;10008
2025-04-11 15:00:49.436000+00:00;22;1257;12;10008
2025-04-11 15:00:50.393000+00:00;1;1257;14;10008
2025-04-11 15:00:50.393000+00:00;4;1257;15;10008
2025-04-11 15:00:50.393000+00:00;6;1257;16;10008
2025-04-11 15:00:50.393000+00:00;12;1257;17;10008
2025-04-11 15:00:50.393000+00:00;14;1257;13;10008
2025-04-11 15:01:02.137000+00:00;4;1257;16;10008
2025-04-11 15:01:02.137000+00:00;6;1257;17;10008
2025-04-11 15:01:02.137000+00:00;12;1257;18;10008
2025-04-11 15:01:02.137000+00:00;18;1257;15;10008
2025-04-11 15:01:15.818000+00:00;4;1257;17;10008
2025-04-11 15:01:15.818000+00:00;6;1257;18;10008
2025-04-11 15:01:15.818000+00:00;12;1257;16;10008
2025-04-11 15:01:38.439000+00:00;4;1257;18;10008
2025-04-11 15:01:38.439000+00:00;6;1257;19;10008
2025-04-11 15:01:38.439000+00:00;63;1257;20;10008
2025-04-11 15:01:38.439000+00:00;81;1257;17;10008
2025-04-11 15:03:54.051000+00:00;5;1257;4;10008
2025-04-11 15:03:54.051000+00:00;27;1257;2;10008
2025-04-11 15:03:54.051000+00:00;31;1257;5;10008
2025-04-11 15:03:54.051000+00:00;87;1257;3;10008
2025-04-11 15:03:59.216000+00:00;5;1257;2;10008
2025-04-11 15:03:59.216000+00:00;27;1257;3;10008
2025-04-11 15:03:59.216000+00:00;87;1257;4;10008
2025-04-11 15:04:04.679000+00:00;5;1257;3;10008
2025-04-11 15:04:04.679000+00:00;7;1257;8;10008
2025-04-11 15:04:04.679000+00:00;10;1257;1;10008
2025-04-11 15:04:04.679000+00:00;16;1257;2;10008
2025-04-11 15:04:04.679000+00:00;27;1257;4;10008
2025-04-11 15:04:04.679000+00:00;30;1257;7;10008
2025-04-11 15:04:04.679000+00:00;31;1257;6;10008
2025-04-11 15:04:04.679000+00:00;87;1257;5;10008
2025-04-11 15:04:12.149000+00:00;5;1257;4;10008
2025-04-11 15:04:12.149000+00:00;16;1257;3;10008
2025-04-11 15:04:12.149000+00:00;27;1257;5;10008
2025-04-11 15:04:12.149000+00:00;30;1257;2;10008
2025-04-11 15:04:12.149000+00:00;31;1257;7;10008
2025-04-11 15:04:12.149000+00:00;87;1257;6;10008
2025-04-11 15:04:19.301000+00:00;5;1257;5;10008
2025-04-11 15:04:19.301000+00:00;7;1257;3;10008
2025-04-11 15:04:19.301000+00:00;16;1257;4;10008
2025-04-11 15:04:19.301000+00:00;27;1257;6;10008
2025-04-11 15:04:19.301000+00:00;31;1257;8;10008
2025-04-11 15:04:19.301000+00:00;87;1257;7;10008
2025-04-11 15:04:25.958000+00:00;5;1257;6;10008
2025-04-11 15:04:25.958000+00:00;7;1257;4;10008
2025-04-11 15:04:25.958000+00:00;16;1257;5;10008
2025-04-11 15:04:25.958000+00:00;23;1257;2;10008
2025-04-11 15:04:25.958000+00:00;27;1257;7;10008
2025-04-11 15:04:25.958000+00:00;30;1257;3;10008
2025-04-11 15:04:25.958000+00:00;31;1257;9;10008
2025-04-11 15:04:25.958000+00:00;44;1257;10;10008
2025-04-11 15:04:25.958000+00:00;87;1257;8;10008
2025-04-11 15:04:32.462000+00:00;31;1257;10;10008
2025-04-11 15:04:32.462000+00:00;44;1257;11;10008
2025-04-11 15:04:32.462000+00:00;55;1257;8;10008
2025-04-11 15:04:32.462000+00:00;87;1257;9;10008
2025-04-11 15:04:36.783000+00:00;5;1257;7;10008
2025-04-11 15:04:36.783000+00:00;7;1257;5;10008
2025-04-11 15:04:36.783000+00:00;16;1257;6;10008
2025-04-11 15:04:36.783000+00:00;27;1257;8;10008
2025-04-11 15:04:36.783000+00:00;30;1257;4;10008
2025-04-11 15:04:36.783000+00:00;31;1257;3;10008
2025-04-11 15:04:36.783000+00:00;55;1257;9;10008
2025-04-11 15:04:36.783000+00:00;87;1257;10;10008
2025-04-11 15:04:43.880000+00:00;5;1257;8;10008
2025-04-11 15:04:43.880000+00:00;7;1257;6;10008
2025-04-11 15:04:43.880000+00:00;10;1257;2;10008
2025-04-11 15:04:43.880000+00:00;16;1257;7;10008
2025-04-11 15:04:43.880000+00:00;23;1257;3;10008
2025-04-11 15:04:43.880000+00:00;27;1257;9;10008
2025-04-11 15:04:43.880000+00:00;30;1257;5;10008
2025-04-11 15:04:43.880000+00:00;31;1257;4;10008
2025-04-11 15:04:43.880000+00:00;44;1257;1;10008
2025-04-11 15:04:43.880000+00:00;55;1257;10;10008
2025-04-11 15:04:43.880000+00:00;87;1257;11;10008
2025-04-11 15:04:56.894000+00:00;5;1257;9;10008
2025-04-11 15:04:56.894000+00:00;7;1257;7;10008
2025-04-11 15:04:56.894000+00:00;16;1257;8;10008
2025-04-11 15:04:56.894000+00:00;22;1257;4;10008
2025-04-11 15:04:56.894000+00:00;27;1257;10;10008
2025-04-11 15:04:56.894000+00:00;30;1257;6;10008
2025-04-11 15:04:56.894000+00:00;31;1257;5;10008
2025-04-11 15:04:56.894000+00:00;55;1257;11;10008
2025-04-11 15:04:56.894000+00:00;87;1257;12;10008
2025-04-11 15:05:03.396000+00:00;1;1257;15;10008
2025-04-11 15:05:03.396000+00:00;5;1257;10;10008
2025-04-11 15:05:03.396000+00:00;14;1257;14;10008
2025-04-11 15:05:03.396000+00:00;18;1257;9;10008
2025-04-11 15:05:03.396000+00:00;27;1257;11;10008
2025-04-11 15:05:03.396000+00:00;55;1257;12;10008
2025-04-11 15:05:03.396000+00:00;87;1257;13;10008
2025-04-11 15:05:14.766000+00:00;1;1257;16;10008
2025-04-11 15:05:14.766000+00:00;5;1257;11;10008
2025-04-11 15:05:14.766000+00:00;7;1257;8;10008
2025-04-11 15:05:14.766000+00:00;10;1257;3;10008
2025-04-11 15:05:14.766000+00:00;12;1257;2;10008
2025-04-11 15:05:14.766000+00:00;14;1257;15;10008
2025-04-11 15:05:14.766000+00:00;16;1257;9;10008
2025-04-11 15:05:14.766000+00:00;18;1257;10;10008
2025-04-11 15:05:14.766000+00:00;22;1257;5;10008
2025-04-11 15:05:14.766000+00:00;23;1257;4;10008
2025-04-11 15:05:14.766000+00:00;27;1257;12;10008
2025-04-11 15:05:14.766000+00:00;30;1257;7;10008
2025-04-11 15:05:14.766000+00:00;31;1257;6;10008
2025-04-11 15:05:14.766000+00:00;55;1257;13;10008
2025-04-11 15:05:14.766000+00:00;87;1257;14;10008
2025-04-11 15:05:23.816000+00:00;1;1257;17;10008
2025-04-11 15:05:23.816000+00:00;5;1257;12;10008
2025-04-11 15:05:23.816000+00:00;7;1257;9;10008
2025-04-11 15:05:23.816000+00:00;10;1257;4;10008
2025-04-11 15:05:23.816000+00:00;14;1257;16;10008
2025-04-11 15:05:23.816000+00:00;16;1257;10;10008
2025-04-11 15:05:23.816000+00:00;18;1257;11;10008
2025-04-11 15:05:23.816000+00:00;22;1257;6;10008
2025-04-11 15:05:23.816000+00:00;23;1257;5;10008
2025-04-11 15:05:23.816000+00:00;27;1257;13;10008
2025-04-11 15:05:23.816000+00:00;30;1257;8;10008
2025-04-11 15:05:23.816000+00:00;31;1257;7;10008
2025-04-11 15:05:23.816000+00:00;55;1257;14;10008
2025-04-11 15:05:23.816000+00:00;81;1257;3;10008
2025-04-11 15:05:23.816000+00:00;87;1257;15;10008
2025-04-11 15:05:32.984000+00:00;1;1257;18;10008
2025-04-11 15:05:32.984000+00:00;4;1257;19;10008
2025-04-11 15:05:32.984000+00:00;5;1257;13;10008
2025-04-11 15:05:32.984000+00:00;6;1257;5;10008
2025-04-11 15:05:32.984000+00:00;7;1257;10;10008
2025-04-11 15:05:32.984000+00:00;14;1257;17;10008
2025-04-11 15:05:32.984000+00:00;16;1257;11;10008
2025-04-11 15:05:32.984000+00:00;18;1257;12;10008
2025-04-11 15:05:32.984000+00:00;22;1257;7;10008
2025-04-11 15:05:32.984000+00:00;23;1257;6;10008
2025-04-11 15:05:32.984000+00:00;27;1257;14;10008
2025-04-11 15:05:32.984000+00:00;30;1257;9;10008
2025-04-11 15:05:32.984000+00:00;31;1257;8;10008
2025-04-11 15:05:32.984000+00:00;55;1257;15;10008
2025-04-11 15:05:32.984000+00:00;87;1257;16;10008
2025-04-11 15:05:43.217000+00:00;1;1257;19;10008
2025-04-11 15:05:43.217000+00:00;4;1257;6;10008
2025-04-11 15:05:43.217000+00:00;5;1257;14;10008
2025-04-11 15:05:43.217000+00:00;7;1257;11;10008
2025-04-11 15:05:43.217000+00:00;14;1257;18;10008
2025-04-11 15:05:43.217000+00:00;16;1257;12;10008
2025-04-11 15:05:43.217000+00:00;18;1257;13;10008
2025-04-11 15:05:43.217000+00:00;22;1257;8;10008
2025-04-11 15:05:43.217000+00:00;23;1257;7;10008
2025-04-11 15:05:43.217000+00:00;27;1257;15;10008
2025-04-11 15:05:43.217000+00:00;30;1257;10;10008
2025-04-11 15:05:43.217000+00:00;31;1257;9;10008
2025-04-11 15:05:43.217000+00:00;55;1257;16;10008
2025-04-11 15:05:43.217000+00:00;87;1257;17;10008
2025-04-11 15:05:50.526000+00:00;1;1257;18;10008
2025-04-11 15:05:50.526000+00:00;14;1257;19;10008
2025-04-11 15:07:33.431000+00:00;1;1257;19;10008
2025-04-11 15:07:33.431000+00:00;4;1257;7;10008
2025-04-11 15:07:33.431000+00:00;5;1257;15;10008
2025-04-11 15:07:33.431000+00:00;6;1257;6;10008
2025-04-11 15:07:33.431000+00:00;7;1257;12;10008
2025-04-11 15:07:33.431000+00:00;10;1257;5;10008
2025-04-11 15:07:33.431000+00:00;14;1257;20;10008
2025-04-11 15:07:33.431000+00:00;16;1257;13;10008
2025-04-11 15:07:33.431000+00:00;18;1257;14;10008
2025-04-11 15:07:33.431000+00:00;22;1257;9;10008
2025-04-11 15:07:33.431000+00:00;23;1257;8;10008
2025-04-11 15:07:33.431000+00:00;27;1257;16;10008
2025-04-11 15:07:33.431000+00:00;30;1257;11;10008
2025-04-11 15:07:33.431000+00:00;31;1257;10;10008
2025-04-11 15:07:33.431000+00:00;55;1257;17;10008
2025-04-11 15:07:33.431000+00:00;63;1257;3;10008
2025-04-11 15:07:33.431000+00:00;81;1257;4;10008
2025-04-11 15:07:33.431000+00:00;87;1257;18;10008
2025-04-11 15:07:43.581000+00:00;4;1257;8;10008
2025-04-11 15:07:43.581000+00:00;6;1257;7;10008
2025-04-11 15:07:43.581000+00:00;7;1257;13;10008
2025-04-11 15:07:43.581000+00:00;16;1257;6;10008
2025-04-11 15:07:43.581000+00:00;22;1257;10;10008
2025-04-11 15:07:43.581000+00:00;23;1257;9;10008
2025-04-11 15:07:43.581000+00:00;30;1257;12;10008
2025-04-11 15:07:43.581000+00:00;31;1257;11;10008
2025-04-11 15:12:28.643000+00:00;1;1257;3;10008
2025-04-11 15:12:28.643000+00:00;4;1257;9;10008
2025-04-11 15:12:28.643000+00:00;5;1257;16;10008
2025-04-11 15:12:28.643000+00:00;6;1257;8;10008
2025-04-11 15:12:28.643000+00:00;7;1257;14;10008
2025-04-11 15:12:28.643000+00:00;10;1257;6;10008
2025-04-11 15:12:28.643000+00:00;16;1257;7;10008
2025-04-11 15:12:28.643000+00:00;18;1257;15;10008
2025-04-11 15:12:28.643000+00:00;22;1257;11;10008
2025-04-11 15:12:28.643000+00:00;23;1257;10;10008
2025-04-11 15:12:28.643000+00:00;27;1257;17;10008
2025-04-11 15:12:28.643000+00:00;30;1257;13;10008
2025-04-11 15:12:28.643000+00:00;31;1257;12;10008
2025-04-11 15:12:28.643000+00:00;55;1257;18;10008
2025-04-11 15:12:28.643000+00:00;63;1257;4;10008
2025-04-11 15:12:28.643000+00:00;81;1257;5;10008
2025-04-11 15:12:28.643000+00:00;87;1257;19;10008
2025-04-11 15:15:14.389000+00:00;1;1257;4;10008
2025-04-11 15:15:14.389000+00:00;12;1257;3;10008
2025-04-11 15:15:14.389000+00:00;44;1257;2;10008
2025-04-11 15:15:14.389000+00:00;63;1257;1;10008
2025-04-11 15:17:43.602000+00:00;5;1257;17;10008
2025-04-11 15:17:43.602000+00:00;27;1257;18;10008
2025-04-11 15:17:43.602000+00:00;55;1257;16;10008
2025-04-11 15:19:57.214000+00:00;44;1257;1;10008
2025-04-11 15:19:57.214000+00:00;63;1257;2;10008
2025-04-11 15:22:06.076000+00:00;1;1257;5;10008
2025-04-11 15:22:06.076000+00:00;10;1257;7;10008
2025-04-11 15:22:06.076000+00:00;12;1257;4;10008
2025-04-11 15:22:06.076000+00:00;16;1257;1;10008
2025-04-11 15:22:06.076000+00:00;44;1257;2;10008
2025-04-11 15:22:06.076000+00:00;63;1257;3;10008
2025-04-11 15:22:06.076000+00:00;81;1257;6;10008
2025-04-11 15:24:19.495000+00:00;1;1257;6;10008
2025-04-11 15:24:19.495000+00:00;4;1257;10;10008
2025-04-11 15:24:19.495000+00:00;6;1257;9;10008
2025-04-11 15:24:19.495000+00:00;10;1257;8;10008
2025-04-11 15:24:19.495000+00:00;12;1257;5;10008
2025-04-11 15:24:19.495000+00:00;16;1257;2;10008
2025-04-11 15:24:19.495000+00:00;23;1257;1;10008
2025-04-11 15:24:19.495000+00:00;44;1257;3;10008
2025-04-11 15:24:19.495000+00:00;63;1257;4;10008
2025-04-11 15:24:19.495000+00:00;81;1257;7;10008
2025-04-11 15:24:55.169000+00:00;4;1257;11;10008
2025-04-11 15:24:55.169000+00:00;6;1257;10;10008
2025-04-11 15:24:55.169000+00:00;7;1257;15;10008
2025-04-11 15:24:55.169000+00:00;10;1257;9;10008
2025-04-11 15:24:55.169000+00:00;18;1257;7;10008
2025-04-11 15:24:55.169000+00:00;22;1257;12;10008
2025-04-11 15:24:55.169000+00:00;30;1257;14;10008
2025-04-11 15:24:55.169000+00:00;31;1257;13;10008
2025-04-11 15:24:55.169000+00:00;81;1257;8;10008
2025-04-11 15:25:12.272000+00:00;1;1257;1;10008
2025-04-11 15:25:12.272000+00:00;12;1257;6;10008
2025-04-11 15:25:12.272000+00:00;16;1257;3;10008
2025-04-11 15:25:12.272000+00:00;23;1257;2;10008
2025-04-11 15:25:12.272000+00:00;44;1257;4;10008
2025-04-11 15:25:12.272000+00:00;63;1257;5;10008
2025-04-11 15:26:04.121000+00:00;4;1257;12;10008
2025-04-11 15:26:04.121000+00:00;5;1257;4;10008
2025-04-11 15:26:04.121000+00:00;6;1257;11;10008
2025-04-11 15:26:04.121000+00:00;7;1257;16;10008
2025-04-11 15:26:04.121000+00:00;10;1257;10;10008
2025-04-11 15:26:04.121000+00:00;12;1257;7;10008
2025-04-11 15:26:04.121000+00:00;18;1257;8;10008
2025-04-11 15:26:04.121000+00:00;22;1257;13;10008
2025-04-11 15:26:04.121000+00:00;30;1257;15;10008
2025-04-11 15:26:04.121000+00:00;31;1257;14;10008
2025-04-11 15:26:04.121000+00:00;44;1257;5;10008
2025-04-11 15:26:04.121000+00:00;55;1257;17;10008
2025-04-11 15:26:04.121000+00:00;63;1257;6;10008
2025-04-11 15:26:04.121000+00:00;81;1257;9;10008
2025-04-11 15:26:20.660000+00:00;1;1257;2;10008
2025-04-11 15:26:20.660000+00:00;4;1257;1;10008
2025-04-11 15:26:20.660000+00:00;5;1257;5;10008
2025-04-11 15:26:20.660000+00:00;6;1257;12;10008
2025-04-11 15:26:20.660000+00:00;10;1257;11;10008
2025-04-11 15:26:20.660000+00:00;12;1257;8;10008
2025-04-11 15:26:20.660000+00:00;16;1257;4;10008
2025-04-11 15:26:20.660000+00:00;18;1257;9;10008
2025-04-11 15:26:20.660000+00:00;23;1257;3;10008
2025-04-11 15:26:20.660000+00:00;44;1257;6;10008
2025-04-11 15:26:20.660000+00:00;63;1257;7;10008
2025-04-11 15:26:20.660000+00:00;81;1257;10;10008
2025-04-11 15:27:02.324000+00:00;1;1257;3;10008
2025-04-11 15:27:02.324000+00:00;4;1257;2;10008
2025-04-11 15:27:02.324000+00:00;5;1257;6;10008
2025-04-11 15:27:02.324000+00:00;12;1257;9;10008
2025-04-11 15:27:02.324000+00:00;16;1257;5;10008
2025-04-11 15:27:02.324000+00:00;18;1257;10;10008
2025-04-11 15:27:02.324000+00:00;23;1257;4;10008
2025-04-11 15:27:02.324000+00:00;44;1257;7;10008
2025-04-11 15:27:02.324000+00:00;63;1257;8;10008
2025-04-11 15:27:02.324000+00:00;81;1257;1;10008
2025-04-11 15:27:12.771000+00:00;10;1257;9;10008
2025-04-11 15:27:12.771000+00:00;12;1257;10;10008
2025-04-11 15:27:12.771000+00:00;18;1257;11;10008
2025-04-11 15:27:22.442000+00:00;1;1257;4;10008
2025-04-11 15:27:22.442000+00:00;5;1257;7;10008
2025-04-11 15:27:22.442000+00:00;16;1257;6;10008
2025-04-11 15:27:22.442000+00:00;23;1257;5;10008
2025-04-11 15:27:22.442000+00:00;44;1257;8;10008
2025-04-11 15:27:22.442000+00:00;63;1257;3;10008
2025-04-11 15:27:33.574000+00:00;1;1257;5;10008
2025-04-11 15:27:33.574000+00:00;5;1257;8;10008
2025-04-11 15:27:33.574000+00:00;10;1257;10;10008
2025-04-11 15:27:33.574000+00:00;12;1257;4;10008
2025-04-11 15:27:33.574000+00:00;16;1257;7;10008
2025-04-11 15:27:33.574000+00:00;23;1257;6;10008
2025-04-11 15:27:33.574000+00:00;44;1257;9;10008
2025-04-11 15:27:42.056000+00:00;6;1257;13;10008
2025-04-11 15:27:42.056000+00:00;7;1257;9;10008
2025-04-11 15:27:42.056000+00:00;10;1257;11;10008
2025-04-11 15:27:42.056000+00:00;18;1257;12;10008
2025-04-11 15:27:42.056000+00:00;22;1257;14;10008
2025-04-11 15:27:42.056000+00:00;30;1257;16;10008
2025-04-11 15:27:42.056000+00:00;31;1257;15;10008
2025-04-11 15:27:42.056000+00:00;44;1257;10;10008
2025-04-11 15:27:48.731000+00:00;5;1257;9;10008
2025-04-11 15:27:48.731000+00:00;6;1257;14;10008
2025-04-11 15:27:48.731000+00:00;7;1257;10;10008
2025-04-11 15:27:48.731000+00:00;10;1257;12;10008
2025-04-11 15:27:48.731000+00:00;16;1257;8;10008
2025-04-11 15:27:48.731000+00:00;18;1257;13;10008
2025-04-11 15:27:48.731000+00:00;22;1257;15;10008
2025-04-11 15:27:48.731000+00:00;23;1257;7;10008
2025-04-11 15:27:48.731000+00:00;30;1257;17;10008
2025-04-11 15:27:48.731000+00:00;31;1257;16;10008
2025-04-11 15:27:48.731000+00:00;44;1257;11;10008
2025-04-11 15:27:48.731000+00:00;55;1257;6;10008
2025-04-11 15:27:56.883000+00:00;1;1257;6;10008
2025-04-11 15:27:56.883000+00:00;5;1257;10;10008
2025-04-11 15:27:56.883000+00:00;6;1257;5;10008
2025-04-11 15:27:56.883000+00:00;7;1257;11;10008
2025-04-11 15:27:56.883000+00:00;10;1257;13;10008
2025-04-11 15:27:56.883000+00:00;16;1257;9;10008
2025-04-11 15:27:56.883000+00:00;18;1257;14;10008
2025-04-11 15:27:56.883000+00:00;23;1257;8;10008
2025-04-11 15:27:56.883000+00:00;44;1257;12;10008
2025-04-11 15:27:56.883000+00:00;55;1257;7;10008
2025-04-11 15:28:54.762000+00:00;16;1257;8;10008
2025-04-11 15:28:54.762000+00:00;23;1257;9;10008
2025-04-11 15:29:25.380000+00:00;22;1257;16;10008
2025-04-11 15:29:25.380000+00:00;27;1257;15;10008
2025-04-11 15:29:25.380000+00:00;30;1257;18;10008
2025-04-11 15:29:25.380000+00:00;31;1257;17;10008
2025-04-11 15:30:12.670000+00:00;5;1257;11;10008
2025-04-11 15:30:12.670000+00:00;7;1257;12;10008
2025-04-11 15:30:12.670000+00:00;10;1257;14;10008
2025-04-11 15:30:12.670000+00:00;18;1257;15;10008
2025-04-11 15:30:12.670000+00:00;22;1257;17;10008
2025-04-11 15:30:12.670000+00:00;27;1257;16;10008
2025-04-11 15:30:12.670000+00:00;30;1257;10;10008
2025-04-11 15:30:12.670000+00:00;31;1257;18;10008
2025-04-11 15:30:12.670000+00:00;44;1257;13;10008
2025-04-11 15:30:27.086000+00:00;5;1257;12;10008
2025-04-11 15:30:27.086000+00:00;7;1257;13;10008
2025-04-11 15:30:27.086000+00:00;10;1257;15;10008
2025-04-11 15:30:27.086000+00:00;16;1257;9;10008
2025-04-11 15:30:27.086000+00:00;18;1257;16;10008
2025-04-11 15:30:27.086000+00:00;22;1257;18;10008
2025-04-11 15:30:27.086000+00:00;23;1257;10;10008
2025-04-11 15:30:27.086000+00:00;27;1257;17;10008
2025-04-11 15:30:27.086000+00:00;30;1257;11;10008
2025-04-11 15:30:27.086000+00:00;31;1257;19;10008
2025-04-11 15:30:27.086000+00:00;44;1257;14;10008
2025-04-11 15:30:27.086000+00:00;55;1257;8;10008
2025-04-11 15:30:27.086000+00:00;87;1257;7;10008
2025-04-11 15:30:54.351000+00:00;10;1257;16;10008
2025-04-11 15:30:54.351000+00:00;18;1257;17;10008
2025-04-11 15:30:54.351000+00:00;22;1257;19;10008
2025-04-11 15:30:54.351000+00:00;27;1257;18;10008
2025-04-11 15:30:54.351000+00:00;31;1257;14;10008
2025-04-11 15:30:54.351000+00:00;44;1257;15;10008
2025-04-11 15:32:43.351000+00:00;18;1257;18;10008
2025-04-11 15:32:43.351000+00:00;22;1257;17;10008
2025-04-11 15:32:43.351000+00:00;27;1257;19;10008
2025-04-11 15:35:09.164000+00:00;5;1257;13;10008
2025-04-11 15:35:09.164000+00:00;7;1257;14;10008
2025-04-11 15:35:09.164000+00:00;16;1257;10;10008
2025-04-11 15:35:09.164000+00:00;23;1257;11;10008
2025-04-11 15:35:09.164000+00:00;30;1257;12;10008
2025-04-11 15:35:09.164000+00:00;31;1257;15;10008
2025-04-11 15:35:09.164000+00:00;44;1257;7;10008
2025-04-11 15:35:09.164000+00:00;55;1257;9;10008
2025-04-11 15:35:09.164000+00:00;87;1257;8;10008
2025-04-11 15:37:12.916000+00:00;1;1257;7;10008
2025-04-11 15:37:12.916000+00:00;6;1257;6;10008
2025-04-11 15:37:12.916000+00:00;12;1257;5;10008
2025-04-11 15:37:12.916000+00:00;16;1257;4;10008
2025-04-11 15:37:12.916000+00:00;44;1257;8;10008
2025-04-11 15:37:12.916000+00:00;55;1257;10;10008
2025-04-11 15:37:12.916000+00:00;87;1257;9;10008
2025-04-11 15:42:44.180000+00:00;10;1257;17;10008
2025-04-11 15:42:44.180000+00:00;14;1257;15;10008
2025-04-11 15:42:44.180000+00:00;18;1257;19;10008
2025-04-11 15:42:44.180000+00:00;22;1257;18;10008
2025-04-11 15:42:44.180000+00:00;27;1257;20;10008
2025-04-11 15:42:44.180000+00:00;31;1257;16;10008
2025-04-12 12:16:44.384000+00:00;1;1257;1;10009
2025-04-12 12:16:44.384000+00:00;4;1257;2;10009
2025-04-12 12:16:44.384000+00:00;5;1257;3;10009
2025-04-12 12:16:44.384000+00:00;6;1257;4;10009
2025-04-12 12:16:44.384000+00:00;7;1257;5;10009
2025-04-12 12:16:44.384000+00:00;10;1257;6;10009
2025-04-12 12:16:44.384000+00:00;12;1257;7;10009
2025-04-12 12:16:44.384000+00:00;14;1257;8;10009
2025-04-12 12:16:44.384000+00:00;16;1257;9;10009
2025-04-12 12:16:44.384000+00:00;18;1257;10;10009
2025-04-12 12:16:44.384000+00:00;22;1257;11;10009
2025-04-12 12:16:44.384000+00:00;23;1257;12;10009
2025-04-12 12:16:44.384000+00:00;27;1257;13;10009
2025-04-12 12:16:44.384000+00:00;30;1257;14;10009
2025-04-12 12:16:44.384000+00:00;31;1257;15;10009
2025-04-12 12:16:44.384000+00:00;44;1257;16;10009
2025-04-12 12:16:44.384000+00:00;55;1257;17;10009
2025-04-12 12:16:44.384000+00:00;63;1257;18;10009
2025-04-12 12:16:44.384000+00:00;81;1257;19;10009
2025-04-12 12:16:44.384000+00:00;87;1257;20;10009
2025-04-12 12:30:53.980000+00:00;1;1257;2;10009
2025-04-12 12:30:53.980000+00:00;4;1257;3;10009
2025-04-12 12:30:53.980000+00:00;5;1257;4;10009
2025-04-12 12:30:53.980000+00:00;6;1257;5;10009
2025-04-12 12:30:53.980000+00:00;7;1257;6;10009
2025-04-12 12:30:53.980000+00:00;10;1257;7;10009
2025-04-12 12:30:53.980000+00:00;12;1257;8;10009
2025-04-12 12:30:53.980000+00:00;14;1257;9;10009
2025-04-12 12:30:53.980000+00:00;16;1257;10;10009
2025-04-12 12:30:53.980000+00:00;18;1257;11;10009
2025-04-12 12:30:53.980000+00:00;22;1257;12;10009
2025-04-12 12:30:53.980000+00:00;23;1257;13;10009
2025-04-12 12:30:53.980000+00:00;27;1257;14;10009
2025-04-12 12:30:53.980000+00:00;30;1257;15;10009
2025-04-12 12:30:53.980000+00:00;31;1257;16;10009
2025-04-12 12:30:53.980000+00:00;44;1257;17;10009
2025-04-12 12:30:53.980000+00:00;55;1257;18;10009
2025-04-12 12:30:53.980000+00:00;63;1257;19;10009
2025-04-12 12:30:53.980000+00:00;81;1257;20;10009
2025-04-12 12:30:53.980000+00:00;87;1257;1;10009
2025-04-12 12:33:04.032000+00:00;1;1257;3;10009
2025-04-12 12:33:04.032000+00:00;4;1257;4;10009
2025-04-12 12:33:04.032000+00:00;5;1257;5;10009
2025-04-12 12:33:04.032000+00:00;6;1257;6;10009
2025-04-12 12:33:04.032000+00:00;7;1257;7;10009
2025-04-12 12:33:04.032000+00:00;10;1257;8;10009
2025-04-12 12:33:04.032000+00:00;12;1257;9;10009
2025-04-12 12:33:04.032000+00:00;14;1257;10;10009
2025-04-12 12:33:04.032000+00:00;16;1257;11;10009
2025-04-12 12:33:04.032000+00:00;18;1257;12;10009
2025-04-12 12:33:04.032000+00:00;22;1257;13;10009
2025-04-12 12:33:04.032000+00:00;23;1257;14;10009
2025-04-12 12:33:04.032000+00:00;27;1257;15;10009
2025-04-12 12:33:04.032000+00:00;30;1257;16;10009
2025-04-12 12:33:04.032000+00:00;31;1257;2;10009
2025-04-12 12:33:48.638000+00:00;1;1257;4;10009
2025-04-12 12:33:48.638000+00:00;4;1257;5;10009
2025-04-12 12:33:48.638000+00:00;5;1257;6;10009
2025-04-12 12:33:48.638000+00:00;6;1257;7;10009
2025-04-12 12:33:48.638000+00:00;7;1257;8;10009
2025-04-12 12:33:48.638000+00:00;10;1257;9;10009
2025-04-12 12:33:48.638000+00:00;12;1257;10;10009
2025-04-12 12:33:48.638000+00:00;14;1257;11;10009
2025-04-12 12:33:48.638000+00:00;16;1257;12;10009
2025-04-12 12:33:48.638000+00:00;18;1257;13;10009
2025-04-12 12:33:48.638000+00:00;22;1257;14;10009
2025-04-12 12:33:48.638000+00:00;23;1257;15;10009
2025-04-12 12:33:48.638000+00:00;27;1257;16;10009
2025-04-12 12:33:48.638000+00:00;30;1257;17;10009
2025-04-12 12:33:48.638000+00:00;44;1257;3;10009
2025-04-12 12:36:53.567000+00:00;31;1257;1;10009
2025-04-12 12:36:53.567000+00:00;87;1257;2;10009
2025-04-12 12:39:44.634000+00:00;1;1257;5;10009
2025-04-12 12:39:44.634000+00:00;4;1257;6;10009
2025-04-12 12:39:44.634000+00:00;5;1257;7;10009
2025-04-12 12:39:44.634000+00:00;6;1257;8;10009
2025-04-12 12:39:44.634000+00:00;7;1257;9;10009
2025-04-12 12:39:44.634000+00:00;10;1257;10;10009
2025-04-12 12:39:44.634000+00:00;12;1257;11;10009
2025-04-12 12:39:44.634000+00:00;14;1257;12;10009
2025-04-12 12:39:44.634000+00:00;16;1257;4;10009
2025-04-12 12:41:09.461000+00:00;1;1257;6;10009
2025-04-12 12:41:09.461000+00:00;4;1257;7;10009
2025-04-12 12:41:09.461000+00:00;5;1257;8;10009
2025-04-12 12:41:09.461000+00:00;6;1257;9;10009
2025-04-12 12:41:09.461000+00:00;7;1257;5;10009
2025-04-12 12:41:48.054000+00:00;1;1257;7;10009
2025-04-12 12:41:48.054000+00:00;4;1257;8;10009
2025-04-12 12:41:48.054000+00:00;5;1257;9;10009
2025-04-12 12:41:48.054000+00:00;6;1257;10;10009
2025-04-12 12:41:48.054000+00:00;10;1257;6;10009
2025-04-12 12:42:28.436000+00:00;31;1257;2;10009
2025-04-12 12:42:28.436000+00:00;44;1257;1;10009
2025-04-12 12:42:28.436000+00:00;87;1257;3;10009
2025-04-12 12:43:35.980000+00:00;16;1257;2;10009
2025-04-12 12:43:35.980000+00:00;31;1257;3;10009
2025-04-12 12:43:35.980000+00:00;87;1257;4;10009
2025-04-12 12:43:41.830000+00:00;1;1257;8;10009
2025-04-12 12:43:41.830000+00:00;4;1257;9;10009
2025-04-12 12:43:41.830000+00:00;5;1257;7;10009
2025-04-12 12:44:46.212000+00:00;7;1257;3;10009
2025-04-12 12:44:46.212000+00:00;31;1257;4;10009
2025-04-12 12:44:46.212000+00:00;87;1257;5;10009
2025-04-12 12:44:47.599000+00:00;1;1257;9;10009
2025-04-12 12:44:47.599000+00:00;4;1257;10;10009
2025-04-12 12:44:47.599000+00:00;6;1257;11;10009
2025-04-12 12:44:47.599000+00:00;12;1257;12;10009
2025-04-12 12:44:47.599000+00:00;14;1257;13;10009
2025-04-12 12:44:47.599000+00:00;18;1257;14;10009
2025-04-12 12:44:47.599000+00:00;22;1257;8;10009
2025-04-12 12:45:23.583000+00:00;7;1257;4;10009
2025-04-12 12:45:23.583000+00:00;10;1257;3;10009
2025-04-12 12:45:23.583000+00:00;31;1257;5;10009
2025-04-12 12:45:23.583000+00:00;87;1257;6;10009
2025-04-12 12:45:51.789000+00:00;1;1257;10;10009
2025-04-12 12:45:51.789000+00:00;4;1257;9;10009
2025-04-12 12:46:14.860000+00:00;1;1257;11;10009
2025-04-12 12:46:14.860000+00:00;6;1257;12;10009
2025-04-12 12:46:14.860000+00:00;12;1257;13;10009
2025-04-12 12:46:14.860000+00:00;14;1257;14;10009
2025-04-12 12:46:14.860000+00:00;18;1257;15;10009
2025-04-12 12:46:14.860000+00:00;23;1257;16;10009
2025-04-12 12:46:14.860000+00:00;27;1257;10;10009
2025-04-12 12:48:29.120000+00:00;6;1257;13;10009
2025-04-12 12:48:29.120000+00:00;12;1257;14;10009
2025-04-12 12:48:29.120000+00:00;14;1257;15;10009
2025-04-12 12:48:29.120000+00:00;18;1257;12;10009
2025-04-12 12:48:35.688000+00:00;6;1257;14;10009
2025-04-12 12:48:35.688000+00:00;12;1257;15;10009
2025-04-12 12:48:35.688000+00:00;14;1257;13;10009
2025-04-12 12:48:36.652000+00:00;5;1257;8;10009
2025-04-12 12:48:36.652000+00:00;22;1257;5;10009
2025-04-12 12:48:36.652000+00:00;31;1257;6;10009
2025-04-12 12:48:36.652000+00:00;87;1257;7;10009
2025-04-12 12:49:17.544000+00:00;6;1257;15;10009
2025-04-12 12:49:17.544000+00:00;12;1257;16;10009
2025-04-12 12:49:17.544000+00:00;23;1257;17;10009
2025-04-12 12:49:17.544000+00:00;30;1257;18;10009
2025-04-12 12:49:17.544000+00:00;55;1257;19;10009
2025-04-12 12:49:17.544000+00:00;63;1257;20;10009
2025-04-12 12:49:17.544000+00:00;81;1257;14;10009
2025-04-12 12:49:46.032000+00:00;4;1257;1;10009
2025-04-12 12:49:46.032000+00:00;5;1257;9;10009
2025-04-12 12:49:46.032000+00:00;7;1257;5;10009
2025-04-12 12:49:46.032000+00:00;10;1257;4;10009
2025-04-12 12:49:46.032000+00:00;16;1257;3;10009
2025-04-12 12:49:46.032000+00:00;22;1257;6;10009
2025-04-12 12:49:46.032000+00:00;31;1257;7;10009
2025-04-12 12:49:46.032000+00:00;44;1257;2;10009
2025-04-12 12:49:46.032000+00:00;87;1257;8;10009
2025-04-12 12:49:54.798000+00:00;5;1257;10;10009
2025-04-12 12:49:54.798000+00:00;7;1257;6;10009
2025-04-12 12:49:54.798000+00:00;10;1257;5;10009
2025-04-12 12:49:54.798000+00:00;16;1257;4;10009
2025-04-12 12:49:54.798000+00:00;22;1257;7;10009
2025-04-12 12:49:54.798000+00:00;27;1257;3;10009
2025-04-12 12:49:54.798000+00:00;31;1257;8;10009
2025-04-12 12:49:54.798000+00:00;87;1257;9;10009
2025-04-12 12:51:06.211000+00:00;6;1257;16;10009
2025-04-12 12:51:06.211000+00:00;12;1257;17;10009
2025-04-12 12:51:06.211000+00:00;23;1257;18;10009
2025-04-12 12:51:06.211000+00:00;30;1257;19;10009
2025-04-12 12:51:06.211000+00:00;55;1257;15;10009
2025-04-12 12:51:14.536000+00:00;6;1257;17;10009
2025-04-12 12:51:14.536000+00:00;12;1257;18;10009
2025-04-12 12:51:14.536000+00:00;23;1257;16;10009
2025-04-12 12:52:14.120000+00:00;1;1257;12;10009
2025-04-12 12:52:14.120000+00:00;5;1257;11;10009
2025-04-12 12:52:14.120000+00:00;18;1257;7;10009
2025-04-12 12:52:14.120000+00:00;22;1257;8;10009
2025-04-12 12:52:14.120000+00:00;31;1257;9;10009
2025-04-12 12:52:14.120000+00:00;87;1257;10;10009
2025-04-12 12:52:21.035000+00:00;1;1257;13;10009
2025-04-12 12:52:21.035000+00:00;5;1257;12;10009
2025-04-12 12:52:21.035000+00:00;7;1257;7;10009
2025-04-12 12:52:21.035000+00:00;10;1257;6;10009
2025-04-12 12:52:21.035000+00:00;14;1257;2;10009
2025-04-12 12:52:21.035000+00:00;16;1257;5;10009
2025-04-12 12:52:21.035000+00:00;18;1257;8;10009
2025-04-12 12:52:21.035000+00:00;22;1257;9;10009
2025-04-12 12:52:21.035000+00:00;27;1257;4;10009
2025-04-12 12:52:21.035000+00:00;31;1257;10;10009
2025-04-12 12:52:21.035000+00:00;44;1257;3;10009
2025-04-12 12:52:21.035000+00:00;87;1257;11;10009
2025-04-12 12:52:33.436000+00:00;10;1257;3;10009
2025-04-12 12:52:33.436000+00:00;16;1257;6;10009
2025-04-12 12:52:33.436000+00:00;27;1257;5;10009
2025-04-12 12:52:33.436000+00:00;44;1257;4;10009
2025-04-12 12:53:18.595000+00:00;1;1257;14;10009
2025-04-12 12:53:18.595000+00:00;4;1257;2;10009
2025-04-12 12:53:18.595000+00:00;5;1257;13;10009
2025-04-12 12:53:18.595000+00:00;7;1257;8;10009
2025-04-12 12:53:18.595000+00:00;10;1257;4;10009
2025-04-12 12:53:18.595000+00:00;14;1257;3;10009
2025-04-12 12:53:18.595000+00:00;16;1257;7;10009
2025-04-12 12:53:18.595000+00:00;18;1257;9;10009
2025-04-12 12:53:18.595000+00:00;22;1257;10;10009
2025-04-12 12:53:18.595000+00:00;27;1257;6;10009
2025-04-12 12:53:18.595000+00:00;31;1257;11;10009
2025-04-12 12:53:18.595000+00:00;44;1257;5;10009
2025-04-12 12:53:18.595000+00:00;81;1257;1;10009
2025-04-12 12:53:18.595000+00:00;87;1257;12;10009
2025-04-12 12:53:43.773000+00:00;12;1257;19;10009
2025-04-12 12:53:43.773000+00:00;30;1257;18;10009
2025-04-12 12:54:30.097000+00:00;1;1257;15;10009
2025-04-12 12:54:30.097000+00:00;5;1257;14;10009
2025-04-12 12:54:30.097000+00:00;7;1257;9;10009
2025-04-12 12:54:30.097000+00:00;18;1257;10;10009
2025-04-12 12:54:30.097000+00:00;22;1257;11;10009
2025-04-12 12:54:30.097000+00:00;31;1257;12;10009
2025-04-12 12:54:30.097000+00:00;55;1257;8;10009
2025-04-12 12:54:30.097000+00:00;87;1257;13;10009
2025-04-12 12:54:36.565000+00:00;10;1257;5;10009
2025-04-12 12:54:36.565000+00:00;16;1257;4;10009
2025-04-12 12:54:36.565000+00:00;27;1257;7;10009
2025-04-12 12:54:36.565000+00:00;44;1257;6;10009
2025-04-12 12:54:46.003000+00:00;1;1257;16;10009
2025-04-12 12:54:46.003000+00:00;5;1257;15;10009
2025-04-12 12:54:46.003000+00:00;23;1257;12;10009
2025-04-12 12:54:46.003000+00:00;31;1257;13;10009
2025-04-12 12:54:46.003000+00:00;87;1257;14;10009
2025-04-12 12:55:47.343000+00:00;7;1257;10;10009
2025-04-12 12:55:47.343000+00:00;18;1257;11;10009
2025-04-12 12:55:47.343000+00:00;22;1257;8;10009
2025-04-12 12:55:47.343000+00:00;55;1257;9;10009
2025-04-12 12:56:53.076000+00:00;10;1257;6;10009
2025-04-12 12:56:53.076000+00:00;27;1257;5;10009
2025-04-12 12:56:53.076000+00:00;44;1257;7;10009
2025-04-12 12:57:17.945000+00:00;1;1257;17;10009
2025-04-12 12:57:17.945000+00:00;5;1257;16;10009
2025-04-12 12:57:17.945000+00:00;6;1257;7;10009
2025-04-12 12:57:17.945000+00:00;7;1257;11;10009
2025-04-12 12:57:17.945000+00:00;18;1257;12;10009
2025-04-12 12:57:17.945000+00:00;22;1257;9;10009
2025-04-12 12:57:17.945000+00:00;23;1257;13;10009
2025-04-12 12:57:17.945000+00:00;31;1257;14;10009
2025-04-12 12:57:17.945000+00:00;44;1257;8;10009
2025-04-12 12:57:17.945000+00:00;55;1257;10;10009
2025-04-12 12:57:17.945000+00:00;87;1257;15;10009
2025-04-12 12:57:27.953000+00:00;1;1257;18;10009
2025-04-12 12:57:27.953000+00:00;5;1257;17;10009
2025-04-12 12:57:27.953000+00:00;7;1257;12;10009
2025-04-12 12:57:27.953000+00:00;18;1257;13;10009
2025-04-12 12:57:27.953000+00:00;22;1257;10;10009
2025-04-12 12:57:27.953000+00:00;23;1257;14;10009
2025-04-12 12:57:27.953000+00:00;30;1257;9;10009
2025-04-12 12:57:27.953000+00:00;31;1257;15;10009
2025-04-12 12:57:27.953000+00:00;55;1257;11;10009
2025-04-12 12:57:27.953000+00:00;87;1257;16;10009
2025-04-12 12:57:49.652000+00:00;1;1257;19;10009
2025-04-12 12:57:49.652000+00:00;5;1257;18;10009
2025-04-12 12:57:49.652000+00:00;7;1257;13;10009
2025-04-12 12:57:49.652000+00:00;12;1257;11;10009
2025-04-12 12:57:49.652000+00:00;18;1257;14;10009
2025-04-12 12:57:49.652000+00:00;23;1257;15;10009
2025-04-12 12:57:49.652000+00:00;31;1257;16;10009
2025-04-12 12:57:49.652000+00:00;55;1257;12;10009
2025-04-12 12:57:49.652000+00:00;87;1257;17;10009
2025-04-12 12:58:31.477000+00:00;6;1257;8;10009
2025-04-12 12:58:31.477000+00:00;7;1257;7;10009
2025-04-12 12:58:31.477000+00:00;12;1257;12;10009
2025-04-12 12:58:31.477000+00:00;22;1257;11;10009
2025-04-12 12:58:31.477000+00:00;30;1257;10;10009
2025-04-12 12:58:31.477000+00:00;44;1257;9;10009
2025-04-12 12:58:31.477000+00:00;55;1257;13;10009
2025-04-12 12:59:13.056000+00:00;18;1257;13;10009
2025-04-12 12:59:13.056000+00:00;55;1257;14;10009
2025-04-12 12:59:39.025000+00:00;10;1257;5;10009
2025-04-12 12:59:39.025000+00:00;27;1257;6;10009
2025-04-12 12:59:52.792000+00:00;6;1257;9;10009
2025-04-12 12:59:52.792000+00:00;7;1257;8;10009
2025-04-12 12:59:52.792000+00:00;10;1257;6;10009
2025-04-12 12:59:52.792000+00:00;16;1257;5;10009
2025-04-12 12:59:52.792000+00:00;27;1257;7;10009
2025-04-12 12:59:52.792000+00:00;44;1257;4;10009
2025-04-12 13:00:31.030000+00:00;5;1257;15;10009
2025-04-12 13:00:31.030000+00:00;23;1257;16;10009
2025-04-12 13:00:31.030000+00:00;31;1257;17;10009
2025-04-12 13:00:31.030000+00:00;87;1257;18;10009
2025-04-12 13:03:25.262000+00:00;1;1257;20;10009
2025-04-12 13:03:25.262000+00:00;63;1257;19;10009
2025-04-12 13:03:57.102000+00:00;1;1257;19;10009
2025-04-12 13:03:57.102000+00:00;63;1257;20;10009
2025-04-12 13:04:49.173000+00:00;16;1257;4;10009
2025-04-12 13:04:49.173000+00:00;44;1257;5;10009
2025-04-12 13:05:31.309000+00:00;1;1257;2;10009
2025-04-12 13:05:31.309000+00:00;4;1257;3;10009
2025-04-12 13:05:31.309000+00:00;5;1257;16;10009
2025-04-12 13:05:31.309000+00:00;6;1257;10;10009
2025-04-12 13:05:31.309000+00:00;7;1257;9;10009
2025-04-12 13:05:31.309000+00:00;10;1257;7;10009
2025-04-12 13:05:31.309000+00:00;12;1257;13;10009
2025-04-12 13:05:31.309000+00:00;14;1257;4;10009
2025-04-12 13:05:31.309000+00:00;16;1257;5;10009
2025-04-12 13:05:31.309000+00:00;18;1257;14;10009
2025-04-12 13:05:31.309000+00:00;22;1257;12;10009
2025-04-12 13:05:31.309000+00:00;23;1257;17;10009
2025-04-12 13:05:31.309000+00:00;27;1257;8;10009
2025-04-12 13:05:31.309000+00:00;30;1257;11;10009
2025-04-12 13:05:31.309000+00:00;31;1257;18;10009
2025-04-12 13:05:31.309000+00:00;44;1257;6;10009
2025-04-12 13:05:31.309000+00:00;55;1257;15;10009
2025-04-12 13:05:31.309000+00:00;87;1257;19;10009
2025-04-12 13:06:43.434000+00:00;5;1257;17;10009
2025-04-12 13:06:43.434000+00:00;18;1257;15;10009
2025-04-12 13:06:43.434000+00:00;23;1257;14;10009
2025-04-12 13:06:43.434000+00:00;55;1257;16;10009
2025-04-12 13:07:09.726000+00:00;6;1257;9;10009
2025-04-12 13:07:09.726000+00:00;7;1257;10;10009
2025-04-12 13:07:25.227000+00:00;5;1257;18;10009
2025-04-12 13:07:25.227000+00:00;12;1257;14;10009
2025-04-12 13:07:25.227000+00:00;18;1257;16;10009
2025-04-12 13:07:25.227000+00:00;22;1257;13;10009
2025-04-12 13:07:25.227000+00:00;23;1257;15;10009
2025-04-12 13:07:25.227000+00:00;30;1257;12;10009
2025-04-12 13:07:25.227000+00:00;31;1257;19;10009
2025-04-12 13:07:25.227000+00:00;55;1257;17;10009
2025-04-12 13:07:25.227000+00:00;63;1257;11;10009
2025-04-12 13:07:25.227000+00:00;87;1257;20;10009
2025-04-12 13:07:30.326000+00:00;6;1257;10;10009
2025-04-12 13:07:30.326000+00:00;7;1257;11;10009
2025-04-12 13:07:30.326000+00:00;30;1257;9;10009
2025-04-12 13:07:30.326000+00:00;63;1257;12;10009
2025-04-12 13:12:30.008000+00:00;5;1257;7;10009
2025-04-12 13:12:30.008000+00:00;6;1257;11;10009
2025-04-12 13:12:30.008000+00:00;7;1257;12;10009
2025-04-12 13:12:30.008000+00:00;10;1257;8;10009
2025-04-12 13:12:30.008000+00:00;12;1257;15;10009
2025-04-12 13:12:30.008000+00:00;18;1257;17;10009
2025-04-12 13:12:30.008000+00:00;22;1257;14;10009
2025-04-12 13:12:30.008000+00:00;23;1257;16;10009
2025-04-12 13:12:30.008000+00:00;27;1257;9;10009
2025-04-12 13:12:30.008000+00:00;30;1257;10;10009
2025-04-12 13:12:30.008000+00:00;55;1257;18;10009
2025-04-12 13:12:30.008000+00:00;63;1257;13;10009
2025-04-12 13:17:54.702000+00:00;5;1257;8;10009
2025-04-12 13:17:54.702000+00:00;6;1257;12;10009
2025-04-12 13:17:54.702000+00:00;7;1257;13;10009
2025-04-12 13:17:54.702000+00:00;10;1257;9;10009
2025-04-12 13:17:54.702000+00:00;12;1257;16;10009
2025-04-12 13:17:54.702000+00:00;14;1257;5;10009
2025-04-12 13:17:54.702000+00:00;16;1257;6;10009
2025-04-12 13:17:54.702000+00:00;22;1257;15;10009
2025-04-12 13:17:54.702000+00:00;23;1257;4;10009
2025-04-12 13:17:54.702000+00:00;27;1257;10;10009
2025-04-12 13:17:54.702000+00:00;30;1257;11;10009
2025-04-12 13:17:54.702000+00:00;44;1257;7;10009
2025-04-12 13:17:54.702000+00:00;63;1257;14;10009
2025-04-12 13:19:04.520000+00:00;1;1257;1;10009
2025-04-12 13:19:04.520000+00:00;81;1257;2;10009
2025-04-12 13:19:24.352000+00:00;1;1257;2;10009
2025-04-12 13:19:24.352000+00:00;4;1257;4;10009
2025-04-12 13:19:24.352000+00:00;5;1257;9;10009
2025-04-12 13:19:24.352000+00:00;10;1257;1;10009
2025-04-12 13:19:24.352000+00:00;14;1257;6;10009
2025-04-12 13:19:24.352000+00:00;16;1257;7;10009
2025-04-12 13:19:24.352000+00:00;23;1257;5;10009
2025-04-12 13:19:24.352000+00:00;44;1257;8;10009
2025-04-12 13:19:24.352000+00:00;81;1257;3;10009
2025-04-12 13:19:36.779000+00:00;5;1257;10;10009
2025-04-12 13:19:36.779000+00:00;6;1257;13;10009
2025-04-12 13:19:36.779000+00:00;7;1257;14;10009
2025-04-12 13:19:36.779000+00:00;12;1257;17;10009
2025-04-12 13:19:36.779000+00:00;18;1257;18;10009
2025-04-12 13:19:36.779000+00:00;22;1257;16;10009
2025-04-12 13:19:36.779000+00:00;27;1257;11;10009
2025-04-12 13:19:36.779000+00:00;30;1257;12;10009
2025-04-12 13:19:36.779000+00:00;31;1257;20;10009
2025-04-12 13:19:36.779000+00:00;55;1257;19;10009
2025-04-12 13:19:36.779000+00:00;63;1257;15;10009
2025-04-12 13:19:36.779000+00:00;87;1257;9;10009
2025-04-12 13:19:58.242000+00:00;1;1257;3;10009
2025-04-12 13:19:58.242000+00:00;10;1257;2;10009
2025-04-12 13:19:58.242000+00:00;81;1257;1;10009
2025-04-12 13:20:08.900000+00:00;1;1257;4;10009
2025-04-12 13:20:08.900000+00:00;4;1257;5;10009
2025-04-12 13:20:08.900000+00:00;5;1257;11;10009
2025-04-12 13:20:08.900000+00:00;6;1257;3;10009
2025-04-12 13:20:08.900000+00:00;14;1257;7;10009
2025-04-12 13:20:08.900000+00:00;16;1257;8;10009
2025-04-12 13:20:08.900000+00:00;23;1257;6;10009
2025-04-12 13:20:08.900000+00:00;27;1257;12;10009
2025-04-12 13:20:08.900000+00:00;30;1257;13;10009
2025-04-12 13:20:08.900000+00:00;44;1257;9;10009
2025-04-12 13:20:08.900000+00:00;87;1257;10;10009
2025-04-12 13:20:27.369000+00:00;1;1257;5;10009
2025-04-12 13:20:27.369000+00:00;4;1257;6;10009
2025-04-12 13:20:27.369000+00:00;5;1257;12;10009
2025-04-12 13:20:27.369000+00:00;6;1257;4;10009
2025-04-12 13:20:27.369000+00:00;7;1257;15;10009
2025-04-12 13:20:27.369000+00:00;10;1257;3;10009
2025-04-12 13:20:27.369000+00:00;12;1257;2;10009
2025-04-12 13:20:27.369000+00:00;14;1257;8;10009
2025-04-12 13:20:27.369000+00:00;16;1257;9;10009
2025-04-12 13:20:27.369000+00:00;22;1257;17;10009
2025-04-12 13:20:27.369000+00:00;23;1257;7;10009
2025-04-12 13:20:27.369000+00:00;27;1257;13;10009
2025-04-12 13:20:27.369000+00:00;30;1257;14;10009
2025-04-12 13:20:27.369000+00:00;44;1257;10;10009
2025-04-12 13:20:27.369000+00:00;63;1257;16;10009
2025-04-12 13:20:27.369000+00:00;87;1257;11;10009
2025-04-12 13:20:47.500000+00:00;4;1257;7;10009
2025-04-12 13:20:47.500000+00:00;5;1257;13;10009
2025-04-12 13:20:47.500000+00:00;14;1257;9;10009
2025-04-12 13:20:47.500000+00:00;16;1257;10;10009
2025-04-12 13:20:47.500000+00:00;23;1257;8;10009
2025-04-12 13:20:47.500000+00:00;27;1257;14;10009
2025-04-12 13:20:47.500000+00:00;30;1257;6;10009
2025-04-12 13:20:47.500000+00:00;44;1257;11;10009
2025-04-12 13:20:47.500000+00:00;87;1257;12;10009
2025-04-12 13:21:20.907000+00:00;4;1257;8;10009
2025-04-12 13:21:20.907000+00:00;5;1257;14;10009
2025-04-12 13:21:20.907000+00:00;7;1257;16;10009
2025-04-12 13:21:20.907000+00:00;14;1257;10;10009
2025-04-12 13:21:20.907000+00:00;16;1257;11;10009
2025-04-12 13:21:20.907000+00:00;18;1257;19;10009
2025-04-12 13:21:20.907000+00:00;22;1257;18;10009
2025-04-12 13:21:20.907000+00:00;23;1257;9;10009
2025-04-12 13:21:20.907000+00:00;27;1257;15;10009
2025-04-12 13:21:20.907000+00:00;30;1257;7;10009
2025-04-12 13:21:20.907000+00:00;31;1257;6;10009
2025-04-12 13:21:20.907000+00:00;44;1257;12;10009
2025-04-12 13:21:20.907000+00:00;55;1257;20;10009
2025-04-12 13:21:20.907000+00:00;63;1257;17;10009
2025-04-12 13:21:20.907000+00:00;87;1257;13;10009
2025-04-12 13:22:34.095000+00:00;1;1257;6;10009
2025-04-12 13:22:34.095000+00:00;4;1257;9;10009
2025-04-12 13:22:34.095000+00:00;5;1257;15;10009
2025-04-12 13:22:34.095000+00:00;6;1257;5;10009
2025-04-12 13:22:34.095000+00:00;7;1257;17;10009
2025-04-12 13:22:34.095000+00:00;10;1257;4;10009
2025-04-12 13:22:34.095000+00:00;12;1257;3;10009
2025-04-12 13:22:34.095000+00:00;14;1257;11;10009
2025-04-12 13:22:34.095000+00:00;16;1257;12;10009
2025-04-12 13:22:34.095000+00:00;23;1257;10;10009
2025-04-12 13:22:34.095000+00:00;27;1257;16;10009
2025-04-12 13:22:34.095000+00:00;30;1257;8;10009
2025-04-12 13:22:34.095000+00:00;31;1257;7;10009
2025-04-12 13:22:34.095000+00:00;44;1257;13;10009
2025-04-12 13:22:34.095000+00:00;63;1257;2;10009
2025-04-12 13:22:34.095000+00:00;87;1257;14;10009
2025-04-12 13:23:18.647000+00:00;4;1257;10;10009
2025-04-12 13:23:18.647000+00:00;5;1257;16;10009
2025-04-12 13:23:18.647000+00:00;7;1257;18;10009
2025-04-12 13:23:18.647000+00:00;14;1257;12;10009
2025-04-12 13:23:18.647000+00:00;16;1257;13;10009
2025-04-12 13:23:18.647000+00:00;18;1257;20;10009
2025-04-12 13:23:18.647000+00:00;22;1257;19;10009
2025-04-12 13:23:18.647000+00:00;23;1257;11;10009
2025-04-12 13:23:18.647000+00:00;27;1257;17;10009
2025-04-12 13:23:18.647000+00:00;30;1257;9;10009
2025-04-12 13:23:18.647000+00:00;31;1257;8;10009
2025-04-12 13:23:18.647000+00:00;44;1257;14;10009
2025-04-12 13:23:18.647000+00:00;55;1257;7;10009
2025-04-12 13:23:18.647000+00:00;87;1257;15;10009
2025-04-12 13:23:40.844000+00:00;4;1257;11;10009
2025-04-12 13:23:40.844000+00:00;14;1257;10;10009
2025-04-12 13:23:40.844000+00:00;23;1257;12;10009
2025-04-12 13:23:54.513000+00:00;1;1257;7;10009
2025-04-12 13:23:54.513000+00:00;4;1257;2;10009
2025-04-12 13:23:54.513000+00:00;6;1257;6;10009
2025-04-12 13:23:54.513000+00:00;10;1257;5;10009
2025-04-12 13:23:54.513000+00:00;12;1257;4;10009
2025-04-12 13:23:54.513000+00:00;14;1257;11;10009
2025-04-12 13:23:54.513000+00:00;30;1257;10;10009
2025-04-12 13:23:54.513000+00:00;31;1257;9;10009
2025-04-12 13:23:54.513000+00:00;55;1257;8;10009
2025-04-12 13:23:54.513000+00:00;63;1257;3;10009
2025-04-12 13:24:23.595000+00:00;1;1257;8;10009
2025-04-12 13:24:23.595000+00:00;6;1257;7;10009
2025-04-12 13:24:23.595000+00:00;10;1257;6;10009
2025-04-12 13:24:23.595000+00:00;12;1257;5;10009
2025-04-12 13:24:23.595000+00:00;14;1257;12;10009
2025-04-12 13:24:23.595000+00:00;16;1257;3;10009
2025-04-12 13:24:23.595000+00:00;23;1257;13;10009
2025-04-12 13:24:23.595000+00:00;30;1257;11;10009
2025-04-12 13:24:23.595000+00:00;31;1257;10;10009
2025-04-12 13:24:23.595000+00:00;55;1257;9;10009
2025-04-12 13:24:23.595000+00:00;63;1257;4;10009
2025-04-12 13:24:32.896000+00:00;14;1257;13;10009
2025-04-12 13:24:32.896000+00:00;23;1257;14;10009
2025-04-12 13:24:32.896000+00:00;30;1257;12;10009
2025-04-12 13:24:32.896000+00:00;31;1257;11;10009
2025-04-12 13:24:32.896000+00:00;44;1257;10;10009
2025-04-12 13:26:35.551000+00:00;5;1257;17;10009
2025-04-12 13:26:35.551000+00:00;7;1257;12;10009
2025-04-12 13:26:35.551000+00:00;14;1257;14;10009
2025-04-12 13:26:35.551000+00:00;23;1257;15;10009
2025-04-12 13:26:35.551000+00:00;27;1257;18;10009
2025-04-12 13:26:35.551000+00:00;30;1257;13;10009
2025-04-12 13:26:35.551000+00:00;87;1257;16;10009
2025-04-12 13:29:38.641000+00:00;5;1257;18;10009
2025-04-12 13:29:38.641000+00:00;18;1257;17;10009
2025-04-12 13:29:38.641000+00:00;22;1257;20;10009
2025-04-12 13:29:38.641000+00:00;27;1257;19;10009
2025-04-12 15:47:44.097000+00:00;1;1257;8;10010
2025-04-12 15:47:44.097000+00:00;4;1257;2;10010
2025-04-12 15:47:44.097000+00:00;5;1257;18;10010
2025-04-12 15:47:44.097000+00:00;6;1257;7;10010
2025-04-12 15:47:44.097000+00:00;7;1257;12;10010
2025-04-12 15:47:44.097000+00:00;10;1257;6;10010
2025-04-12 15:47:44.097000+00:00;12;1257;5;10010
2025-04-12 15:47:44.097000+00:00;14;1257;14;10010
2025-04-12 15:47:44.097000+00:00;16;1257;3;10010
2025-04-12 15:47:44.097000+00:00;18;1257;17;10010
2025-04-12 15:47:44.097000+00:00;22;1257;20;10010
2025-04-12 15:47:44.097000+00:00;23;1257;15;10010
2025-04-12 15:47:44.097000+00:00;27;1257;19;10010
2025-04-12 15:47:44.097000+00:00;30;1257;13;10010
2025-04-12 15:47:44.097000+00:00;31;1257;11;10010
2025-04-12 15:47:44.097000+00:00;44;1257;10;10010
2025-04-12 15:47:44.097000+00:00;55;1257;9;10010
2025-04-12 15:47:44.097000+00:00;63;1257;4;10010
2025-04-12 15:47:44.097000+00:00;81;1257;1;10010
2025-04-12 15:47:44.097000+00:00;87;1257;16;10010
2025-04-12 16:00:03.975000+00:00;1;1257;9;10010
2025-04-12 16:00:03.975000+00:00;4;1257;3;10010
2025-04-12 16:00:03.975000+00:00;6;1257;8;10010
2025-04-12 16:00:03.975000+00:00;7;1257;13;10010
2025-04-12 16:00:03.975000+00:00;10;1257;7;10010
2025-04-12 16:00:03.975000+00:00;12;1257;6;10010
2025-04-12 16:00:03.975000+00:00;14;1257;15;10010
2025-04-12 16:00:03.975000+00:00;16;1257;4;10010
2025-04-12 16:00:03.975000+00:00;18;1257;1;10010
2025-04-12 16:00:03.975000+00:00;23;1257;16;10010
2025-04-12 16:00:03.975000+00:00;30;1257;14;10010
2025-04-12 16:00:03.975000+00:00;31;1257;12;10010
2025-04-12 16:00:03.975000+00:00;44;1257;11;10010
2025-04-12 16:00:03.975000+00:00;55;1257;10;10010
2025-04-12 16:00:03.975000+00:00;63;1257;5;10010
2025-04-12 16:00:03.975000+00:00;81;1257;2;10010
2025-04-12 16:00:03.975000+00:00;87;1257;17;10010
2025-04-12 16:00:11.243000+00:00;1;1257;10;10010
2025-04-12 16:00:11.243000+00:00;4;1257;4;10010
2025-04-12 16:00:11.243000+00:00;5;1257;19;10010
2025-04-12 16:00:11.243000+00:00;6;1257;9;10010
2025-04-12 16:00:11.243000+00:00;7;1257;14;10010
2025-04-12 16:00:11.243000+00:00;10;1257;8;10010
2025-04-12 16:00:11.243000+00:00;12;1257;7;10010
2025-04-12 16:00:11.243000+00:00;14;1257;16;10010
2025-04-12 16:00:11.243000+00:00;16;1257;5;10010
2025-04-12 16:00:11.243000+00:00;23;1257;17;10010
2025-04-12 16:00:11.243000+00:00;27;1257;2;10010
2025-04-12 16:00:11.243000+00:00;30;1257;15;10010
2025-04-12 16:00:11.243000+00:00;31;1257;13;10010
2025-04-12 16:00:11.243000+00:00;44;1257;12;10010
2025-04-12 16:00:11.243000+00:00;55;1257;11;10010
2025-04-12 16:00:11.243000+00:00;63;1257;6;10010
2025-04-12 16:00:11.243000+00:00;81;1257;3;10010
2025-04-12 16:00:11.243000+00:00;87;1257;18;10010
2025-04-12 16:00:24.162000+00:00;1;1257;11;10010
2025-04-12 16:00:24.162000+00:00;4;1257;5;10010
2025-04-12 16:00:24.162000+00:00;6;1257;10;10010
2025-04-12 16:00:24.162000+00:00;7;1257;15;10010
2025-04-12 16:00:24.162000+00:00;10;1257;9;10010
2025-04-12 16:00:24.162000+00:00;12;1257;8;10010
2025-04-12 16:00:24.162000+00:00;14;1257;1;10010
2025-04-12 16:00:24.162000+00:00;16;1257;6;10010
2025-04-12 16:00:24.162000+00:00;18;1257;2;10010
2025-04-12 16:00:24.162000+00:00;27;1257;3;10010
2025-04-12 16:00:24.162000+00:00;30;1257;16;10010
2025-04-12 16:00:24.162000+00:00;31;1257;14;10010
2025-04-12 16:00:24.162000+00:00;44;1257;13;10010
2025-04-12 16:00:24.162000+00:00;55;1257;12;10010
2025-04-12 16:00:24.162000+00:00;63;1257;7;10010
2025-04-12 16:00:24.162000+00:00;81;1257;4;10010
2025-04-12 16:02:01.770000+00:00;14;1257;2;10010
2025-04-12 16:02:01.770000+00:00;18;1257;1;10010
2025-04-12 16:02:12.196000+00:00;14;1257;3;10010
2025-04-12 16:02:12.196000+00:00;27;1257;2;10010
2025-04-12 16:02:28.159000+00:00;14;1257;1;10010
2025-04-12 16:02:28.159000+00:00;18;1257;2;10010
2025-04-12 16:02:28.159000+00:00;27;1257;3;10010
2025-04-12 16:03:14.665000+00:00;1;1257;4;10010
2025-04-12 16:03:14.665000+00:00;4;1257;6;10010
2025-04-12 16:03:14.665000+00:00;6;1257;11;10010
2025-04-12 16:03:14.665000+00:00;10;1257;10;10010
2025-04-12 16:03:14.665000+00:00;12;1257;9;10010
2025-04-12 16:03:14.665000+00:00;16;1257;7;10010
2025-04-12 16:03:14.665000+00:00;63;1257;8;10010
2025-04-12 16:03:14.665000+00:00;81;1257;5;10010
2025-04-12 16:03:20.612000+00:00;4;1257;7;10010
2025-04-12 16:03:20.612000+00:00;5;1257;20;10010
2025-04-12 16:03:20.612000+00:00;6;1257;12;10010
2025-04-12 16:03:20.612000+00:00;7;1257;16;10010
2025-04-12 16:03:20.612000+00:00;10;1257;11;10010
2025-04-12 16:03:20.612000+00:00;12;1257;10;10010
2025-04-12 16:03:20.612000+00:00;16;1257;8;10010
2025-04-12 16:03:20.612000+00:00;22;1257;5;10010
2025-04-12 16:03:20.612000+00:00;23;1257;18;10010
2025-04-12 16:03:20.612000+00:00;30;1257;17;10010
2025-04-12 16:03:20.612000+00:00;31;1257;15;10010
2025-04-12 16:03:20.612000+00:00;44;1257;14;10010
2025-04-12 16:03:20.612000+00:00;55;1257;13;10010
2025-04-12 16:03:20.612000+00:00;63;1257;9;10010
2025-04-12 16:03:20.612000+00:00;81;1257;6;10010
2025-04-12 16:03:20.612000+00:00;87;1257;19;10010
2025-04-12 16:03:28.921000+00:00;1;1257;5;10010
2025-04-12 16:03:28.921000+00:00;4;1257;8;10010
2025-04-12 16:03:28.921000+00:00;10;1257;4;10010
2025-04-12 16:03:28.921000+00:00;12;1257;11;10010
2025-04-12 16:03:28.921000+00:00;16;1257;9;10010
2025-04-12 16:03:28.921000+00:00;22;1257;6;10010
2025-04-12 16:03:28.921000+00:00;63;1257;10;10010
2025-04-12 16:03:28.921000+00:00;81;1257;7;10010
2025-04-12 16:03:35.475000+00:00;14;1257;2;10010
2025-04-12 16:03:35.475000+00:00;18;1257;1;10010
2025-04-12 16:03:35.761000+00:00;4;1257;9;10010
2025-04-12 16:03:35.761000+00:00;6;1257;13;10010
2025-04-12 16:03:35.761000+00:00;7;1257;6;10010
2025-04-12 16:03:35.761000+00:00;12;1257;12;10010
2025-04-12 16:03:35.761000+00:00;16;1257;10;10010
2025-04-12 16:03:35.761000+00:00;22;1257;7;10010
2025-04-12 16:03:35.761000+00:00;31;1257;16;10010
2025-04-12 16:03:35.761000+00:00;44;1257;15;10010
2025-04-12 16:03:35.761000+00:00;55;1257;14;10010
2025-04-12 16:03:35.761000+00:00;63;1257;11;10010
2025-04-12 16:03:35.761000+00:00;81;1257;8;10010
2025-04-12 16:03:44.873000+00:00;14;1257;3;10010
2025-04-12 16:03:44.873000+00:00;18;1257;2;10010
2025-04-12 16:03:44.873000+00:00;27;1257;1;10010
2025-04-12 16:03:49.979000+00:00;4;1257;10;10010
2025-04-12 16:03:49.979000+00:00;6;1257;14;10010
2025-04-12 16:03:49.979000+00:00;12;1257;13;10010
2025-04-12 16:03:49.979000+00:00;16;1257;11;10010
2025-04-12 16:03:49.979000+00:00;22;1257;8;10010
2025-04-12 16:03:49.979000+00:00;23;1257;19;10010
2025-04-12 16:03:49.979000+00:00;30;1257;18;10010
2025-04-12 16:03:49.979000+00:00;31;1257;17;10010
2025-04-12 16:03:49.979000+00:00;44;1257;16;10010
2025-04-12 16:03:49.979000+00:00;55;1257;15;10010
2025-04-12 16:03:49.979000+00:00;63;1257;12;10010
2025-04-12 16:03:49.979000+00:00;81;1257;9;10010
2025-04-12 16:03:49.979000+00:00;87;1257;7;10010
2025-04-12 16:03:51.726000+00:00;14;1257;2;10010
2025-04-12 16:03:51.726000+00:00;18;1257;3;10010
2025-04-12 16:03:56.363000+00:00;4;1257;11;10010
2025-04-12 16:03:56.363000+00:00;6;1257;15;10010
2025-04-12 16:03:56.363000+00:00;12;1257;14;10010
2025-04-12 16:03:56.363000+00:00;16;1257;12;10010
2025-04-12 16:03:56.363000+00:00;22;1257;9;10010
2025-04-12 16:03:56.363000+00:00;30;1257;7;10010
2025-04-12 16:03:56.363000+00:00;31;1257;18;10010
2025-04-12 16:03:56.363000+00:00;44;1257;17;10010
2025-04-12 16:03:56.363000+00:00;55;1257;16;10010
2025-04-12 16:03:56.363000+00:00;63;1257;13;10010
2025-04-12 16:03:56.363000+00:00;81;1257;10;10010
2025-04-12 16:03:56.363000+00:00;87;1257;8;10010
2025-04-12 16:04:00.603000+00:00;14;1257;1;10010
2025-04-12 16:04:00.603000+00:00;27;1257;2;10010
2025-04-12 16:04:09.164000+00:00;1;1257;6;10010
2025-04-12 16:04:09.164000+00:00;4;1257;12;10010
2025-04-12 16:04:09.164000+00:00;6;1257;5;10010
2025-04-12 16:04:09.164000+00:00;7;1257;7;10010
2025-04-12 16:04:09.164000+00:00;12;1257;15;10010
2025-04-12 16:04:09.164000+00:00;16;1257;13;10010
2025-04-12 16:04:09.164000+00:00;22;1257;10;10010
2025-04-12 16:04:09.164000+00:00;30;1257;8;10010
2025-04-12 16:04:09.164000+00:00;63;1257;14;10010
2025-04-12 16:04:09.164000+00:00;81;1257;11;10010
2025-04-12 16:04:09.164000+00:00;87;1257;9;10010
2025-04-12 16:04:17.431000+00:00;4;1257;13;10010
2025-04-12 16:04:17.431000+00:00;7;1257;8;10010
2025-04-12 16:04:17.431000+00:00;12;1257;16;10010
2025-04-12 16:04:17.431000+00:00;16;1257;14;10010
2025-04-12 16:04:17.431000+00:00;22;1257;11;10010
2025-04-12 16:04:17.431000+00:00;30;1257;9;10010
2025-04-12 16:04:17.431000+00:00;55;1257;7;10010
2025-04-12 16:04:17.431000+00:00;63;1257;15;10010
2025-04-12 16:04:17.431000+00:00;81;1257;12;10010
2025-04-12 16:04:17.431000+00:00;87;1257;10;10010
2025-04-12 16:04:27.575000+00:00;4;1257;14;10010
2025-04-12 16:04:27.575000+00:00;12;1257;17;10010
2025-04-12 16:04:27.575000+00:00;16;1257;15;10010
2025-04-12 16:04:27.575000+00:00;22;1257;12;10010
2025-04-12 16:04:27.575000+00:00;23;1257;10;10010
2025-04-12 16:04:27.575000+00:00;31;1257;19;10010
2025-04-12 16:04:27.575000+00:00;44;1257;18;10010
2025-04-12 16:04:27.575000+00:00;63;1257;16;10010
2025-04-12 16:04:27.575000+00:00;81;1257;13;10010
2025-04-12 16:04:27.575000+00:00;87;1257;11;10010
2025-04-12 16:04:50.316000+00:00;4;1257;15;10010
2025-04-12 16:04:50.316000+00:00;7;1257;9;10010
2025-04-12 16:04:50.316000+00:00;12;1257;18;10010
2025-04-12 16:04:50.316000+00:00;16;1257;16;10010
2025-04-12 16:04:50.316000+00:00;22;1257;13;10010
2025-04-12 16:04:50.316000+00:00;23;1257;11;10010
2025-04-12 16:04:50.316000+00:00;30;1257;10;10010
2025-04-12 16:04:50.316000+00:00;44;1257;8;10010
2025-04-12 16:04:50.316000+00:00;63;1257;17;10010
2025-04-12 16:04:50.316000+00:00;81;1257;14;10010
2025-04-12 16:04:50.316000+00:00;87;1257;12;10010
2025-04-12 16:05:06.410000+00:00;1;1257;7;10010
2025-04-12 16:05:06.410000+00:00;4;1257;16;10010
2025-04-12 16:05:06.410000+00:00;6;1257;6;10010
2025-04-12 16:05:06.410000+00:00;7;1257;10;10010
2025-04-12 16:05:06.410000+00:00;10;1257;5;10010
2025-04-12 16:05:06.410000+00:00;16;1257;4;10010
2025-04-12 16:05:06.410000+00:00;22;1257;14;10010
2025-04-12 16:05:06.410000+00:00;23;1257;12;10010
2025-04-12 16:05:06.410000+00:00;30;1257;11;10010
2025-04-12 16:05:06.410000+00:00;44;1257;9;10010
2025-04-12 16:05:06.410000+00:00;55;1257;8;10010
2025-04-12 16:05:06.410000+00:00;81;1257;15;10010
2025-04-12 16:05:06.410000+00:00;87;1257;13;10010
2025-04-12 16:05:06.600000+00:00;1;1257;3;10010
2025-04-12 16:05:06.600000+00:00;6;1257;7;10010
2025-04-12 16:05:06.600000+00:00;10;1257;6;10010
2025-04-12 16:05:06.600000+00:00;16;1257;5;10010
2025-04-12 16:05:06.600000+00:00;18;1257;4;10010
2025-04-12 16:05:12.989000+00:00;4;1257;17;10010
2025-04-12 16:05:12.989000+00:00;5;1257;14;10010
2025-04-12 16:05:12.989000+00:00;12;1257;19;10010
2025-04-12 16:05:12.989000+00:00;22;1257;15;10010
2025-04-12 16:05:12.989000+00:00;31;1257;20;10010
2025-04-12 16:05:12.989000+00:00;63;1257;18;10010
2025-04-12 16:05:12.989000+00:00;81;1257;16;10010
2025-04-12 16:05:17.557000+00:00;5;1257;15;10010
2025-04-12 16:05:17.557000+00:00;6;1257;8;10010
2025-04-12 16:05:17.557000+00:00;7;1257;11;10010
2025-04-12 16:05:17.557000+00:00;10;1257;7;10010
2025-04-12 16:05:17.557000+00:00;16;1257;6;10010
2025-04-12 16:05:17.557000+00:00;22;1257;5;10010
2025-04-12 16:05:17.557000+00:00;23;1257;13;10010
2025-04-12 16:05:17.557000+00:00;30;1257;12;10010
2025-04-12 16:05:17.557000+00:00;44;1257;10;10010
2025-04-12 16:05:17.557000+00:00;55;1257;9;10010
2025-04-12 16:05:17.557000+00:00;87;1257;14;10010
2025-04-12 16:05:23.849000+00:00;5;1257;16;10010
2025-04-12 16:05:23.849000+00:00;6;1257;9;10010
2025-04-12 16:05:23.849000+00:00;7;1257;12;10010
2025-04-12 16:05:23.849000+00:00;10;1257;8;10010
2025-04-12 16:05:23.849000+00:00;16;1257;7;10010
2025-04-12 16:05:23.849000+00:00;23;1257;14;10010
2025-04-12 16:05:23.849000+00:00;30;1257;13;10010
2025-04-12 16:05:23.849000+00:00;44;1257;11;10010
2025-04-12 16:05:23.849000+00:00;55;1257;10;10010
2025-04-12 16:05:23.849000+00:00;81;1257;6;10010
2025-04-12 16:05:23.849000+00:00;87;1257;15;10010
2025-04-12 16:05:31.131000+00:00;1;1257;4;10010
2025-04-12 16:05:31.131000+00:00;10;1257;3;10010
2025-04-12 16:05:31.131000+00:00;16;1257;8;10010
2025-04-12 16:05:31.131000+00:00;18;1257;5;10010
2025-04-12 16:05:31.131000+00:00;22;1257;6;10010
2025-04-12 16:05:31.131000+00:00;81;1257;7;10010
2025-04-12 16:05:39.028000+00:00;6;1257;10;10010
2025-04-12 16:05:39.028000+00:00;7;1257;5;10010
2025-04-12 16:05:39.028000+00:00;16;1257;9;10010
2025-04-12 16:05:39.028000+00:00;18;1257;6;10010
2025-04-12 16:05:39.028000+00:00;22;1257;7;10010
2025-04-12 16:05:39.028000+00:00;44;1257;12;10010
2025-04-12 16:05:39.028000+00:00;55;1257;11;10010
2025-04-12 16:05:39.028000+00:00;81;1257;8;10010
2025-04-12 16:05:42.416000+00:00;4;1257;9;10010
2025-04-12 16:05:42.416000+00:00;5;1257;17;10010
2025-04-12 16:05:42.416000+00:00;6;1257;11;10010
2025-04-12 16:05:42.416000+00:00;16;1257;10;10010
2025-04-12 16:05:42.416000+00:00;23;1257;15;10010
2025-04-12 16:05:42.416000+00:00;30;1257;14;10010
2025-04-12 16:05:42.416000+00:00;44;1257;13;10010
2025-04-12 16:05:42.416000+00:00;55;1257;12;10010
2025-04-12 16:05:42.416000+00:00;87;1257;16;10010
2025-04-12 16:05:46.972000+00:00;4;1257;10;10010
2025-04-12 16:05:46.972000+00:00;6;1257;12;10010
2025-04-12 16:05:46.972000+00:00;16;1257;11;10010
2025-04-12 16:05:46.972000+00:00;18;1257;7;10010
2025-04-12 16:05:46.972000+00:00;22;1257;8;10010
2025-04-12 16:05:46.972000+00:00;23;1257;16;10010
2025-04-12 16:05:46.972000+00:00;30;1257;15;10010
2025-04-12 16:05:46.972000+00:00;44;1257;14;10010
2025-04-12 16:05:46.972000+00:00;55;1257;13;10010
2025-04-12 16:05:46.972000+00:00;81;1257;9;10010
2025-04-12 16:05:46.972000+00:00;87;1257;6;10010
2025-04-12 16:06:04.488000+00:00;4;1257;11;10010
2025-04-12 16:06:04.488000+00:00;6;1257;13;10010
2025-04-12 16:06:04.488000+00:00;16;1257;12;10010
2025-04-12 16:06:04.488000+00:00;18;1257;8;10010
2025-04-12 16:06:04.488000+00:00;22;1257;9;10010
2025-04-12 16:06:04.488000+00:00;30;1257;6;10010
2025-04-12 16:06:04.488000+00:00;44;1257;15;10010
2025-04-12 16:06:04.488000+00:00;55;1257;14;10010
2025-04-12 16:06:04.488000+00:00;81;1257;10;10010
2025-04-12 16:06:04.488000+00:00;87;1257;7;10010
2025-04-12 16:06:07.603000+00:00;5;1257;18;10010
2025-04-12 16:06:07.603000+00:00;6;1257;14;10010
2025-04-12 16:06:07.603000+00:00;12;1257;13;10010
2025-04-12 16:06:07.603000+00:00;23;1257;17;10010
2025-04-12 16:06:07.603000+00:00;44;1257;16;10010
2025-04-12 16:06:07.603000+00:00;55;1257;15;10010
2025-04-12 16:06:07.603000+00:00;63;1257;19;10010
2025-04-12 16:06:15.329000+00:00;1;1257;5;10010
2025-04-12 16:06:15.329000+00:00;4;1257;12;10010
2025-04-12 16:06:15.329000+00:00;6;1257;4;10010
2025-04-12 16:06:15.329000+00:00;7;1257;6;10010
2025-04-12 16:06:15.329000+00:00;12;1257;14;10010
2025-04-12 16:06:15.329000+00:00;16;1257;13;10010
2025-04-12 16:06:15.329000+00:00;18;1257;9;10010
2025-04-12 16:06:15.329000+00:00;22;1257;10;10010
2025-04-12 16:06:15.329000+00:00;30;1257;7;10010
2025-04-12 16:06:15.329000+00:00;81;1257;11;10010
2025-04-12 16:06:15.329000+00:00;87;1257;8;10010
2025-04-12 16:06:16.064000+00:00;5;1257;19;10010
2025-04-12 16:06:16.064000+00:00;12;1257;15;10010
2025-04-12 16:06:16.064000+00:00;23;1257;18;10010
2025-04-12 16:06:16.064000+00:00;44;1257;17;10010
2025-04-12 16:06:16.064000+00:00;55;1257;16;10010
2025-04-12 16:06:16.064000+00:00;63;1257;14;10010
2025-04-12 16:06:22.752000+00:00;4;1257;13;10010
2025-04-12 16:06:22.752000+00:00;7;1257;7;10010
2025-04-12 16:06:22.752000+00:00;12;1257;16;10010
2025-04-12 16:06:22.752000+00:00;16;1257;14;10010
2025-04-12 16:06:22.752000+00:00;18;1257;10;10010
2025-04-12 16:06:22.752000+00:00;22;1257;11;10010
2025-04-12 16:06:22.752000+00:00;30;1257;8;10010
2025-04-12 16:06:22.752000+00:00;55;1257;6;10010
2025-04-12 16:06:22.752000+00:00;63;1257;15;10010
2025-04-12 16:06:22.752000+00:00;81;1257;12;10010
2025-04-12 16:06:22.752000+00:00;87;1257;9;10010
2025-04-12 16:06:30.830000+00:00;4;1257;14;10010
2025-04-12 16:06:30.830000+00:00;12;1257;17;10010
2025-04-12 16:06:30.830000+00:00;16;1257;15;10010
2025-04-12 16:06:30.830000+00:00;18;1257;11;10010
2025-04-12 16:06:30.830000+00:00;22;1257;12;10010
2025-04-12 16:06:30.830000+00:00;23;1257;9;10010
2025-04-12 16:06:30.830000+00:00;44;1257;18;10010
2025-04-12 16:06:30.830000+00:00;63;1257;16;10010
2025-04-12 16:06:30.830000+00:00;81;1257;13;10010
2025-04-12 16:06:30.830000+00:00;87;1257;10;10010
2025-04-12 16:06:49.718000+00:00;1;1257;6;10010
2025-04-12 16:06:49.718000+00:00;6;1257;5;10010
2025-04-12 16:06:49.718000+00:00;7;1257;8;10010
2025-04-12 16:06:49.718000+00:00;10;1257;4;10010
2025-04-12 16:06:49.718000+00:00;14;1257;2;10010
2025-04-12 16:06:49.718000+00:00;18;1257;12;10010
2025-04-12 16:06:49.718000+00:00;22;1257;1;10010
2025-04-12 16:06:49.718000+00:00;23;1257;10;10010
2025-04-12 16:06:49.718000+00:00;27;1257;3;10010
2025-04-12 16:06:49.718000+00:00;30;1257;9;10010
2025-04-12 16:06:49.718000+00:00;55;1257;7;10010
2025-04-12 16:06:49.718000+00:00;87;1257;11;10010
2025-04-12 16:06:53.230000+00:00;4;1257;15;10010
2025-04-12 16:06:53.230000+00:00;7;1257;9;10010
2025-04-12 16:06:53.230000+00:00;12;1257;18;10010
2025-04-12 16:06:53.230000+00:00;16;1257;16;10010
2025-04-12 16:06:53.230000+00:00;18;1257;13;10010
2025-04-12 16:06:53.230000+00:00;23;1257;11;10010
2025-04-12 16:06:53.230000+00:00;30;1257;10;10010
2025-04-12 16:06:53.230000+00:00;44;1257;8;10010
2025-04-12 16:06:53.230000+00:00;63;1257;17;10010
2025-04-12 16:06:53.230000+00:00;81;1257;14;10010
2025-04-12 16:06:53.230000+00:00;87;1257;12;10010
2025-04-12 16:07:03.254000+00:00;10;1257;2;10010
2025-04-12 16:07:03.254000+00:00;14;1257;3;10010
2025-04-12 16:07:03.254000+00:00;27;1257;4;10010
2025-04-12 16:07:10.937000+00:00;1;1257;7;10010
2025-04-12 16:07:10.937000+00:00;6;1257;6;10010
2025-04-12 16:07:10.937000+00:00;7;1257;1;10010
2025-04-12 16:07:10.937000+00:00;10;1257;3;10010
2025-04-12 16:07:10.937000+00:00;14;1257;4;10010
2025-04-12 16:07:10.937000+00:00;22;1257;2;10010
2025-04-12 16:07:10.937000+00:00;27;1257;5;10010
2025-04-12 16:07:10.937000+00:00;44;1257;9;10010
2025-04-12 16:07:10.937000+00:00;55;1257;8;10010
2025-04-12 16:07:19.710000+00:00;1;1257;8;10010
2025-04-12 16:07:19.710000+00:00;6;1257;7;10010
2025-04-12 16:07:19.710000+00:00;23;1257;12;10010
2025-04-12 16:07:19.710000+00:00;27;1257;6;10010
2025-04-12 16:07:19.710000+00:00;30;1257;11;10010
2025-04-12 16:07:19.710000+00:00;44;1257;10;10010
2025-04-12 16:07:19.710000+00:00;55;1257;9;10010
2025-04-12 16:07:19.710000+00:00;87;1257;5;10010
2025-04-12 16:07:20.470000+00:00;1;1257;9;10010
2025-04-12 16:07:20.470000+00:00;4;1257;16;10010
2025-04-12 16:07:20.470000+00:00;6;1257;8;10010
2025-04-12 16:07:20.470000+00:00;16;1257;7;10010
2025-04-12 16:07:20.470000+00:00;18;1257;14;10010
2025-04-12 16:07:20.470000+00:00;23;1257;13;10010
2025-04-12 16:07:20.470000+00:00;30;1257;12;10010
2025-04-12 16:07:20.470000+00:00;44;1257;11;10010
2025-04-12 16:07:20.470000+00:00;55;1257;10;10010
2025-04-12 16:07:20.470000+00:00;81;1257;15;10010
2025-04-12 16:07:27.472000+00:00;4;1257;17;10010
2025-04-12 16:07:27.472000+00:00;5;1257;15;10010
2025-04-12 16:07:27.472000+00:00;12;1257;19;10010
2025-04-12 16:07:27.472000+00:00;63;1257;18;10010
2025-04-12 16:07:27.472000+00:00;81;1257;16;10010
2025-04-12 16:07:36.962000+00:00;1;1257;10;10010
2025-04-12 16:07:36.962000+00:00;6;1257;9;10010
2025-04-12 16:07:36.962000+00:00;16;1257;8;10010
2025-04-12 16:07:36.962000+00:00;27;1257;7;10010
2025-04-12 16:07:36.962000+00:00;30;1257;5;10010
2025-04-12 16:07:36.962000+00:00;44;1257;12;10010
2025-04-12 16:07:36.962000+00:00;55;1257;11;10010
2025-04-12 16:07:36.962000+00:00;87;1257;6;10010
2025-04-12 16:07:37.960000+00:00;1;1257;11;10010
2025-04-12 16:07:37.960000+00:00;5;1257;16;10010
2025-04-12 16:07:37.960000+00:00;6;1257;10;10010
2025-04-12 16:07:37.960000+00:00;16;1257;9;10010
2025-04-12 16:07:37.960000+00:00;18;1257;15;10010
2025-04-12 16:07:37.960000+00:00;23;1257;14;10010
2025-04-12 16:07:37.960000+00:00;44;1257;13;10010
2025-04-12 16:07:37.960000+00:00;55;1257;12;10010
2025-04-12 16:07:37.960000+00:00;81;1257;8;10010
2025-04-12 16:07:48.016000+00:00;6;1257;7;10010
2025-04-12 16:07:48.016000+00:00;16;1257;10;10010
2025-04-12 16:07:48.016000+00:00;27;1257;8;10010
2025-04-12 16:07:48.016000+00:00;81;1257;9;10010
2025-04-12 16:07:49.144000+00:00;1;1257;12;10010
2025-04-12 16:07:49.144000+00:00;4;1257;10;10010
2025-04-12 16:07:49.144000+00:00;5;1257;17;10010
2025-04-12 16:07:49.144000+00:00;16;1257;11;10010
2025-04-12 16:07:49.144000+00:00;18;1257;16;10010
2025-04-12 16:07:49.144000+00:00;23;1257;15;10010
2025-04-12 16:07:49.144000+00:00;44;1257;14;10010
2025-04-12 16:07:49.144000+00:00;55;1257;13;10010
2025-04-12 16:07:54.776000+00:00;1;1257;13;10010
2025-04-12 16:07:54.776000+00:00;4;1257;11;10010
2025-04-12 16:07:54.776000+00:00;6;1257;8;10010
2025-04-12 16:07:54.776000+00:00;10;1257;4;10010
2025-04-12 16:07:54.776000+00:00;14;1257;5;10010
2025-04-12 16:07:54.776000+00:00;16;1257;12;10010
2025-04-12 16:07:54.776000+00:00;27;1257;9;10010
2025-04-12 16:07:54.776000+00:00;30;1257;6;10010
2025-04-12 16:07:54.776000+00:00;55;1257;3;10010
2025-04-12 16:07:54.776000+00:00;81;1257;10;10010
2025-04-12 16:07:54.776000+00:00;87;1257;7;10010
2025-04-12 16:08:03.346000+00:00;1;1257;14;10010
2025-04-12 16:08:03.346000+00:00;4;1257;12;10010
2025-04-12 16:08:03.346000+00:00;6;1257;9;10010
2025-04-12 16:08:03.346000+00:00;16;1257;13;10010
2025-04-12 16:08:03.346000+00:00;23;1257;7;10010
2025-04-12 16:08:03.346000+00:00;27;1257;10;10010
2025-04-12 16:08:03.346000+00:00;44;1257;15;10010
2025-04-12 16:08:03.346000+00:00;81;1257;11;10010
2025-04-12 16:08:03.346000+00:00;87;1257;8;10010
2025-04-12 16:08:05.689000+00:00;1;1257;13;10010
2025-04-12 16:08:05.689000+00:00;4;1257;11;10010
2025-04-12 16:08:05.689000+00:00;5;1257;16;10010
2025-04-12 16:08:05.689000+00:00;6;1257;8;10010
2025-04-12 16:08:05.689000+00:00;10;1257;3;10010
2025-04-12 16:08:05.689000+00:00;14;1257;4;10010
2025-04-12 16:08:05.689000+00:00;16;1257;12;10010
2025-04-12 16:08:05.689000+00:00;18;1257;15;10010
2025-04-12 16:08:05.689000+00:00;22;1257;17;10010
2025-04-12 16:08:05.689000+00:00;23;1257;6;10010
2025-04-12 16:08:05.689000+00:00;27;1257;9;10010
2025-04-12 16:08:05.689000+00:00;30;1257;5;10010
2025-04-12 16:08:05.689000+00:00;44;1257;14;10010
2025-04-12 16:08:05.689000+00:00;55;1257;2;10010
2025-04-12 16:08:05.689000+00:00;81;1257;10;10010
2025-04-12 16:08:05.689000+00:00;87;1257;7;10010
2025-04-12 16:08:18.558000+00:00;1;1257;14;10010
2025-04-12 16:08:18.558000+00:00;5;1257;17;10010
2025-04-12 16:08:18.558000+00:00;12;1257;13;10010
2025-04-12 16:08:18.558000+00:00;18;1257;16;10010
2025-04-12 16:08:18.558000+00:00;22;1257;18;10010
2025-04-12 16:08:18.558000+00:00;44;1257;15;10010
2025-04-12 16:08:18.558000+00:00;63;1257;19;10010
2025-04-12 16:08:25.193000+00:00;1;1257;15;10010
2025-04-12 16:08:25.193000+00:00;4;1257;12;10010
2025-04-12 16:08:25.193000+00:00;6;1257;9;10010
2025-04-12 16:08:25.193000+00:00;10;1257;4;10010
2025-04-12 16:08:25.193000+00:00;12;1257;14;10010
2025-04-12 16:08:25.193000+00:00;14;1257;5;10010
2025-04-12 16:08:25.193000+00:00;16;1257;13;10010
2025-04-12 16:08:25.193000+00:00;23;1257;7;10010
2025-04-12 16:08:25.193000+00:00;27;1257;10;10010
2025-04-12 16:08:25.193000+00:00;30;1257;6;10010
2025-04-12 16:08:25.193000+00:00;44;1257;2;10010
2025-04-12 16:08:25.193000+00:00;55;1257;3;10010
2025-04-12 16:08:25.193000+00:00;81;1257;11;10010
2025-04-12 16:08:25.193000+00:00;87;1257;8;10010
2025-04-12 16:08:26.138000+00:00;1;1257;16;10010
2025-04-12 16:08:26.138000+00:00;5;1257;18;10010
2025-04-12 16:08:26.138000+00:00;12;1257;15;10010
2025-04-12 16:08:26.138000+00:00;18;1257;17;10010
2025-04-12 16:08:26.138000+00:00;22;1257;19;10010
2025-04-12 16:08:26.138000+00:00;63;1257;14;10010
2025-04-12 16:08:51.986000+00:00;4;1257;13;10010
2025-04-12 16:08:51.986000+00:00;6;1257;10;10010
2025-04-12 16:08:51.986000+00:00;7;1257;2;10010
2025-04-12 16:08:51.986000+00:00;10;1257;5;10010
2025-04-12 16:08:51.986000+00:00;14;1257;6;10010
2025-04-12 16:08:51.986000+00:00;16;1257;1;10010
2025-04-12 16:08:51.986000+00:00;23;1257;8;10010
2025-04-12 16:08:51.986000+00:00;27;1257;11;10010
2025-04-12 16:08:51.986000+00:00;30;1257;7;10010
2025-04-12 16:08:51.986000+00:00;44;1257;3;10010
2025-04-12 16:08:51.986000+00:00;55;1257;4;10010
2025-04-12 16:08:51.986000+00:00;81;1257;12;10010
2025-04-12 16:08:51.986000+00:00;87;1257;9;10010
2025-04-12 16:09:00.265000+00:00;1;1257;17;10010
2025-04-12 16:09:00.265000+00:00;4;1257;14;10010
2025-04-12 16:09:00.265000+00:00;5;1257;11;10010
2025-04-12 16:09:00.265000+00:00;12;1257;16;10010
2025-04-12 16:09:00.265000+00:00;18;1257;18;10010
2025-04-12 16:09:00.265000+00:00;27;1257;12;10010
2025-04-12 16:09:00.265000+00:00;63;1257;15;10010
2025-04-12 16:09:00.265000+00:00;81;1257;13;10010
2025-04-12 16:09:09.495000+00:00;5;1257;12;10010
2025-04-12 16:09:09.495000+00:00;6;1257;11;10010
2025-04-12 16:09:09.495000+00:00;7;1257;3;10010
2025-04-12 16:09:09.495000+00:00;10;1257;6;10010
2025-04-12 16:09:09.495000+00:00;14;1257;7;10010
2025-04-12 16:09:09.495000+00:00;16;1257;2;10010
2025-04-12 16:09:09.495000+00:00;23;1257;9;10010
2025-04-12 16:09:09.495000+00:00;27;1257;13;10010
2025-04-12 16:09:09.495000+00:00;30;1257;8;10010
2025-04-12 16:09:09.495000+00:00;44;1257;4;10010
2025-04-12 16:09:09.495000+00:00;55;1257;5;10010
2025-04-12 16:09:09.495000+00:00;81;1257;1;10010
2025-04-12 16:09:09.495000+00:00;87;1257;10;10010
2025-04-12 16:09:20.298000+00:00;4;1257;1;10010
2025-04-12 16:09:20.298000+00:00;5;1257;13;10010
2025-04-12 16:09:20.298000+00:00;6;1257;12;10010
2025-04-12 16:09:20.298000+00:00;7;1257;4;10010
2025-04-12 16:09:20.298000+00:00;10;1257;7;10010
2025-04-12 16:09:20.298000+00:00;14;1257;8;10010
2025-04-12 16:09:20.298000+00:00;16;1257;3;10010
2025-04-12 16:09:20.298000+00:00;23;1257;10;10010
2025-04-12 16:09:20.298000+00:00;27;1257;14;10010
2025-04-12 16:09:20.298000+00:00;30;1257;9;10010
2025-04-12 16:09:20.298000+00:00;44;1257;5;10010
2025-04-12 16:09:20.298000+00:00;55;1257;6;10010
2025-04-12 16:09:20.298000+00:00;81;1257;2;10010
2025-04-12 16:09:20.298000+00:00;87;1257;11;10010
2025-04-12 16:09:40.169000+00:00;18;1257;19;10010
2025-04-12 16:09:40.169000+00:00;22;1257;20;10010
2025-04-12 16:09:40.169000+00:00;31;1257;18;10010
2025-04-12 16:09:43.476000+00:00;1;1257;18;10010
2025-04-12 16:09:43.476000+00:00;5;1257;14;10010
2025-04-12 16:09:43.476000+00:00;6;1257;13;10010
2025-04-12 16:09:43.476000+00:00;12;1257;17;10010
2025-04-12 16:09:43.476000+00:00;18;1257;12;10010
2025-04-12 16:09:43.476000+00:00;27;1257;15;10010
2025-04-12 16:09:43.476000+00:00;31;1257;19;10010
2025-04-12 16:09:43.476000+00:00;63;1257;16;10010
2025-04-12 16:09:50.411000+00:00;5;1257;15;10010
2025-04-12 16:09:50.411000+00:00;6;1257;14;10010
2025-04-12 16:09:50.411000+00:00;7;1257;5;10010
2025-04-12 16:09:50.411000+00:00;10;1257;8;10010
2025-04-12 16:09:50.411000+00:00;12;1257;4;10010
2025-04-12 16:09:50.411000+00:00;14;1257;9;10010
2025-04-12 16:09:50.411000+00:00;18;1257;13;10010
2025-04-12 16:09:50.411000+00:00;23;1257;11;10010
2025-04-12 16:09:50.411000+00:00;27;1257;16;10010
2025-04-12 16:09:50.411000+00:00;30;1257;10;10010
2025-04-12 16:09:50.411000+00:00;44;1257;6;10010
2025-04-12 16:09:50.411000+00:00;55;1257;7;10010
2025-04-12 16:09:50.411000+00:00;63;1257;17;10010
2025-04-12 16:09:50.411000+00:00;87;1257;12;10010
2025-04-12 16:09:58.070000+00:00;5;1257;16;10010
2025-04-12 16:09:58.070000+00:00;6;1257;15;10010
2025-04-12 16:09:58.070000+00:00;10;1257;9;10010
2025-04-12 16:09:58.070000+00:00;14;1257;10;10010
2025-04-12 16:09:58.070000+00:00;18;1257;14;10010
2025-04-12 16:09:58.070000+00:00;23;1257;12;10010
2025-04-12 16:09:58.070000+00:00;27;1257;17;10010
2025-04-12 16:09:58.070000+00:00;30;1257;11;10010
2025-04-12 16:09:58.070000+00:00;44;1257;7;10010
2025-04-12 16:09:58.070000+00:00;55;1257;8;10010
2025-04-12 16:09:58.070000+00:00;63;1257;6;10010
2025-04-12 16:09:58.070000+00:00;87;1257;13;10010
2025-04-12 16:10:04.512000+00:00;7;1257;6;10010
2025-04-12 16:10:04.512000+00:00;10;1257;10;10010
2025-04-12 16:10:04.512000+00:00;14;1257;5;10010
2025-04-12 16:10:04.512000+00:00;44;1257;8;10010
2025-04-12 16:10:04.512000+00:00;55;1257;9;10010
2025-04-12 16:10:04.512000+00:00;63;1257;7;10010
2025-04-12 16:11:12.196000+00:00;1;1257;19;10010
2025-04-12 16:11:12.196000+00:00;5;1257;17;10010
2025-04-12 16:11:12.196000+00:00;6;1257;16;10010
2025-04-12 16:11:12.196000+00:00;10;1257;11;10010
2025-04-12 16:11:12.196000+00:00;18;1257;15;10010
2025-04-12 16:11:12.196000+00:00;23;1257;13;10010
2025-04-12 16:11:12.196000+00:00;27;1257;18;10010
2025-04-12 16:11:12.196000+00:00;30;1257;12;10010
2025-04-12 16:11:12.196000+00:00;31;1257;9;10010
2025-04-12 16:11:12.196000+00:00;55;1257;10;10010
2025-04-12 16:11:12.196000+00:00;87;1257;14;10010
2025-04-12 16:11:18.975000+00:00;5;1257;18;10010
2025-04-12 16:11:18.975000+00:00;6;1257;17;10010
2025-04-12 16:11:18.975000+00:00;10;1257;12;10010
2025-04-12 16:11:18.975000+00:00;18;1257;16;10010
2025-04-12 16:11:18.975000+00:00;23;1257;14;10010
2025-04-12 16:11:18.975000+00:00;27;1257;10;10010
2025-04-12 16:11:18.975000+00:00;30;1257;13;10010
2025-04-12 16:11:18.975000+00:00;55;1257;11;10010
2025-04-12 16:11:18.975000+00:00;87;1257;15;10010
2025-04-12 16:16:37.560000+00:00;12;1257;3;10010
2025-04-12 16:16:37.560000+00:00;16;1257;4;10010
2025-04-12 16:16:44.596000+00:00;23;1257;15;10010
2025-04-12 16:16:44.596000+00:00;30;1257;14;10010
2025-04-12 16:16:44.596000+00:00;87;1257;13;10010
2025-04-12 16:16:55.360000+00:00;5;1257;12;10010
2025-04-12 16:16:55.360000+00:00;6;1257;18;10010
2025-04-12 16:16:55.360000+00:00;10;1257;13;10010
2025-04-12 16:16:55.360000+00:00;18;1257;17;10010
2025-04-12 16:16:55.360000+00:00;23;1257;16;10010
2025-04-12 16:16:55.360000+00:00;30;1257;15;10010
2025-04-12 16:16:55.360000+00:00;87;1257;14;10010
2025-04-12 16:17:03.763000+00:00;18;1257;14;10010
2025-04-12 16:17:03.763000+00:00;23;1257;17;10010
2025-04-12 16:17:03.763000+00:00;30;1257;16;10010
2025-04-12 16:17:03.763000+00:00;87;1257;15;10010
2025-04-12 16:17:10.631000+00:00;5;1257;13;10010
2025-04-12 16:17:10.631000+00:00;6;1257;5;10010
2025-04-12 16:17:10.631000+00:00;7;1257;7;10010
2025-04-12 16:17:10.631000+00:00;10;1257;14;10010
2025-04-12 16:17:10.631000+00:00;14;1257;6;10010
2025-04-12 16:17:10.631000+00:00;18;1257;15;10010
2025-04-12 16:17:10.631000+00:00;23;1257;18;10010
2025-04-12 16:17:10.631000+00:00;27;1257;11;10010
2025-04-12 16:17:10.631000+00:00;30;1257;17;10010
2025-04-12 16:17:10.631000+00:00;31;1257;10;10010
2025-04-12 16:17:10.631000+00:00;44;1257;9;10010
2025-04-12 16:17:10.631000+00:00;55;1257;12;10010
2025-04-12 16:17:10.631000+00:00;63;1257;8;10010
2025-04-12 16:17:10.631000+00:00;87;1257;16;10010
2025-04-12 16:17:20.850000+00:00;7;1257;8;10010
2025-04-12 16:17:20.850000+00:00;14;1257;7;10010
2025-04-12 16:17:20.850000+00:00;27;1257;12;10010
2025-04-12 16:17:20.850000+00:00;31;1257;11;10010
2025-04-12 16:17:20.850000+00:00;44;1257;10;10010
2025-04-12 16:17:20.850000+00:00;55;1257;6;10010
2025-04-12 16:17:20.850000+00:00;63;1257;9;10010
2025-04-12 16:17:36.345000+00:00;5;1257;14;10010
2025-04-12 16:17:36.345000+00:00;6;1257;6;10010
2025-04-12 16:17:36.345000+00:00;7;1257;9;10010
2025-04-12 16:17:36.345000+00:00;10;1257;5;10010
2025-04-12 16:17:36.345000+00:00;14;1257;8;10010
2025-04-12 16:17:36.345000+00:00;27;1257;13;10010
2025-04-12 16:17:36.345000+00:00;31;1257;12;10010
2025-04-12 16:17:36.345000+00:00;44;1257;11;10010
2025-04-12 16:17:36.345000+00:00;55;1257;7;10010
2025-04-12 16:17:36.345000+00:00;63;1257;10;10010
2025-04-12 16:17:47.434000+00:00;6;1257;7;10010
2025-04-12 16:17:47.434000+00:00;7;1257;3;10010
2025-04-12 16:17:47.434000+00:00;10;1257;6;10010
2025-04-12 16:17:47.434000+00:00;12;1257;4;10010
2025-04-12 16:17:47.434000+00:00;14;1257;9;10010
2025-04-12 16:17:47.434000+00:00;16;1257;5;10010
2025-04-12 16:17:47.434000+00:00;55;1257;8;10010
2025-04-12 16:18:01.393000+00:00;5;1257;15;10010
2025-04-12 16:18:01.393000+00:00;18;1257;16;10010
2025-04-12 16:18:01.393000+00:00;30;1257;14;10010
2025-04-12 16:18:01.393000+00:00;87;1257;17;10010
2025-04-12 16:18:16.474000+00:00;6;1257;8;10010
2025-04-12 16:18:16.474000+00:00;7;1257;4;10010
2025-04-12 16:18:16.474000+00:00;10;1257;7;10010
2025-04-12 16:18:16.474000+00:00;12;1257;5;10010
2025-04-12 16:18:16.474000+00:00;14;1257;10;10010
2025-04-12 16:18:16.474000+00:00;16;1257;6;10010
2025-04-12 16:18:16.474000+00:00;44;1257;2;10010
2025-04-12 16:18:16.474000+00:00;55;1257;9;10010
2025-04-12 16:18:16.474000+00:00;63;1257;11;10010
2025-04-12 16:18:16.474000+00:00;81;1257;3;10010
2025-04-12 16:18:44.074000+00:00;1;1257;3;10010
2025-04-12 16:18:44.074000+00:00;5;1257;16;10010
2025-04-12 16:18:44.074000+00:00;6;1257;9;10010
2025-04-12 16:18:44.074000+00:00;7;1257;5;10010
2025-04-12 16:18:44.074000+00:00;10;1257;8;10010
2025-04-12 16:18:44.074000+00:00;12;1257;6;10010
2025-04-12 16:18:44.074000+00:00;14;1257;11;10010
2025-04-12 16:18:44.074000+00:00;16;1257;7;10010
2025-04-12 16:18:44.074000+00:00;18;1257;17;10010
2025-04-12 16:18:44.074000+00:00;23;1257;19;10010
2025-04-12 16:18:44.074000+00:00;27;1257;14;10010
2025-04-12 16:18:44.074000+00:00;30;1257;15;10010
2025-04-12 16:18:44.074000+00:00;31;1257;13;10010
2025-04-12 16:18:44.074000+00:00;55;1257;10;10010
2025-04-12 16:18:44.074000+00:00;63;1257;12;10010
2025-04-12 16:18:44.074000+00:00;81;1257;4;10010
2025-04-12 16:18:44.074000+00:00;87;1257;18;10010
2025-04-12 16:18:57.172000+00:00;5;1257;17;10010
2025-04-12 16:18:57.172000+00:00;14;1257;12;10010
2025-04-12 16:18:57.172000+00:00;18;1257;18;10010
2025-04-12 16:18:57.172000+00:00;22;1257;11;10010
2025-04-12 16:18:57.172000+00:00;23;1257;20;10010
2025-04-12 16:18:57.172000+00:00;27;1257;15;10010
2025-04-12 16:18:57.172000+00:00;30;1257;16;10010
2025-04-12 16:18:57.172000+00:00;31;1257;14;10010
2025-04-12 16:18:57.172000+00:00;63;1257;13;10010
2025-04-12 16:18:57.172000+00:00;87;1257;19;10010
2025-04-12 16:19:03.199000+00:00;6;1257;10;10010
2025-04-12 16:19:03.199000+00:00;14;1257;13;10010
2025-04-12 16:19:03.199000+00:00;22;1257;12;10010
2025-04-12 16:19:03.199000+00:00;55;1257;11;10010
2025-04-12 16:19:03.199000+00:00;63;1257;9;10010
2025-04-12 16:19:10.064000+00:00;5;1257;18;10010
2025-04-12 16:19:10.064000+00:00;18;1257;19;10010
2025-04-12 16:19:10.064000+00:00;23;1257;14;10010
2025-04-12 16:19:10.064000+00:00;27;1257;16;10010
2025-04-12 16:19:10.064000+00:00;30;1257;17;10010
2025-04-12 16:19:10.064000+00:00;31;1257;15;10010
2025-04-12 16:19:10.064000+00:00;87;1257;20;10010
2025-04-12 16:19:13.976000+00:00;14;1257;12;10010
2025-04-12 16:19:13.976000+00:00;22;1257;13;10010
2025-04-12 16:19:17.734000+00:00;14;1257;13;10010
2025-04-12 16:19:17.734000+00:00;22;1257;14;10010
2025-04-12 16:19:17.734000+00:00;23;1257;15;10010
2025-04-12 16:19:17.734000+00:00;31;1257;12;10010
2025-04-12 16:19:22.511000+00:00;23;1257;16;10010
2025-04-12 16:19:22.511000+00:00;27;1257;15;10010
2025-04-12 16:26:08.742000+00:00;1;1257;4;10010
2025-04-12 16:26:08.742000+00:00;4;1257;2;10010
2025-04-12 16:26:08.742000+00:00;6;1257;11;10010
2025-04-12 16:26:08.742000+00:00;7;1257;6;10010
2025-04-12 16:26:08.742000+00:00;10;1257;9;10010
2025-04-12 16:26:08.742000+00:00;12;1257;7;10010
2025-04-12 16:26:08.742000+00:00;14;1257;14;10010
2025-04-12 16:26:08.742000+00:00;16;1257;8;10010
2025-04-12 16:26:08.742000+00:00;22;1257;1;10010
2025-04-12 16:26:08.742000+00:00;31;1257;13;10010
2025-04-12 16:26:08.742000+00:00;44;1257;3;10010
2025-04-12 16:26:08.742000+00:00;55;1257;12;10010
2025-04-12 16:26:08.742000+00:00;63;1257;10;10010
2025-04-12 16:26:08.742000+00:00;81;1257;5;10010
2025-04-12 16:26:10.027000+00:00;1;1257;5;10010
2025-04-12 16:26:10.027000+00:00;4;1257;3;10010
2025-04-12 16:26:10.027000+00:00;6;1257;12;10010
2025-04-12 16:26:10.027000+00:00;7;1257;7;10010
2025-04-12 16:26:10.027000+00:00;10;1257;10;10010
2025-04-12 16:26:10.027000+00:00;12;1257;8;10010
2025-04-12 16:26:10.027000+00:00;14;1257;15;10010
2025-04-12 16:26:10.027000+00:00;16;1257;9;10010
2025-04-12 16:26:10.027000+00:00;27;1257;2;10010
2025-04-12 16:26:10.027000+00:00;31;1257;14;10010
2025-04-12 16:26:10.027000+00:00;44;1257;4;10010
2025-04-12 16:26:10.027000+00:00;55;1257;13;10010
2025-04-12 16:26:10.027000+00:00;63;1257;11;10010
2025-04-12 16:26:10.027000+00:00;81;1257;6;10010
2025-04-12 16:26:12.903000+00:00;1;1257;6;10010
2025-04-12 16:26:12.903000+00:00;4;1257;4;10010
2025-04-12 16:26:12.903000+00:00;6;1257;13;10010
2025-04-12 16:26:12.903000+00:00;7;1257;8;10010
2025-04-12 16:26:12.903000+00:00;10;1257;11;10010
2025-04-12 16:26:12.903000+00:00;12;1257;9;10010
2025-04-12 16:26:12.903000+00:00;16;1257;10;10010
2025-04-12 16:26:12.903000+00:00;22;1257;2;10010
2025-04-12 16:26:12.903000+00:00;27;1257;3;10010
2025-04-12 16:26:12.903000+00:00;31;1257;1;10010
2025-04-12 16:26:12.903000+00:00;44;1257;5;10010
2025-04-12 16:26:12.903000+00:00;55;1257;14;10010
2025-04-12 16:26:12.903000+00:00;63;1257;12;10010
2025-04-12 16:26:12.903000+00:00;81;1257;7;10010
2025-04-12 16:26:14.519000+00:00;1;1257;7;10010
2025-04-12 16:26:14.519000+00:00;4;1257;5;10010
2025-04-12 16:26:14.519000+00:00;7;1257;9;10010
2025-04-12 16:26:14.519000+00:00;12;1257;1;10010
2025-04-12 16:26:14.519000+00:00;22;1257;3;10010
2025-04-12 16:26:14.519000+00:00;27;1257;4;10010
2025-04-12 16:26:14.519000+00:00;31;1257;2;10010
2025-04-12 16:26:14.519000+00:00;44;1257;6;10010
2025-04-12 16:26:14.519000+00:00;81;1257;8;10010
2025-04-12 16:26:20.868000+00:00;1;1257;8;10010
2025-04-12 16:26:20.868000+00:00;4;1257;6;10010
2025-04-12 16:26:20.868000+00:00;7;1257;10;10010
2025-04-12 16:26:20.868000+00:00;10;1257;12;10010
2025-04-12 16:26:20.868000+00:00;16;1257;11;10010
2025-04-12 16:26:20.868000+00:00;22;1257;4;10010
2025-04-12 16:26:20.868000+00:00;27;1257;5;10010
2025-04-12 16:26:20.868000+00:00;31;1257;3;10010
2025-04-12 16:26:20.868000+00:00;44;1257;7;10010
2025-04-12 16:26:20.868000+00:00;63;1257;2;10010
2025-04-12 16:26:20.868000+00:00;81;1257;9;10010
2025-04-12 16:26:45.523000+00:00;4;1257;7;10010
2025-04-12 16:26:45.523000+00:00;12;1257;2;10010
2025-04-12 16:26:45.523000+00:00;22;1257;5;10010
2025-04-12 16:26:45.523000+00:00;27;1257;6;10010
2025-04-12 16:26:45.523000+00:00;31;1257;4;10010
2025-04-12 16:26:45.523000+00:00;44;1257;1;10010
2025-04-12 16:26:45.523000+00:00;63;1257;3;10010
2025-04-12 16:27:01.400000+00:00;1;1257;9;10010
2025-04-12 16:27:01.400000+00:00;4;1257;8;10010
2025-04-12 16:27:01.400000+00:00;6;1257;14;10010
2025-04-12 16:27:01.400000+00:00;7;1257;11;10010
2025-04-12 16:27:01.400000+00:00;10;1257;13;10010
2025-04-12 16:27:01.400000+00:00;16;1257;12;10010
2025-04-12 16:27:01.400000+00:00;22;1257;6;10010
2025-04-12 16:27:01.400000+00:00;27;1257;7;10010
2025-04-12 16:27:01.400000+00:00;31;1257;5;10010
2025-04-12 16:27:01.400000+00:00;55;1257;4;10010
2025-04-12 16:27:01.400000+00:00;81;1257;10;10010
2025-04-12 16:27:05.659000+00:00;1;1257;10;10010
2025-04-12 16:27:05.659000+00:00;4;1257;9;10010
2025-04-12 16:27:05.659000+00:00;7;1257;12;10010
2025-04-12 16:27:05.659000+00:00;10;1257;3;10010
2025-04-12 16:27:05.659000+00:00;16;1257;13;10010
2025-04-12 16:27:05.659000+00:00;22;1257;7;10010
2025-04-12 16:27:05.659000+00:00;27;1257;8;10010
2025-04-12 16:27:05.659000+00:00;31;1257;6;10010
2025-04-12 16:27:05.659000+00:00;55;1257;5;10010
2025-04-12 16:27:05.659000+00:00;63;1257;4;10010
2025-04-12 16:27:05.659000+00:00;81;1257;11;10010
2025-04-12 16:27:11.147000+00:00;1;1257;11;10010
2025-04-12 16:27:11.147000+00:00;4;1257;10;10010
2025-04-12 16:27:11.147000+00:00;7;1257;2;10010
2025-04-12 16:27:11.147000+00:00;10;1257;4;10010
2025-04-12 16:27:11.147000+00:00;12;1257;3;10010
2025-04-12 16:27:11.147000+00:00;22;1257;8;10010
2025-04-12 16:27:11.147000+00:00;27;1257;9;10010
2025-04-12 16:27:11.147000+00:00;31;1257;7;10010
2025-04-12 16:27:11.147000+00:00;55;1257;6;10010
2025-04-12 16:27:11.147000+00:00;63;1257;5;10010
2025-04-12 16:27:11.147000+00:00;81;1257;12;10010
2025-04-12 16:27:42.196000+00:00;1;1257;12;10010
2025-04-12 16:27:42.196000+00:00;4;1257;11;10010
2025-04-12 16:27:42.196000+00:00;6;1257;6;10010
2025-04-12 16:27:42.196000+00:00;16;1257;14;10010
2025-04-12 16:27:42.196000+00:00;22;1257;9;10010
2025-04-12 16:27:42.196000+00:00;27;1257;10;10010
2025-04-12 16:27:42.196000+00:00;31;1257;8;10010
2025-04-12 16:27:42.196000+00:00;55;1257;7;10010
2025-04-12 16:27:42.196000+00:00;81;1257;13;10010
2025-04-12 16:27:52.671000+00:00;1;1257;13;10010
2025-04-12 16:27:52.671000+00:00;4;1257;12;10010
2025-04-12 16:27:52.671000+00:00;6;1257;7;10010
2025-04-12 16:27:52.671000+00:00;10;1257;5;10010
2025-04-12 16:27:52.671000+00:00;16;1257;4;10010
2025-04-12 16:27:52.671000+00:00;22;1257;10;10010
2025-04-12 16:27:52.671000+00:00;27;1257;11;10010
2025-04-12 16:27:52.671000+00:00;31;1257;9;10010
2025-04-12 16:27:52.671000+00:00;55;1257;8;10010
2025-04-12 16:27:52.671000+00:00;63;1257;6;10010
2025-04-12 16:27:52.671000+00:00;81;1257;14;10010
2025-04-12 16:28:00.432000+00:00;6;1257;8;10010
2025-04-12 16:28:00.432000+00:00;7;1257;3;10010
2025-04-12 16:28:00.432000+00:00;10;1257;6;10010
2025-04-12 16:28:00.432000+00:00;12;1257;4;10010
2025-04-12 16:28:00.432000+00:00;16;1257;5;10010
2025-04-12 16:28:00.432000+00:00;22;1257;1;10010
2025-04-12 16:28:00.432000+00:00;31;1257;10;10010
2025-04-12 16:28:00.432000+00:00;44;1257;2;10010
2025-04-12 16:28:00.432000+00:00;55;1257;9;10010
2025-04-12 16:28:00.432000+00:00;63;1257;7;10010
2025-04-12 16:28:02.811000+00:00;1;1257;3;10010
2025-04-12 16:28:02.811000+00:00;4;1257;13;10010
2025-04-12 16:28:02.811000+00:00;6;1257;9;10010
2025-04-12 16:28:02.811000+00:00;7;1257;4;10010
2025-04-12 16:28:02.811000+00:00;10;1257;7;10010
2025-04-12 16:28:02.811000+00:00;12;1257;5;10010
2025-04-12 16:28:02.811000+00:00;16;1257;6;10010
2025-04-12 16:28:02.811000+00:00;27;1257;12;10010
2025-04-12 16:28:02.811000+00:00;31;1257;11;10010
2025-04-12 16:28:02.811000+00:00;55;1257;10;10010
2025-04-12 16:28:02.811000+00:00;63;1257;8;10010
2025-04-12 16:28:16.730000+00:00;1;1257;4;10010
2025-04-12 16:28:16.730000+00:00;4;1257;2;10010
2025-04-12 16:28:16.730000+00:00;6;1257;10;10010
2025-04-12 16:28:16.730000+00:00;7;1257;5;10010
2025-04-12 16:28:16.730000+00:00;10;1257;8;10010
2025-04-12 16:28:16.730000+00:00;12;1257;6;10010
2025-04-12 16:28:16.730000+00:00;16;1257;7;10010
2025-04-12 16:28:16.730000+00:00;27;1257;13;10010
2025-04-12 16:28:16.730000+00:00;31;1257;12;10010
2025-04-12 16:28:16.730000+00:00;44;1257;3;10010
2025-04-12 16:28:16.730000+00:00;55;1257;11;10010
2025-04-12 16:28:16.730000+00:00;63;1257;9;10010
2025-04-12 16:28:19.979000+00:00;1;1257;5;10010
2025-04-12 16:28:19.979000+00:00;4;1257;3;10010
2025-04-12 16:28:19.979000+00:00;6;1257;11;10010
2025-04-12 16:28:19.979000+00:00;7;1257;6;10010
2025-04-12 16:28:19.979000+00:00;10;1257;9;10010
2025-04-12 16:28:19.979000+00:00;12;1257;7;10010
2025-04-12 16:28:19.979000+00:00;16;1257;8;10010
2025-04-12 16:28:19.979000+00:00;27;1257;2;10010
2025-04-12 16:28:19.979000+00:00;31;1257;13;10010
2025-04-12 16:28:19.979000+00:00;44;1257;4;10010
2025-04-12 16:28:19.979000+00:00;55;1257;12;10010
2025-04-12 16:28:19.979000+00:00;63;1257;10;10010
2025-04-12 16:28:26.210000+00:00;1;1257;6;10010
2025-04-12 16:28:26.210000+00:00;4;1257;4;10010
2025-04-12 16:28:26.210000+00:00;6;1257;12;10010
2025-04-12 16:28:26.210000+00:00;7;1257;7;10010
2025-04-12 16:28:26.210000+00:00;10;1257;10;10010
2025-04-12 16:28:26.210000+00:00;12;1257;8;10010
2025-04-12 16:28:26.210000+00:00;16;1257;9;10010
2025-04-12 16:28:26.210000+00:00;22;1257;2;10010
2025-04-12 16:28:26.210000+00:00;27;1257;3;10010
2025-04-12 16:28:26.210000+00:00;31;1257;1;10010
2025-04-12 16:28:26.210000+00:00;44;1257;5;10010
2025-04-12 16:28:26.210000+00:00;55;1257;13;10010
2025-04-12 16:28:26.210000+00:00;63;1257;11;10010
2025-04-12 16:28:28.228000+00:00;14;1257;14;10010
2025-04-12 16:28:28.228000+00:00;81;1257;15;10010
2025-04-12 16:28:33.465000+00:00;6;1257;13;10010
2025-04-12 16:28:33.465000+00:00;7;1257;8;10010
2025-04-12 16:28:33.465000+00:00;10;1257;11;10010
2025-04-12 16:28:33.465000+00:00;12;1257;9;10010
2025-04-12 16:28:33.465000+00:00;14;1257;15;10010
2025-04-12 16:28:33.465000+00:00;16;1257;10;10010
2025-04-12 16:28:33.465000+00:00;55;1257;14;10010
2025-04-12 16:28:33.465000+00:00;63;1257;12;10010
2025-04-12 16:28:33.465000+00:00;81;1257;7;10010
2025-04-12 16:28:40.215000+00:00;1;1257;7;10010
2025-04-12 16:28:40.215000+00:00;4;1257;5;10010
2025-04-12 16:28:40.215000+00:00;7;1257;9;10010
2025-04-12 16:28:40.215000+00:00;12;1257;1;10010
2025-04-12 16:28:40.215000+00:00;22;1257;3;10010
2025-04-12 16:28:40.215000+00:00;27;1257;4;10010
2025-04-12 16:28:40.215000+00:00;31;1257;2;10010
2025-04-12 16:28:40.215000+00:00;44;1257;6;10010
2025-04-12 16:28:40.215000+00:00;81;1257;8;10010
2025-04-12 16:28:52.397000+00:00;1;1257;8;10010
2025-04-12 16:28:52.397000+00:00;4;1257;6;10010
2025-04-12 16:28:52.397000+00:00;7;1257;10;10010
2025-04-12 16:28:52.397000+00:00;10;1257;12;10010
2025-04-12 16:28:52.397000+00:00;16;1257;11;10010
2025-04-12 16:28:52.397000+00:00;22;1257;4;10010
2025-04-12 16:28:52.397000+00:00;27;1257;5;10010
2025-04-12 16:28:52.397000+00:00;31;1257;3;10010
2025-04-12 16:28:52.397000+00:00;44;1257;7;10010
2025-04-12 16:28:52.397000+00:00;63;1257;2;10010
2025-04-12 16:28:52.397000+00:00;81;1257;9;10010
2025-04-12 16:39:37.548000+00:00;1;1257;9;10010
2025-04-12 16:39:37.548000+00:00;4;1257;7;10010
2025-04-12 16:39:37.548000+00:00;6;1257;14;10010
2025-04-12 16:39:37.548000+00:00;7;1257;11;10010
2025-04-12 16:39:37.548000+00:00;10;1257;13;10010
2025-04-12 16:39:37.548000+00:00;16;1257;12;10010
2025-04-12 16:39:37.548000+00:00;22;1257;5;10010
2025-04-12 16:39:37.548000+00:00;27;1257;6;10010
2025-04-12 16:39:37.548000+00:00;31;1257;4;10010
2025-04-12 16:39:37.548000+00:00;44;1257;8;10010
2025-04-12 16:39:37.548000+00:00;55;1257;3;10010
2025-04-12 16:39:37.548000+00:00;81;1257;10;10010
2025-04-12 16:39:44.198000+00:00;1;1257;10;10010
2025-04-12 16:39:44.198000+00:00;4;1257;8;10010
2025-04-12 16:39:44.198000+00:00;6;1257;3;10010
2025-04-12 16:39:44.198000+00:00;7;1257;12;10010
2025-04-12 16:39:44.198000+00:00;10;1257;14;10010
2025-04-12 16:39:44.198000+00:00;16;1257;13;10010
2025-04-12 16:39:44.198000+00:00;22;1257;6;10010
2025-04-12 16:39:44.198000+00:00;27;1257;7;10010
2025-04-12 16:39:44.198000+00:00;31;1257;5;10010
2025-04-12 16:39:44.198000+00:00;44;1257;9;10010
2025-04-12 16:39:44.198000+00:00;55;1257;4;10010
2025-04-12 16:39:44.198000+00:00;81;1257;11;10010
2025-04-12 16:39:52.353000+00:00;1;1257;11;10010
2025-04-12 16:39:52.353000+00:00;4;1257;9;10010
2025-04-12 16:39:52.353000+00:00;6;1257;4;10010
2025-04-12 16:39:52.353000+00:00;7;1257;13;10010
2025-04-12 16:39:52.353000+00:00;10;1257;2;10010
2025-04-12 16:39:52.353000+00:00;16;1257;14;10010
2025-04-12 16:39:52.353000+00:00;22;1257;7;10010
2025-04-12 16:39:52.353000+00:00;27;1257;8;10010
2025-04-12 16:39:52.353000+00:00;31;1257;6;10010
2025-04-12 16:39:52.353000+00:00;44;1257;10;10010
2025-04-12 16:39:52.353000+00:00;55;1257;5;10010
2025-04-12 16:39:52.353000+00:00;63;1257;3;10010
2025-04-12 16:39:52.353000+00:00;81;1257;12;10010
2025-04-12 16:40:04.188000+00:00;4;1257;1;10010
2025-04-12 16:40:04.188000+00:00;6;1257;5;10010
2025-04-12 16:40:04.188000+00:00;10;1257;3;10010
2025-04-12 16:40:04.188000+00:00;12;1257;2;10010
2025-04-12 16:40:04.188000+00:00;22;1257;8;10010
2025-04-12 16:40:04.188000+00:00;27;1257;9;10010
2025-04-12 16:40:04.188000+00:00;31;1257;7;10010
2025-04-12 16:40:04.188000+00:00;55;1257;6;10010
2025-04-12 16:40:04.188000+00:00;63;1257;4;10010
2025-04-12 16:40:11.221000+00:00;1;1257;2;10010
2025-04-12 16:40:11.221000+00:00;6;1257;6;10010
2025-04-12 16:40:11.221000+00:00;10;1257;4;10010
2025-04-12 16:40:11.221000+00:00;12;1257;3;10010
2025-04-12 16:40:11.221000+00:00;22;1257;9;10010
2025-04-12 16:40:11.221000+00:00;27;1257;10;10010
2025-04-12 16:40:11.221000+00:00;31;1257;8;10010
2025-04-12 16:40:11.221000+00:00;44;1257;11;10010
2025-04-12 16:40:11.221000+00:00;55;1257;7;10010
2025-04-12 16:40:11.221000+00:00;63;1257;5;10010
2025-04-12 16:40:20.258000+00:00;6;1257;7;10010
2025-04-12 16:40:20.258000+00:00;10;1257;5;10010
2025-04-12 16:40:20.258000+00:00;12;1257;4;10010
2025-04-12 16:40:20.258000+00:00;22;1257;10;10010
2025-04-12 16:40:20.258000+00:00;27;1257;11;10010
2025-04-12 16:40:20.258000+00:00;31;1257;9;10010
2025-04-12 16:40:20.258000+00:00;44;1257;12;10010
2025-04-12 16:40:20.258000+00:00;55;1257;8;10010
2025-04-12 16:40:20.258000+00:00;63;1257;6;10010
2025-04-12 16:40:20.258000+00:00;81;1257;3;10010
2025-04-12 16:40:26.679000+00:00;1;1257;3;10010
2025-04-12 16:40:26.679000+00:00;6;1257;8;10010
2025-04-12 16:40:26.679000+00:00;10;1257;6;10010
2025-04-12 16:40:26.679000+00:00;12;1257;5;10010
2025-04-12 16:40:26.679000+00:00;22;1257;11;10010
2025-04-12 16:40:26.679000+00:00;27;1257;12;10010
2025-04-12 16:40:26.679000+00:00;31;1257;10;10010
2025-04-12 16:40:26.679000+00:00;44;1257;2;10010
2025-04-12 16:40:26.679000+00:00;55;1257;9;10010
2025-04-12 16:40:26.679000+00:00;63;1257;7;10010
2025-04-12 16:40:26.679000+00:00;81;1257;4;10010
2025-04-12 16:40:29.715000+00:00;7;1257;14;10010
2025-04-12 16:40:29.715000+00:00;14;1257;11;10010
2025-04-12 16:40:29.715000+00:00;16;1257;15;10010
2025-04-12 16:40:29.715000+00:00;22;1257;12;10010
2025-04-12 16:40:29.715000+00:00;27;1257;13;10010
2025-04-12 16:40:39.181000+00:00;1;1257;4;10010
2025-04-12 16:40:39.181000+00:00;4;1257;2;10010
2025-04-12 16:40:39.181000+00:00;12;1257;1;10010
2025-04-12 16:40:39.181000+00:00;44;1257;3;10010
2025-04-12 16:40:39.181000+00:00;81;1257;5;10010
2025-04-12 16:40:39.899000+00:00;6;1257;9;10010
2025-04-12 16:40:39.899000+00:00;7;1257;15;10010
2025-04-12 16:40:39.899000+00:00;10;1257;7;10010
2025-04-12 16:40:39.899000+00:00;14;1257;12;10010
2025-04-12 16:40:39.899000+00:00;16;1257;6;10010
2025-04-12 16:40:39.899000+00:00;22;1257;13;10010
2025-04-12 16:40:39.899000+00:00;27;1257;14;10010
2025-04-12 16:40:39.899000+00:00;31;1257;11;10010
2025-04-12 16:40:39.899000+00:00;55;1257;10;10010
2025-04-12 16:40:39.899000+00:00;63;1257;8;10010
2025-04-12 16:40:45.586000+00:00;6;1257;10;10010
2025-04-12 16:40:45.586000+00:00;7;1257;6;10010
2025-04-12 16:40:45.586000+00:00;10;1257;8;10010
2025-04-12 16:40:45.586000+00:00;14;1257;13;10010
2025-04-12 16:40:45.586000+00:00;16;1257;7;10010
2025-04-12 16:40:45.586000+00:00;22;1257;14;10010
2025-04-12 16:40:45.586000+00:00;27;1257;15;10010
2025-04-12 16:40:45.586000+00:00;31;1257;12;10010
2025-04-12 16:40:45.586000+00:00;55;1257;11;10010
2025-04-12 16:40:45.586000+00:00;63;1257;9;10010
2025-04-12 16:40:48.086000+00:00;1;1257;5;10010
2025-04-12 16:40:48.086000+00:00;4;1257;3;10010
2025-04-12 16:40:48.086000+00:00;7;1257;7;10010
2025-04-12 16:40:48.086000+00:00;10;1257;9;10010
2025-04-12 16:40:48.086000+00:00;16;1257;8;10010
2025-04-12 16:40:48.086000+00:00;44;1257;4;10010
2025-04-12 16:40:48.086000+00:00;63;1257;2;10010
2025-04-12 16:40:48.086000+00:00;81;1257;6;10010
2025-04-12 16:41:01.500000+00:00;1;1257;6;10010
2025-04-12 16:41:01.500000+00:00;4;1257;4;10010
2025-04-12 16:41:01.500000+00:00;6;1257;11;10010
2025-04-12 16:41:01.500000+00:00;7;1257;8;10010
2025-04-12 16:41:01.500000+00:00;10;1257;10;10010
2025-04-12 16:41:01.500000+00:00;14;1257;14;10010
2025-04-12 16:41:01.500000+00:00;16;1257;9;10010
2025-04-12 16:41:01.500000+00:00;22;1257;15;10010
2025-04-12 16:41:01.500000+00:00;27;1257;3;10010
2025-04-12 16:41:01.500000+00:00;31;1257;13;10010
2025-04-12 16:41:01.500000+00:00;44;1257;5;10010
2025-04-12 16:41:01.500000+00:00;55;1257;12;10010
2025-04-12 16:41:01.500000+00:00;81;1257;7;10010
2025-04-12 16:41:08.877000+00:00;1;1257;7;10010
2025-04-12 16:41:08.877000+00:00;4;1257;5;10010
2025-04-12 16:41:08.877000+00:00;6;1257;12;10010
2025-04-12 16:41:08.877000+00:00;7;1257;9;10010
2025-04-12 16:41:08.877000+00:00;10;1257;11;10010
2025-04-12 16:41:08.877000+00:00;16;1257;10;10010
2025-04-12 16:41:08.877000+00:00;27;1257;4;10010
2025-04-12 16:41:08.877000+00:00;44;1257;6;10010
2025-04-12 16:41:08.877000+00:00;55;1257;2;10010
2025-04-12 16:41:08.877000+00:00;63;1257;3;10010
2025-04-12 16:41:08.877000+00:00;81;1257;8;10010
2025-04-12 16:41:23.974000+00:00;1;1257;8;10010
2025-04-12 16:41:23.974000+00:00;4;1257;6;10010
2025-04-12 16:41:23.974000+00:00;7;1257;10;10010
2025-04-12 16:41:23.974000+00:00;10;1257;4;10010
2025-04-12 16:41:23.974000+00:00;16;1257;11;10010
2025-04-12 16:41:23.974000+00:00;27;1257;5;10010
2025-04-12 16:41:23.974000+00:00;44;1257;7;10010
2025-04-12 16:41:23.974000+00:00;81;1257;9;10010
2025-04-12 16:41:34.919000+00:00;4;1257;1;10010
2025-04-12 16:41:34.919000+00:00;10;1257;5;10010
2025-04-12 16:41:34.919000+00:00;12;1257;2;10010
2025-04-12 16:41:34.919000+00:00;27;1257;6;10010
2025-04-12 16:41:34.919000+00:00;55;1257;3;10010
2025-04-12 16:41:34.919000+00:00;63;1257;4;10010
2025-04-12 16:41:50.829000+00:00;1;1257;9;10010
2025-04-12 16:41:50.829000+00:00;4;1257;2;10010
2025-04-12 16:41:50.829000+00:00;10;1257;6;10010
2025-04-12 16:41:50.829000+00:00;12;1257;3;10010
2025-04-12 16:41:50.829000+00:00;27;1257;7;10010
2025-04-12 16:41:50.829000+00:00;44;1257;8;10010
2025-04-12 16:41:50.829000+00:00;55;1257;4;10010
2025-04-12 16:41:50.829000+00:00;63;1257;5;10010
2025-04-12 16:41:50.829000+00:00;81;1257;1;10010
2025-04-12 16:42:11.038000+00:00;1;1257;10;10010
2025-04-12 16:42:11.038000+00:00;7;1257;11;10010
2025-04-12 16:42:11.038000+00:00;10;1257;7;10010
2025-04-12 16:42:11.038000+00:00;12;1257;4;10010
2025-04-12 16:42:11.038000+00:00;16;1257;3;10010
2025-04-12 16:42:11.038000+00:00;27;1257;8;10010
2025-04-12 16:42:11.038000+00:00;44;1257;9;10010
2025-04-12 16:42:11.038000+00:00;55;1257;5;10010
2025-04-12 16:42:11.038000+00:00;63;1257;6;10010
2025-04-12 16:42:16.970000+00:00;1;1257;11;10010
2025-04-12 16:42:16.970000+00:00;7;1257;6;10010
2025-04-12 16:42:16.970000+00:00;10;1257;8;10010
2025-04-12 16:42:16.970000+00:00;27;1257;9;10010
2025-04-12 16:42:16.970000+00:00;44;1257;10;10010
2025-04-12 16:42:16.970000+00:00;63;1257;7;10010
2025-04-12 16:46:27.215000+00:00;12;1257;3;10010
2025-04-12 16:46:27.215000+00:00;16;1257;4;10010
2025-04-12 16:46:39.330000+00:00;7;1257;7;10010
2025-04-12 16:46:39.330000+00:00;12;1257;4;10010
2025-04-12 16:46:39.330000+00:00;16;1257;5;10010
2025-04-12 16:46:39.330000+00:00;55;1257;6;10010
2025-04-12 16:46:39.330000+00:00;63;1257;3;10010
2025-04-12 16:46:52.512000+00:00;1;1257;12;10010
2025-04-12 16:46:52.512000+00:00;6;1257;13;10010
2025-04-12 16:46:52.512000+00:00;7;1257;8;10010
2025-04-12 16:46:52.512000+00:00;10;1257;9;10010
2025-04-12 16:46:52.512000+00:00;14;1257;15;10010
2025-04-12 16:46:52.512000+00:00;22;1257;6;10010
2025-04-12 16:46:52.512000+00:00;27;1257;10;10010
2025-04-12 16:46:52.512000+00:00;31;1257;14;10010
2025-04-12 16:46:52.512000+00:00;44;1257;11;10010
2025-04-12 16:46:52.512000+00:00;55;1257;7;10010
2025-04-12 16:47:02.456000+00:00;7;1257;9;10010
2025-04-12 16:47:02.456000+00:00;10;1257;10;10010
2025-04-12 16:47:02.456000+00:00;16;1257;6;10010
2025-04-12 16:47:02.456000+00:00;22;1257;7;10010
2025-04-12 16:47:02.456000+00:00;27;1257;11;10010
2025-04-12 16:47:02.456000+00:00;44;1257;5;10010
2025-04-12 16:47:02.456000+00:00;55;1257;8;10010
2025-04-12 16:47:14.178000+00:00;1;1257;13;10010
2025-04-12 16:47:14.178000+00:00;6;1257;8;10010
2025-04-12 16:47:14.178000+00:00;7;1257;10;10010
2025-04-12 16:47:14.178000+00:00;10;1257;11;10010
2025-04-12 16:47:14.178000+00:00;27;1257;12;10010
2025-04-12 16:47:14.178000+00:00;55;1257;9;10010
2025-04-12 16:47:28.487000+00:00;6;1257;9;10010
2025-04-12 16:47:28.487000+00:00;7;1257;11;10010
2025-04-12 16:47:28.487000+00:00;10;1257;3;10010
2025-04-12 16:47:28.487000+00:00;12;1257;5;10010
2025-04-12 16:47:28.487000+00:00;16;1257;7;10010
2025-04-12 16:47:28.487000+00:00;22;1257;8;10010
2025-04-12 16:47:28.487000+00:00;44;1257;6;10010
2025-04-12 16:47:28.487000+00:00;55;1257;10;10010
2025-04-12 16:47:28.487000+00:00;63;1257;4;10010
2025-04-12 16:47:39.919000+00:00;1;1257;7;10010
2025-04-12 16:47:39.919000+00:00;6;1257;10;10010
2025-04-12 16:47:39.919000+00:00;7;1257;12;10010
2025-04-12 16:47:39.919000+00:00;16;1257;8;10010
2025-04-12 16:47:39.919000+00:00;22;1257;9;10010
2025-04-12 16:47:39.919000+00:00;27;1257;13;10010
2025-04-12 16:47:39.919000+00:00;55;1257;11;10010
2025-04-12 16:47:59.970000+00:00;14;1257;14;10010
2025-04-12 16:47:59.970000+00:00;31;1257;15;10010
2025-04-12 16:48:11.127000+00:00;1;1257;8;10010
2025-04-12 16:48:11.127000+00:00;6;1257;11;10010
2025-04-12 16:48:11.127000+00:00;16;1257;9;10010
2025-04-12 16:48:11.127000+00:00;22;1257;10;10010
2025-04-12 16:48:11.127000+00:00;44;1257;7;10010
2025-04-12 16:48:11.127000+00:00;55;1257;6;10010
2025-04-12 16:48:35.942000+00:00;6;1257;12;10010
2025-04-12 16:48:35.942000+00:00;7;1257;11;10010
2025-04-12 16:48:49.795000+00:00;1;1257;9;10010
2025-04-12 16:48:49.795000+00:00;16;1257;6;10010
2025-04-12 16:48:49.795000+00:00;44;1257;8;10010
2025-04-12 16:48:49.795000+00:00;55;1257;7;10010
2025-04-12 16:51:26.409000+00:00;14;1257;13;10010
2025-04-12 16:51:26.409000+00:00;27;1257;15;10010
2025-04-12 16:51:26.409000+00:00;31;1257;14;10010
2025-04-12 16:57:04.801000+00:00;1;1257;10;10010
2025-04-12 16:57:04.801000+00:00;4;1257;3;10010
2025-04-12 16:57:04.801000+00:00;10;1257;4;10010
2025-04-12 16:57:04.801000+00:00;12;1257;6;10010
2025-04-12 16:57:04.801000+00:00;16;1257;7;10010
2025-04-12 16:57:04.801000+00:00;22;1257;1;10010
2025-04-12 16:57:04.801000+00:00;44;1257;9;10010
2025-04-12 16:57:04.801000+00:00;55;1257;8;10010
2025-04-12 16:57:04.801000+00:00;63;1257;5;10010
2025-04-12 16:57:04.801000+00:00;81;1257;2;10010
2025-04-12 16:57:17.040000+00:00;1;1257;1;10010
2025-04-12 16:57:17.040000+00:00;4;1257;4;10010
2025-04-12 16:57:17.040000+00:00;10;1257;5;10010
2025-04-12 16:57:17.040000+00:00;12;1257;7;10010
2025-04-12 16:57:17.040000+00:00;16;1257;8;10010
2025-04-12 16:57:17.040000+00:00;22;1257;2;10010
2025-04-12 16:57:17.040000+00:00;44;1257;10;10010
2025-04-12 16:57:17.040000+00:00;55;1257;9;10010
2025-04-12 16:57:17.040000+00:00;63;1257;6;10010
2025-04-12 16:57:17.040000+00:00;81;1257;3;10010
2025-04-12 16:57:22.817000+00:00;1;1257;2;10010
2025-04-12 16:57:22.817000+00:00;4;1257;5;10010
2025-04-12 16:57:22.817000+00:00;10;1257;6;10010
2025-04-12 16:57:22.817000+00:00;12;1257;1;10010
2025-04-12 16:57:22.817000+00:00;22;1257;3;10010
2025-04-12 16:57:22.817000+00:00;63;1257;7;10010
2025-04-12 16:57:22.817000+00:00;81;1257;4;10010
2025-04-12 16:57:25.993000+00:00;1;1257;3;10010
2025-04-12 16:57:25.993000+00:00;4;1257;6;10010
2025-04-12 16:57:25.993000+00:00;10;1257;7;10010
2025-04-12 16:57:25.993000+00:00;16;1257;9;10010
2025-04-12 16:57:25.993000+00:00;22;1257;4;10010
2025-04-12 16:57:25.993000+00:00;55;1257;2;10010
2025-04-12 16:57:25.993000+00:00;63;1257;8;10010
2025-04-12 16:57:25.993000+00:00;81;1257;5;10010
2025-04-12 16:57:42.062000+00:00;1;1257;4;10010
2025-04-12 16:57:42.062000+00:00;4;1257;7;10010
2025-04-12 16:57:42.062000+00:00;10;1257;8;10010
2025-04-12 16:57:42.062000+00:00;12;1257;2;10010
2025-04-12 16:57:42.062000+00:00;22;1257;5;10010
2025-04-12 16:57:42.062000+00:00;55;1257;3;10010
2025-04-12 16:57:42.062000+00:00;63;1257;1;10010
2025-04-12 16:57:42.062000+00:00;81;1257;6;10010
2025-04-12 16:57:49.605000+00:00;1;1257;5;10010
2025-04-12 16:57:49.605000+00:00;4;1257;8;10010
2025-04-12 16:57:49.605000+00:00;10;1257;1;10010
2025-04-12 16:57:49.605000+00:00;12;1257;3;10010
2025-04-12 16:57:49.605000+00:00;22;1257;6;10010
2025-04-12 16:57:49.605000+00:00;55;1257;4;10010
2025-04-12 16:57:49.605000+00:00;63;1257;2;10010
2025-04-12 16:57:49.605000+00:00;81;1257;7;10010
2025-04-12 16:58:06.425000+00:00;1;1257;6;10010
2025-04-12 16:58:06.425000+00:00;4;1257;9;10010
2025-04-12 16:58:06.425000+00:00;16;1257;10;10010
2025-04-12 16:58:06.425000+00:00;22;1257;7;10010
2025-04-12 16:58:06.425000+00:00;44;1257;5;10010
2025-04-12 16:58:06.425000+00:00;81;1257;8;10010
2025-04-12 16:58:26.476000+00:00;1;1257;7;10010
2025-04-12 16:58:26.476000+00:00;4;1257;10;10010
2025-04-12 16:58:26.476000+00:00;16;1257;4;10010
2025-04-12 16:58:26.476000+00:00;22;1257;8;10010
2025-04-12 16:58:26.476000+00:00;44;1257;6;10010
2025-04-12 16:58:26.476000+00:00;55;1257;5;10010
2025-04-12 16:58:26.476000+00:00;81;1257;9;10010
2025-04-12 16:58:41.811000+00:00;1;1257;8;10010
2025-04-12 16:58:41.811000+00:00;10;1257;2;10010
2025-04-12 16:58:41.811000+00:00;12;1257;4;10010
2025-04-12 16:58:41.811000+00:00;16;1257;5;10010
2025-04-12 16:58:41.811000+00:00;22;1257;9;10010
2025-04-12 16:58:41.811000+00:00;44;1257;7;10010
2025-04-12 16:58:41.811000+00:00;55;1257;6;10010
2025-04-12 16:58:41.811000+00:00;63;1257;3;10010
2025-04-12 16:58:41.811000+00:00;81;1257;1;10010
2025-04-12 16:58:59.638000+00:00;1;1257;9;10010
2025-04-12 16:58:59.638000+00:00;4;1257;2;10010
2025-04-12 16:58:59.638000+00:00;10;1257;3;10010
2025-04-12 16:58:59.638000+00:00;12;1257;5;10010
2025-04-12 16:58:59.638000+00:00;16;1257;6;10010
2025-04-12 16:58:59.638000+00:00;22;1257;10;10010
2025-04-12 16:58:59.638000+00:00;44;1257;8;10010
2025-04-12 16:58:59.638000+00:00;55;1257;7;10010
2025-04-12 16:58:59.638000+00:00;63;1257;4;10010
2025-04-12 16:58:59.694000+00:00;1;1257;10;10010
2025-04-12 16:58:59.694000+00:00;4;1257;3;10010
2025-04-12 16:58:59.694000+00:00;10;1257;4;10010
2025-04-12 16:58:59.694000+00:00;12;1257;6;10010
2025-04-12 16:58:59.694000+00:00;16;1257;7;10010
2025-04-12 16:58:59.694000+00:00;22;1257;1;10010
2025-04-12 16:58:59.694000+00:00;44;1257;9;10010
2025-04-12 16:58:59.694000+00:00;55;1257;8;10010
2025-04-12 16:58:59.694000+00:00;63;1257;5;10010
2025-04-12 16:58:59.694000+00:00;81;1257;2;10010
2025-04-12 16:59:08.215000+00:00;1;1257;1;10010
2025-04-12 16:59:08.215000+00:00;4;1257;4;10010
2025-04-12 16:59:08.215000+00:00;10;1257;5;10010
2025-04-12 16:59:08.215000+00:00;12;1257;7;10010
2025-04-12 16:59:08.215000+00:00;16;1257;8;10010
2025-04-12 16:59:08.215000+00:00;22;1257;2;10010
2025-04-12 16:59:08.215000+00:00;44;1257;10;10010
2025-04-12 16:59:08.215000+00:00;55;1257;9;10010
2025-04-12 16:59:08.215000+00:00;63;1257;6;10010
2025-04-12 16:59:08.215000+00:00;81;1257;3;10010
2025-04-12 16:59:34.218000+00:00;1;1257;2;10010
2025-04-12 16:59:34.218000+00:00;4;1257;5;10010
2025-04-12 16:59:34.218000+00:00;10;1257;6;10010
2025-04-12 16:59:34.218000+00:00;12;1257;1;10010
2025-04-12 16:59:34.218000+00:00;22;1257;3;10010
2025-04-12 16:59:34.218000+00:00;63;1257;7;10010
2025-04-12 16:59:34.218000+00:00;81;1257;4;10010
2025-04-12 16:59:42.556000+00:00;1;1257;3;10010
2025-04-12 16:59:42.556000+00:00;4;1257;6;10010
2025-04-12 16:59:42.556000+00:00;10;1257;7;10010
2025-04-12 16:59:42.556000+00:00;16;1257;9;10010
2025-04-12 16:59:42.556000+00:00;22;1257;4;10010
2025-04-12 16:59:42.556000+00:00;55;1257;2;10010
2025-04-12 16:59:42.556000+00:00;63;1257;8;10010
2025-04-12 16:59:42.556000+00:00;81;1257;5;10010
2025-04-12 16:59:56.833000+00:00;1;1257;4;10010
2025-04-12 16:59:56.833000+00:00;4;1257;7;10010
2025-04-12 16:59:56.833000+00:00;10;1257;8;10010
2025-04-12 16:59:56.833000+00:00;12;1257;2;10010
2025-04-12 16:59:56.833000+00:00;22;1257;5;10010
2025-04-12 16:59:56.833000+00:00;55;1257;3;10010
2025-04-12 16:59:56.833000+00:00;63;1257;1;10010
2025-04-12 16:59:56.833000+00:00;81;1257;6;10010
2025-04-12 17:00:04.666000+00:00;1;1257;5;10010
2025-04-12 17:00:04.666000+00:00;4;1257;8;10010
2025-04-12 17:00:04.666000+00:00;10;1257;1;10010
2025-04-12 17:00:04.666000+00:00;12;1257;3;10010
2025-04-12 17:00:04.666000+00:00;22;1257;6;10010
2025-04-12 17:00:04.666000+00:00;55;1257;4;10010
2025-04-12 17:00:04.666000+00:00;63;1257;2;10010
2025-04-12 17:00:04.666000+00:00;81;1257;7;10010
2025-04-12 17:00:17.065000+00:00;1;1257;6;10010
2025-04-12 17:00:17.065000+00:00;4;1257;9;10010
2025-04-12 17:00:17.065000+00:00;16;1257;10;10010
2025-04-12 17:00:17.065000+00:00;22;1257;7;10010
2025-04-12 17:00:17.065000+00:00;44;1257;5;10010
2025-04-12 17:00:17.065000+00:00;81;1257;8;10010
2025-04-12 17:00:31.276000+00:00;1;1257;7;10010
2025-04-12 17:00:31.276000+00:00;10;1257;2;10010
2025-04-12 17:00:31.276000+00:00;12;1257;4;10010
2025-04-12 17:00:31.276000+00:00;22;1257;1;10010
2025-04-12 17:00:31.276000+00:00;44;1257;6;10010
2025-04-12 17:00:31.276000+00:00;55;1257;5;10010
2025-04-12 17:00:31.276000+00:00;63;1257;3;10010
2025-04-12 17:00:40.157000+00:00;1;1257;2;10010
2025-04-12 17:00:40.157000+00:00;10;1257;3;10010
2025-04-12 17:00:40.157000+00:00;12;1257;5;10010
2025-04-12 17:00:40.157000+00:00;44;1257;7;10010
2025-04-12 17:00:40.157000+00:00;55;1257;6;10010
2025-04-12 17:00:40.157000+00:00;63;1257;4;10010
2025-04-12 17:00:40.998000+00:00;4;1257;10;10010
2025-04-12 17:00:40.998000+00:00;16;1257;6;10010
2025-04-12 17:00:40.998000+00:00;44;1257;8;10010
2025-04-12 17:00:40.998000+00:00;55;1257;7;10010
2025-04-12 17:00:40.998000+00:00;81;1257;9;10010
2025-04-12 17:00:49.576000+00:00;10;1257;4;10010
2025-04-12 17:00:49.576000+00:00;12;1257;6;10010
2025-04-12 17:00:49.576000+00:00;16;1257;7;10010
2025-04-12 17:00:49.576000+00:00;44;1257;9;10010
2025-04-12 17:00:49.576000+00:00;55;1257;8;10010
2025-04-12 17:00:49.576000+00:00;63;1257;5;10010
2025-04-12 17:00:49.576000+00:00;81;1257;3;10010
2025-04-12 17:00:56.750000+00:00;4;1257;4;10010
2025-04-12 17:00:56.750000+00:00;10;1257;5;10010
2025-04-12 17:00:56.750000+00:00;12;1257;7;10010
2025-04-12 17:00:56.750000+00:00;16;1257;8;10010
2025-04-12 17:00:56.750000+00:00;44;1257;10;10010
2025-04-12 17:00:56.750000+00:00;55;1257;9;10010
2025-04-12 17:00:56.750000+00:00;63;1257;6;10010
2025-04-12 17:01:05.728000+00:00;1;1257;3;10010
2025-04-12 17:01:05.728000+00:00;4;1257;5;10010
2025-04-12 17:01:05.728000+00:00;10;1257;6;10010
2025-04-12 17:01:05.728000+00:00;12;1257;1;10010
2025-04-12 17:01:05.728000+00:00;22;1257;2;10010
2025-04-12 17:01:05.728000+00:00;63;1257;7;10010
2025-04-12 17:01:05.728000+00:00;81;1257;4;10010
2025-04-12 17:01:14.299000+00:00;1;1257;4;10010
2025-04-12 17:01:14.299000+00:00;4;1257;6;10010
2025-04-12 17:01:14.299000+00:00;10;1257;7;10010
2025-04-12 17:01:14.299000+00:00;16;1257;9;10010
2025-04-12 17:01:14.299000+00:00;55;1257;3;10010
2025-04-12 17:01:14.299000+00:00;63;1257;8;10010
2025-04-12 17:01:14.299000+00:00;81;1257;5;10010
2025-04-12 17:01:27.339000+00:00;1;1257;5;10010
2025-04-12 17:01:27.339000+00:00;4;1257;7;10010
2025-04-12 17:01:27.339000+00:00;10;1257;8;10010
2025-04-12 17:01:27.339000+00:00;12;1257;2;10010
2025-04-12 17:01:27.339000+00:00;22;1257;3;10010
2025-04-12 17:01:27.339000+00:00;55;1257;4;10010
2025-04-12 17:01:27.339000+00:00;63;1257;1;10010
2025-04-12 17:01:27.339000+00:00;81;1257;6;10010
2025-04-12 17:01:36.317000+00:00;1;1257;6;10010
2025-04-12 17:01:36.317000+00:00;4;1257;8;10010
2025-04-12 17:01:36.317000+00:00;10;1257;4;10010
2025-04-12 17:01:36.317000+00:00;55;1257;5;10010
2025-04-12 17:01:36.317000+00:00;81;1257;7;10010
2025-04-12 17:01:48.518000+00:00;1;1257;7;10010
2025-04-12 17:01:48.518000+00:00;4;1257;9;10010
2025-04-12 17:01:48.518000+00:00;10;1257;5;10010
2025-04-12 17:01:48.518000+00:00;12;1257;3;10010
2025-04-12 17:01:48.518000+00:00;16;1257;10;10010
2025-04-12 17:01:48.518000+00:00;22;1257;4;10010
2025-04-12 17:01:48.518000+00:00;44;1257;2;10010
2025-04-12 17:01:48.518000+00:00;55;1257;6;10010
2025-04-12 17:01:48.518000+00:00;81;1257;8;10010
2025-04-12 17:02:12.309000+00:00;1;1257;8;10010
2025-04-12 17:02:12.309000+00:00;4;1257;10;10010
2025-04-12 17:02:12.309000+00:00;10;1257;6;10010
2025-04-12 17:02:12.309000+00:00;12;1257;4;10010
2025-04-12 17:02:12.309000+00:00;16;1257;2;10010
2025-04-12 17:02:12.309000+00:00;22;1257;5;10010
2025-04-12 17:02:12.309000+00:00;44;1257;3;10010
2025-04-12 17:02:12.309000+00:00;55;1257;7;10010
2025-04-12 17:02:12.309000+00:00;81;1257;9;10010
2025-04-12 17:02:20.030000+00:00;1;1257;9;10010
2025-04-12 17:02:20.030000+00:00;10;1257;7;10010
2025-04-12 17:02:20.030000+00:00;12;1257;5;10010
2025-04-12 17:02:20.030000+00:00;16;1257;3;10010
2025-04-12 17:02:20.030000+00:00;22;1257;6;10010
2025-04-12 17:02:20.030000+00:00;44;1257;4;10010
2025-04-12 17:02:20.030000+00:00;55;1257;8;10010
2025-04-12 17:02:20.030000+00:00;63;1257;2;10010
2025-04-12 17:02:20.030000+00:00;81;1257;1;10010
2025-04-12 17:02:27.329000+00:00;1;1257;10;10010
2025-04-12 17:02:27.329000+00:00;4;1257;3;10010
2025-04-12 17:02:27.329000+00:00;10;1257;8;10010
2025-04-12 17:02:27.329000+00:00;12;1257;6;10010
2025-04-12 17:02:27.329000+00:00;16;1257;4;10010
2025-04-12 17:02:27.329000+00:00;22;1257;7;10010
2025-04-12 17:02:27.329000+00:00;44;1257;5;10010
2025-04-12 17:02:27.329000+00:00;55;1257;9;10010
2025-04-12 17:03:58.286000+00:00;23;1257;15;10010
2025-04-12 17:03:58.286000+00:00;27;1257;16;10010
2025-04-12 17:04:47.207000+00:00;1;1257;9;10010
2025-04-12 17:04:47.207000+00:00;10;1257;7;10010
2025-04-12 17:04:47.207000+00:00;12;1257;10;10010
2025-04-12 17:04:47.207000+00:00;22;1257;6;10010
2025-04-12 17:04:47.207000+00:00;55;1257;8;10010
2025-04-12 17:05:01.355000+00:00;1;1257;8;10010
2025-04-12 17:05:01.355000+00:00;10;1257;6;10010
2025-04-12 17:05:01.355000+00:00;12;1257;9;10010
2025-04-12 17:05:01.355000+00:00;22;1257;5;10010
2025-04-12 17:05:01.355000+00:00;44;1257;10;10010
2025-04-12 17:05:01.355000+00:00;55;1257;7;10010
2025-04-12 17:08:41.817000+00:00;16;1257;5;10010
2025-04-12 17:08:41.817000+00:00;22;1257;4;10010
2025-04-12 17:08:59.589000+00:00;1;1257;9;10010
2025-04-12 17:08:59.589000+00:00;4;1257;4;10010
2025-04-12 17:08:59.589000+00:00;10;1257;7;10010
2025-04-12 17:08:59.589000+00:00;12;1257;1;10010
2025-04-12 17:08:59.589000+00:00;16;1257;6;10010
2025-04-12 17:08:59.589000+00:00;22;1257;5;10010
2025-04-12 17:08:59.589000+00:00;55;1257;8;10010
2025-04-12 17:08:59.589000+00:00;63;1257;3;10010
2025-04-12 17:08:59.589000+00:00;81;1257;2;10010
2025-04-12 17:09:11.351000+00:00;12;1257;2;10010
2025-04-12 17:09:11.351000+00:00;63;1257;1;10010
2025-04-12 17:09:11.351000+00:00;81;1257;3;10010
2025-04-12 17:09:18.358000+00:00;1;1257;10;10010
2025-04-12 17:09:18.358000+00:00;10;1257;8;10010
2025-04-12 17:09:18.358000+00:00;16;1257;7;10010
2025-04-12 17:09:18.358000+00:00;22;1257;6;10010
2025-04-12 17:09:18.358000+00:00;44;1257;5;10010
2025-04-12 17:09:18.358000+00:00;55;1257;9;10010
2025-04-12 17:09:26.289000+00:00;4;1257;5;10010
2025-04-12 17:09:26.289000+00:00;12;1257;3;10010
2025-04-12 17:09:26.289000+00:00;16;1257;2;10010
2025-04-12 17:09:26.289000+00:00;22;1257;7;10010
2025-04-12 17:09:26.289000+00:00;44;1257;6;10010
2025-04-12 17:09:26.289000+00:00;81;1257;4;10010
2025-04-12 17:09:35.403000+00:00;4;1257;6;10010
2025-04-12 17:09:35.403000+00:00;10;1257;4;10010
2025-04-12 17:09:35.403000+00:00;22;1257;8;10010
2025-04-12 17:09:35.403000+00:00;44;1257;7;10010
2025-04-12 17:09:35.403000+00:00;81;1257;5;10010
2025-04-12 17:09:52.238000+00:00;1;1257;7;10010
2025-04-12 17:09:52.238000+00:00;22;1257;9;10010
2025-04-12 17:09:52.238000+00:00;44;1257;8;10010
2025-04-12 17:09:52.238000+00:00;55;1257;10;10010
2025-04-12 17:10:06.926000+00:00;10;1257;5;10010
2025-04-12 17:10:06.926000+00:00;12;1257;4;10010
2025-04-12 17:10:06.926000+00:00;16;1257;3;10010
2025-04-12 17:10:06.926000+00:00;63;1257;2;10010
2025-04-12 17:10:06.926000+00:00;81;1257;1;10010
2025-04-12 17:10:21.833000+00:00;22;1257;10;10010
2025-04-12 17:10:21.833000+00:00;44;1257;9;10010
2025-04-12 17:10:21.833000+00:00;55;1257;8;10010
2025-04-13 14:08:20.714000+00:00;1;1257;7;10014
2025-04-13 14:08:20.714000+00:00;4;1257;6;10014
2025-04-13 14:08:20.714000+00:00;5;1257;18;10014
2025-04-13 14:08:20.714000+00:00;6;1257;12;10014
2025-04-13 14:08:20.714000+00:00;7;1257;11;10014
2025-04-13 14:08:20.714000+00:00;10;1257;4;10014
2025-04-13 14:08:20.714000+00:00;12;1257;5;10014
2025-04-13 14:08:20.714000+00:00;14;1257;13;10014
2025-04-13 14:08:20.714000+00:00;16;1257;2;10014
2025-04-13 14:08:20.714000+00:00;18;1257;19;10014
2025-04-13 14:08:20.714000+00:00;22;1257;10;10014
2025-04-13 14:08:20.714000+00:00;23;1257;15;10014
2025-04-13 14:08:20.714000+00:00;27;1257;16;10014
2025-04-13 14:08:20.714000+00:00;30;1257;17;10014
2025-04-13 14:08:20.714000+00:00;31;1257;14;10014
2025-04-13 14:08:20.714000+00:00;44;1257;9;10014
2025-04-13 14:08:20.714000+00:00;55;1257;8;10014
2025-04-13 14:08:20.714000+00:00;63;1257;3;10014
2025-04-13 14:08:20.714000+00:00;81;1257;1;10014
2025-04-13 14:08:20.714000+00:00;87;1257;20;10014
2025-04-13 15:04:22.822000+00:00;16;1257;3;10014
2025-04-13 15:04:22.822000+00:00;63;1257;2;10014
2025-04-13 15:04:23.529000+00:00;4;1257;3;10014
2025-04-13 15:04:23.529000+00:00;10;1257;5;10014
2025-04-13 15:04:23.529000+00:00;12;1257;6;10014
2025-04-13 15:04:23.529000+00:00;16;1257;4;10014
2025-04-13 15:04:24.392000+00:00;10;1257;6;10014
2025-04-13 15:04:24.392000+00:00;12;1257;5;10014
2025-04-13 15:04:24.865000+00:00;1;1257;8;10014
2025-04-13 15:04:24.865000+00:00;55;1257;7;10014
2025-04-13 15:04:26.280000+00:00;6;1257;13;10014
2025-04-13 15:04:26.280000+00:00;14;1257;12;10014
2025-04-13 15:04:26.495000+00:00;6;1257;14;10014
2025-04-13 15:04:26.495000+00:00;23;1257;13;10014
2025-04-13 15:04:26.495000+00:00;31;1257;15;10014
2025-04-13 15:04:26.692000+00:00;6;1257;15;10014
2025-04-13 15:04:26.692000+00:00;31;1257;14;10014
2025-04-13 15:04:27.029000+00:00;5;1257;19;10014
2025-04-13 15:04:27.029000+00:00;18;1257;20;10014
2025-04-13 15:04:27.029000+00:00;27;1257;17;10014
2025-04-13 15:04:27.029000+00:00;30;1257;18;10014
2025-04-13 15:04:27.029000+00:00;87;1257;16;10014
2025-04-13 15:04:27.386000+00:00;27;1257;18;10014
2025-04-13 15:04:27.386000+00:00;30;1257;17;10014
2025-04-13 15:04:27.532000+00:00;5;1257;18;10014
2025-04-13 15:04:27.532000+00:00;27;1257;19;10014
2025-04-13 15:05:31.499000+00:00;10;1257;5;10014
2025-04-13 15:05:31.499000+00:00;12;1257;6;10014
2025-04-13 15:05:32.170000+00:00;12;1257;7;10014
2025-04-13 15:05:32.170000+00:00;55;1257;6;10014
2025-04-13 15:05:35.650000+00:00;23;1257;14;10014
2025-04-13 15:05:35.650000+00:00;31;1257;13;10014
2025-04-13 15:05:36.422000+00:00;6;1257;16;10014
2025-04-13 15:05:36.422000+00:00;87;1257;15;10014
2025-04-13 15:05:38.336000+00:00;5;1257;19;10014
2025-04-13 15:05:38.336000+00:00;18;1257;18;10014
2025-04-13 15:05:38.336000+00:00;27;1257;20;10014
2025-04-13 15:07:14.609000+00:00;14;1257;13;10014
2025-04-13 15:07:14.609000+00:00;31;1257;12;10014
2025-04-13 15:08:54.682000+00:00;14;1257;14;10014
2025-04-13 15:08:54.682000+00:00;23;1257;13;10014
2025-04-13 15:12:06.678000+00:00;12;1257;6;10014
2025-04-13 15:12:06.678000+00:00;55;1257;7;10014
2025-04-13 15:12:07.679000+00:00;1;1257;7;10014
2025-04-13 15:12:07.679000+00:00;55;1257;8;10014
2025-04-13 15:12:14.725000+00:00;14;1257;15;10014
2025-04-13 15:12:14.725000+00:00;87;1257;14;10014
2025-04-13 15:13:57.195000+00:00;6;1257;17;10014
2025-04-13 15:13:57.195000+00:00;30;1257;16;10014
2025-04-13 15:13:57.929000+00:00;6;1257;18;10014
2025-04-13 15:13:57.929000+00:00;18;1257;17;10014
2025-04-13 15:15:39.811000+00:00;5;1257;18;10014
2025-04-13 15:15:39.811000+00:00;6;1257;19;10014
2025-04-13 15:15:57.026000+00:00;6;1257;20;10014
2025-04-13 15:15:57.026000+00:00;27;1257;19;10014
2025-04-13 15:17:11.809000+00:00;23;1257;12;10014
2025-04-13 15:17:11.809000+00:00;31;1257;13;10014
2025-04-13 15:17:35.019000+00:00;6;1257;19;10014
2025-04-13 15:17:35.019000+00:00;27;1257;20;10014
2025-04-13 15:18:48.309000+00:00;44;1257;8;10014
2025-04-13 15:18:48.309000+00:00;55;1257;9;10014
2025-04-13 15:18:49.017000+00:00;22;1257;9;10014
2025-04-13 15:18:49.017000+00:00;55;1257;10;10014
2025-04-13 15:18:51.501000+00:00;7;1257;12;10014
2025-04-13 15:18:51.501000+00:00;23;1257;11;10014
2025-04-13 15:18:53.485000+00:00;31;1257;14;10014
2025-04-13 15:18:53.485000+00:00;87;1257;13;10014
2025-04-13 15:18:55.634000+00:00;14;1257;14;10014
2025-04-13 15:18:55.634000+00:00;31;1257;15;10014
2025-04-13 15:18:56.832000+00:00;30;1257;15;10014
2025-04-13 15:18:56.832000+00:00;31;1257;16;10014
2025-04-13 15:18:58.286000+00:00;18;1257;16;10014
2025-04-13 15:18:58.286000+00:00;31;1257;17;10014
2025-04-13 15:19:00.176000+00:00;5;1257;17;10014
2025-04-13 15:19:00.176000+00:00;31;1257;18;10014
2025-04-13 15:20:18.694000+00:00;4;1257;4;10014
2025-04-13 15:20:18.694000+00:00;16;1257;3;10014
2025-04-13 15:20:22.386000+00:00;10;1257;6;10014
2025-04-13 15:20:22.386000+00:00;12;1257;5;10014
2025-04-13 15:20:33.482000+00:00;7;1257;13;10014
2025-04-13 15:20:33.482000+00:00;87;1257;12;10014
2025-04-13 15:20:35.964000+00:00;7;1257;14;10014
2025-04-13 15:20:35.964000+00:00;14;1257;13;10014
2025-04-13 15:20:37.132000+00:00;7;1257;15;10014
2025-04-13 15:20:37.132000+00:00;30;1257;14;10014
2025-04-13 15:20:38.922000+00:00;7;1257;16;10014
2025-04-13 15:20:38.922000+00:00;18;1257;15;10014
2025-04-13 15:20:40.612000+00:00;5;1257;16;10014
2025-04-13 15:20:40.612000+00:00;7;1257;17;10014
2025-04-13 15:20:47.996000+00:00;7;1257;18;10014
2025-04-13 15:20:47.996000+00:00;31;1257;17;10014
2025-04-13 15:22:02.098000+00:00;4;1257;5;10014
2025-04-13 15:22:02.098000+00:00;12;1257;4;10014
2025-04-13 15:22:06.722000+00:00;1;1257;8;10014
2025-04-13 15:22:06.722000+00:00;4;1257;6;10014
2025-04-13 15:22:06.722000+00:00;10;1257;7;10014
2025-04-13 15:22:06.722000+00:00;44;1257;5;10014
2025-04-13 15:22:09.997000+00:00;1;1257;9;10014
2025-04-13 15:22:09.997000+00:00;4;1257;7;10014
2025-04-13 15:22:09.997000+00:00;10;1257;8;10014
2025-04-13 15:22:09.997000+00:00;22;1257;10;10014
2025-04-13 15:22:09.997000+00:00;55;1257;6;10014
2025-04-13 15:22:10.711000+00:00;1;1257;10;10014
2025-04-13 15:22:10.711000+00:00;4;1257;8;10014
2025-04-13 15:22:10.711000+00:00;10;1257;9;10014
2025-04-13 15:22:10.711000+00:00;22;1257;7;10014
2025-04-13 15:22:11.408000+00:00;1;1257;11;10014
2025-04-13 15:22:11.408000+00:00;4;1257;9;10014
2025-04-13 15:22:11.408000+00:00;10;1257;10;10014
2025-04-13 15:22:11.408000+00:00;23;1257;8;10014
2025-04-13 15:22:13.259000+00:00;1;1257;12;10014
2025-04-13 15:22:13.259000+00:00;4;1257;10;10014
2025-04-13 15:22:13.259000+00:00;10;1257;11;10014
2025-04-13 15:22:13.259000+00:00;87;1257;9;10014
2025-04-13 15:22:15.927000+00:00;1;1257;13;10014
2025-04-13 15:22:15.927000+00:00;4;1257;11;10014
2025-04-13 15:22:15.927000+00:00;10;1257;12;10014
2025-04-13 15:22:15.927000+00:00;14;1257;10;10014
2025-04-13 15:22:17.405000+00:00;1;1257;14;10014
2025-04-13 15:22:17.405000+00:00;4;1257;12;10014
2025-04-13 15:22:17.405000+00:00;10;1257;13;10014
2025-04-13 15:22:17.405000+00:00;30;1257;11;10014
2025-04-13 15:22:19.521000+00:00;1;1257;15;10014
2025-04-13 15:22:19.521000+00:00;4;1257;13;10014
2025-04-13 15:22:19.521000+00:00;10;1257;14;10014
2025-04-13 15:22:19.521000+00:00;18;1257;12;10014
2025-04-13 15:22:20.730000+00:00;1;1257;16;10014
2025-04-13 15:22:20.730000+00:00;4;1257;14;10014
2025-04-13 15:22:20.730000+00:00;5;1257;13;10014
2025-04-13 15:22:20.730000+00:00;10;1257;15;10014
2025-04-13 15:22:26.116000+00:00;1;1257;17;10014
2025-04-13 15:22:26.116000+00:00;31;1257;16;10014
2025-04-13 15:23:51.435000+00:00;22;1257;8;10014
2025-04-13 15:23:51.435000+00:00;23;1257;7;10014
2025-04-13 15:23:52.996000+00:00;22;1257;9;10014
2025-04-13 15:23:52.996000+00:00;87;1257;8;10014
2025-04-13 15:23:56.029000+00:00;14;1257;9;10014
2025-04-13 15:23:56.029000+00:00;22;1257;10;10014
2025-04-13 15:23:57.519000+00:00;22;1257;11;10014
2025-04-13 15:23:57.519000+00:00;30;1257;10;10014
2025-04-13 15:24:00.611000+00:00;4;1257;11;10014
2025-04-13 15:24:00.611000+00:00;5;1257;14;10014
2025-04-13 15:24:00.611000+00:00;18;1257;13;10014
2025-04-13 15:24:00.611000+00:00;22;1257;12;10014
2025-04-13 15:24:01.572000+00:00;5;1257;12;10014
2025-04-13 15:24:01.572000+00:00;18;1257;14;10014
2025-04-13 15:24:01.572000+00:00;22;1257;13;10014
2025-04-13 15:24:01.921000+00:00;10;1257;13;10014
2025-04-13 15:24:01.921000+00:00;18;1257;15;10014
2025-04-13 15:24:01.921000+00:00;22;1257;14;10014
2025-04-13 15:24:02.146000+00:00;18;1257;14;10014
2025-04-13 15:24:02.146000+00:00;22;1257;15;10014
2025-04-13 15:24:03.876000+00:00;22;1257;16;10014
2025-04-13 15:24:03.876000+00:00;31;1257;15;10014
2025-04-13 15:24:04.589000+00:00;1;1257;16;10014
2025-04-13 15:24:04.589000+00:00;22;1257;17;10014
2025-04-13 15:24:06.535000+00:00;7;1257;17;10014
2025-04-13 15:24:06.535000+00:00;22;1257;18;10014
2025-04-13 15:24:10.217000+00:00;6;1257;18;10014
2025-04-13 15:24:10.217000+00:00;22;1257;19;10014
2025-04-13 15:25:15.543000+00:00;16;1257;2;10014
2025-04-13 15:25:15.543000+00:00;63;1257;3;10014
2025-04-13 15:25:24.448000+00:00;12;1257;5;10014
2025-04-13 15:25:24.448000+00:00;44;1257;4;10014
2025-04-13 15:25:30.475000+00:00;12;1257;6;10014
2025-04-13 15:25:30.475000+00:00;55;1257;5;10014
2025-04-13 15:25:31.502000+00:00;12;1257;7;10014
2025-04-13 15:25:31.502000+00:00;23;1257;6;10014
2025-04-13 15:25:33.060000+00:00;12;1257;8;10014
2025-04-13 15:25:33.060000+00:00;87;1257;7;10014
2025-04-13 15:25:35.768000+00:00;12;1257;9;10014
2025-04-13 15:25:35.768000+00:00;14;1257;8;10014
2025-04-13 15:25:37.524000+00:00;12;1257;10;10014
2025-04-13 15:25:37.524000+00:00;30;1257;9;10014
2025-04-13 15:25:38.156000+00:00;4;1257;10;10014
2025-04-13 15:25:38.156000+00:00;12;1257;11;10014
2025-04-13 15:25:39.650000+00:00;5;1257;13;10014
2025-04-13 15:25:39.650000+00:00;10;1257;11;10014
2025-04-13 15:25:39.650000+00:00;12;1257;12;10014
2025-04-13 15:25:42.344000+00:00;5;1257;14;10014
2025-04-13 15:25:42.344000+00:00;12;1257;13;10014
2025-04-13 15:25:42.344000+00:00;18;1257;15;10014
2025-04-13 15:25:42.344000+00:00;31;1257;12;10014
2025-04-13 15:25:42.994000+00:00;1;1257;13;10014
2025-04-13 15:25:42.994000+00:00;5;1257;15;10014
2025-04-13 15:25:42.994000+00:00;12;1257;14;10014
2025-04-13 15:25:42.994000+00:00;18;1257;16;10014
2025-04-13 15:25:45.030000+00:00;7;1257;16;10014
2025-04-13 15:25:45.030000+00:00;18;1257;17;10014
2025-04-13 15:25:49.013000+00:00;6;1257;17;10014
2025-04-13 15:25:49.013000+00:00;18;1257;18;10014
2025-04-13 15:25:49.666000+00:00;18;1257;19;10014
2025-04-13 15:25:49.666000+00:00;22;1257;18;10014
2025-04-13 15:25:52.396000+00:00;18;1257;20;10014
2025-04-13 15:25:52.396000+00:00;27;1257;19;10014
2025-04-13 15:27:03.674000+00:00;44;1257;3;10014
2025-04-13 15:27:03.674000+00:00;63;1257;4;10014
2025-04-13 15:27:11.807000+00:00;23;1257;4;10014
2025-04-13 15:27:11.807000+00:00;55;1257;6;10014
2025-04-13 15:27:11.807000+00:00;63;1257;5;10014
2025-04-13 15:27:13.246000+00:00;55;1257;5;10014
2025-04-13 15:27:13.246000+00:00;63;1257;6;10014
2025-04-13 15:27:16.756000+00:00;4;1257;9;10014
2025-04-13 15:27:16.756000+00:00;30;1257;10;10014
2025-04-13 15:27:19.197000+00:00;10;1257;10;10014
2025-04-13 15:27:19.197000+00:00;30;1257;11;10014
2025-04-13 15:27:20.254000+00:00;30;1257;12;10014
2025-04-13 15:27:20.254000+00:00;31;1257;11;10014
2025-04-13 15:27:21.124000+00:00;1;1257;12;10014
2025-04-13 15:27:21.124000+00:00;30;1257;13;10014
2025-04-13 15:27:21.580000+00:00;12;1257;13;10014
2025-04-13 15:27:21.580000+00:00;30;1257;14;10014
2025-04-13 15:27:23.048000+00:00;5;1257;16;10014
2025-04-13 15:27:23.048000+00:00;7;1257;15;10014
2025-04-13 15:27:27.762000+00:00;5;1257;17;10014
2025-04-13 15:27:27.762000+00:00;6;1257;18;10014
2025-04-13 15:27:27.762000+00:00;22;1257;16;10014
2025-04-13 15:27:28.983000+00:00;5;1257;18;10014
2025-04-13 15:27:28.983000+00:00;6;1257;17;10014
2025-04-13 15:27:31.894000+00:00;5;1257;19;10014
2025-04-13 15:27:31.894000+00:00;27;1257;18;10014
2025-04-13 15:27:38.917000+00:00;5;1257;20;10014
2025-04-13 15:27:38.917000+00:00;18;1257;19;10014
2025-04-13 15:35:38.782000+00:00;22;1257;11;10014
2025-04-13 15:35:38.782000+00:00;44;1257;10;10014
2025-04-13 15:35:54.838000+00:00;14;1257;17;10014
2025-04-13 15:35:54.838000+00:00;18;1257;18;10014
2025-04-13 15:37:13.530000+00:00;1;1257;8;10014
2025-04-13 15:37:13.530000+00:00;12;1257;7;10014
2025-04-13 15:37:27.735000+00:00;23;1257;15;10014
2025-04-13 15:37:27.735000+00:00;27;1257;16;10014
2025-04-13 15:39:02.785000+00:00;6;1257;14;10014
2025-04-13 15:39:02.785000+00:00;87;1257;13;10014
2025-04-13 15:40:32.544000+00:00;1;1257;9;10014
2025-04-13 15:40:32.544000+00:00;7;1257;10;10014
2025-04-13 15:40:32.544000+00:00;44;1257;8;10014
2025-04-13 15:42:22.157000+00:00;6;1257;15;10014
2025-04-13 15:42:22.157000+00:00;23;1257;14;10014
2025-04-13 15:45:13.702000+00:00;4;1257;4;10014
2025-04-13 15:45:13.702000+00:00;16;1257;3;10014
2025-04-13 15:45:26.726000+00:00;12;1257;8;10014
2025-04-13 15:45:26.726000+00:00;44;1257;7;10014
2025-04-13 15:47:04.079000+00:00;31;1257;7;10014
2025-04-13 15:47:04.079000+00:00;44;1257;6;10014
2025-04-13 15:47:11.403000+00:00;1;1257;10;10014
2025-04-13 15:47:11.403000+00:00;7;1257;9;10014
2025-04-13 15:47:12.764000+00:00;1;1257;11;10014
2025-04-13 15:47:12.764000+00:00;22;1257;10;10014
2025-04-13 15:47:25.737000+00:00;14;1257;16;10014
2025-04-13 15:47:25.737000+00:00;27;1257;17;10014
2025-04-13 15:48:53.214000+00:00;1;1257;12;10014
2025-04-13 15:48:53.214000+00:00;55;1257;11;10014
2025-04-13 15:48:55.299000+00:00;1;1257;13;10014
2025-04-13 15:48:55.299000+00:00;87;1257;12;10014
2025-04-13 15:48:56.121000+00:00;1;1257;14;10014
2025-04-13 15:48:56.121000+00:00;23;1257;13;10014
2025-04-13 15:49:02.672000+00:00;1;1257;15;10014
2025-04-13 15:49:02.672000+00:00;6;1257;14;10014
2025-04-13 15:49:04.307000+00:00;1;1257;16;10014
2025-04-13 15:49:04.307000+00:00;14;1257;15;10014
2025-04-13 15:49:09.222000+00:00;1;1257;17;10014
2025-04-13 15:49:09.222000+00:00;18;1257;16;10014
2025-04-13 15:49:09.222000+00:00;27;1257;18;10014
2025-04-13 15:49:10.190000+00:00;1;1257;18;10014
2025-04-13 15:49:10.190000+00:00;27;1257;17;10014
2025-04-13 15:49:10.362000+00:00;1;1257;19;10014
2025-04-13 15:49:10.362000+00:00;30;1257;18;10014
2025-04-13 15:50:19.352000+00:00;10;1257;6;10014
2025-04-13 15:50:19.352000+00:00;44;1257;5;10014
2025-04-13 15:50:31.719000+00:00;7;1257;10;10014
2025-04-13 15:50:31.719000+00:00;12;1257;9;10014
2025-04-13 15:50:31.719000+00:00;22;1257;7;10014
2025-04-13 15:50:31.719000+00:00;31;1257;8;10014
2025-04-13 15:50:32.331000+00:00;7;1257;11;10014
2025-04-13 15:50:32.331000+00:00;12;1257;10;10014
2025-04-13 15:50:32.331000+00:00;31;1257;9;10014
2025-04-13 15:50:32.331000+00:00;55;1257;8;10014
2025-04-13 15:50:32.915000+00:00;7;1257;9;10014
2025-04-13 15:50:32.915000+00:00;12;1257;11;10014
2025-04-13 15:50:32.915000+00:00;31;1257;10;10014
2025-04-13 15:50:34.438000+00:00;12;1257;12;10014
2025-04-13 15:50:34.438000+00:00;31;1257;11;10014
2025-04-13 15:50:34.438000+00:00;87;1257;10;10014
2025-04-13 15:50:34.993000+00:00;12;1257;13;10014
2025-04-13 15:50:34.993000+00:00;23;1257;11;10014
2025-04-13 15:50:34.993000+00:00;31;1257;12;10014
2025-04-13 15:50:43.087000+00:00;6;1257;15;10014
2025-04-13 15:50:43.087000+00:00;12;1257;14;10014
2025-04-13 15:50:43.087000+00:00;14;1257;12;10014
2025-04-13 15:50:43.087000+00:00;31;1257;13;10014
2025-04-13 15:50:44.779000+00:00;6;1257;13;10014
2025-04-13 15:50:44.779000+00:00;12;1257;15;10014
2025-04-13 15:50:44.779000+00:00;31;1257;14;10014
2025-04-13 15:50:49.986000+00:00;1;1257;17;10014
2025-04-13 15:50:49.986000+00:00;27;1257;18;10014
2025-04-13 15:50:49.986000+00:00;30;1257;19;10014
2025-04-13 15:50:50.734000+00:00;27;1257;19;10014
2025-04-13 15:50:50.734000+00:00;30;1257;18;10014
2025-04-13 15:50:54.488000+00:00;5;1257;19;10014
2025-04-13 15:50:54.488000+00:00;27;1257;20;10014
2025-04-13 15:52:10.331000+00:00;10;1257;7;10014
2025-04-13 15:52:10.331000+00:00;22;1257;6;10014
2025-04-13 15:52:11.239000+00:00;10;1257;8;10014
2025-04-13 15:52:11.239000+00:00;55;1257;7;10014
2025-04-13 15:52:13.230000+00:00;7;1257;10;10014
2025-04-13 15:52:13.230000+00:00;10;1257;9;10014
2025-04-13 15:52:13.230000+00:00;23;1257;8;10014
2025-04-13 15:52:13.230000+00:00;87;1257;11;10014
2025-04-13 15:52:14.657000+00:00;7;1257;11;10014
2025-04-13 15:52:14.657000+00:00;10;1257;10;10014
2025-04-13 15:52:14.657000+00:00;87;1257;9;10014
2025-04-13 15:52:21.985000+00:00;7;1257;12;10014
2025-04-13 15:52:21.985000+00:00;14;1257;11;10014
2025-04-13 15:52:23.743000+00:00;6;1257;14;10014
2025-04-13 15:52:23.743000+00:00;7;1257;13;10014
2025-04-13 15:52:23.743000+00:00;31;1257;12;10014
2025-04-13 15:52:24.816000+00:00;6;1257;15;10014
2025-04-13 15:52:24.816000+00:00;7;1257;14;10014
2025-04-13 15:52:24.816000+00:00;12;1257;13;10014
2025-04-13 15:52:25.997000+00:00;1;1257;14;10014
2025-04-13 15:52:25.997000+00:00;6;1257;16;10014
2025-04-13 15:52:25.997000+00:00;7;1257;15;10014
2025-04-13 15:52:25.997000+00:00;18;1257;17;10014
2025-04-13 15:52:29.174000+00:00;6;1257;17;10014
2025-04-13 15:52:29.174000+00:00;7;1257;16;10014
2025-04-13 15:52:29.174000+00:00;18;1257;15;10014
2025-04-13 15:52:30.114000+00:00;6;1257;18;10014
2025-04-13 15:52:30.114000+00:00;7;1257;17;10014
2025-04-13 15:52:30.114000+00:00;30;1257;16;10014
2025-04-13 15:52:34.345000+00:00;5;1257;18;10014
2025-04-13 15:52:34.345000+00:00;6;1257;19;10014
2025-04-13 15:53:50.429000+00:00;22;1257;7;10014
2025-04-13 15:53:50.429000+00:00;55;1257;6;10014
2025-04-13 15:54:08.613000+00:00;7;1257;15;10014
2025-04-13 15:54:08.613000+00:00;18;1257;16;10014
2025-04-13 15:54:08.613000+00:00;30;1257;17;10014
2025-04-13 15:55:38.324000+00:00;14;1257;12;10014
2025-04-13 15:55:38.324000+00:00;31;1257;11;10014
2025-04-13 15:55:39.019000+00:00;12;1257;12;10014
2025-04-13 15:55:39.019000+00:00;14;1257;13;10014
2025-04-13 15:57:37.444000+00:00;10;1257;8;10014
2025-04-13 15:57:37.444000+00:00;23;1257;9;10014
2025-04-13 15:57:37.444000+00:00;87;1257;10;10014
2025-04-13 15:57:45.059000+00:00;1;1257;13;10014
2025-04-13 15:57:45.059000+00:00;14;1257;14;10014
2025-04-13 15:57:58.568000+00:00;18;1257;17;10014
2025-04-13 15:57:58.568000+00:00;30;1257;16;10014
2025-04-13 15:59:48.303000+00:00;10;1257;6;10014
2025-04-13 15:59:48.303000+00:00;22;1257;8;10014
2025-04-13 15:59:48.303000+00:00;55;1257;7;10014
2025-04-13 15:59:55.956000+00:00;22;1257;9;10014
2025-04-13 15:59:55.956000+00:00;23;1257;10;10014
2025-04-13 15:59:55.956000+00:00;31;1257;7;10014
2025-04-13 15:59:55.956000+00:00;55;1257;8;10014
2025-04-13 15:59:55.956000+00:00;87;1257;11;10014
2025-04-13 15:59:57.566000+00:00;1;1257;8;10014
2025-04-13 15:59:57.566000+00:00;12;1257;13;10014
2025-04-13 15:59:57.566000+00:00;22;1257;10;10014
2025-04-13 15:59:57.566000+00:00;23;1257;11;10014
2025-04-13 15:59:57.566000+00:00;55;1257;9;10014
2025-04-13 15:59:57.566000+00:00;87;1257;12;10014
2025-04-13 16:00:05.062000+00:00;7;1257;9;10014
2025-04-13 16:00:05.062000+00:00;12;1257;14;10014
2025-04-13 16:00:05.062000+00:00;14;1257;15;10014
2025-04-13 16:00:05.062000+00:00;22;1257;11;10014
2025-04-13 16:00:05.062000+00:00;23;1257;12;10014
2025-04-13 16:00:05.062000+00:00;55;1257;10;10014
2025-04-13 16:00:05.062000+00:00;87;1257;13;10014
2025-04-13 16:00:09.897000+00:00;23;1257;13;10014
2025-04-13 16:00:09.897000+00:00;87;1257;12;10014
2025-04-13 16:00:22.168000+00:00;5;1257;19;10014
2025-04-13 16:00:22.168000+00:00;6;1257;16;10014
2025-04-13 16:00:22.168000+00:00;18;1257;18;10014
2025-04-13 16:00:22.168000+00:00;30;1257;17;10014
2025-04-13 16:00:26.927000+00:00;5;1257;20;10014
2025-04-13 16:00:26.927000+00:00;18;1257;19;10014
2025-04-13 16:00:26.927000+00:00;27;1257;17;10014
2025-04-13 16:00:26.927000+00:00;30;1257;18;10014
2025-04-13 16:05:57.022000+00:00;22;1257;10;10014
2025-04-13 16:05:57.022000+00:00;55;1257;11;10014
2025-04-13 16:05:57.158000+00:00;55;1257;12;10014
2025-04-13 16:05:57.158000+00:00;87;1257;11;10014
2025-04-13 16:05:58.016000+00:00;23;1257;12;10014
2025-04-13 16:05:58.016000+00:00;55;1257;13;10014
2025-04-13 16:05:59.908000+00:00;6;1257;17;10014
2025-04-13 16:05:59.908000+00:00;14;1257;16;10014
2025-04-13 16:05:59.908000+00:00;27;1257;15;10014
2025-04-13 16:06:00.315000+00:00;6;1257;18;10014
2025-04-13 16:06:00.315000+00:00;14;1257;17;10014
2025-04-13 16:06:00.315000+00:00;30;1257;16;10014
2025-04-13 16:06:01.025000+00:00;6;1257;17;10014
2025-04-13 16:06:01.025000+00:00;14;1257;18;10014
2025-04-13 16:07:27.621000+00:00;16;1257;2;10014
2025-04-13 16:07:27.621000+00:00;63;1257;3;10014
2025-04-13 16:07:29.489000+00:00;4;1257;5;10014
2025-04-13 16:07:29.489000+00:00;44;1257;3;10014
2025-04-13 16:07:29.489000+00:00;63;1257;4;10014
2025-04-13 16:07:29.689000+00:00;4;1257;4;10014
2025-04-13 16:07:29.689000+00:00;63;1257;5;10014
2025-04-13 16:07:31.083000+00:00;10;1257;5;10014
2025-04-13 16:07:31.083000+00:00;63;1257;6;10014
2025-04-13 16:07:32.430000+00:00;31;1257;6;10014
2025-04-13 16:07:32.430000+00:00;63;1257;7;10014
2025-04-13 16:07:33.130000+00:00;1;1257;7;10014
2025-04-13 16:07:33.130000+00:00;63;1257;8;10014
2025-04-13 16:07:33.826000+00:00;7;1257;8;10014
2025-04-13 16:07:33.826000+00:00;63;1257;9;10014
2025-04-13 16:07:34.245000+00:00;22;1257;9;10014
2025-04-13 16:07:34.245000+00:00;63;1257;10;10014
2025-04-13 16:07:34.853000+00:00;63;1257;11;10014
2025-04-13 16:07:34.853000+00:00;87;1257;10;10014
2025-04-13 16:07:35.720000+00:00;23;1257;11;10014
2025-04-13 16:07:35.720000+00:00;63;1257;12;10014
2025-04-13 16:07:36.922000+00:00;55;1257;12;10014
2025-04-13 16:07:36.922000+00:00;63;1257;13;10014
2025-04-13 16:07:37.134000+00:00;12;1257;13;10014
2025-04-13 16:07:37.134000+00:00;63;1257;14;10014
2025-04-13 16:07:37.911000+00:00;27;1257;14;10014
2025-04-13 16:07:37.911000+00:00;63;1257;15;10014
2025-04-13 16:07:38.573000+00:00;30;1257;15;10014
2025-04-13 16:07:38.573000+00:00;63;1257;16;10014
2025-04-13 16:07:39.479000+00:00;6;1257;16;10014
2025-04-13 16:07:39.479000+00:00;63;1257;17;10014
2025-04-13 16:07:40.150000+00:00;14;1257;17;10014
2025-04-13 16:07:40.150000+00:00;63;1257;18;10014
2025-04-13 16:07:40.773000+00:00;18;1257;18;10014
2025-04-13 16:07:40.773000+00:00;63;1257;19;10014
2025-04-13 16:07:41.347000+00:00;5;1257;19;10014
2025-04-13 16:07:41.347000+00:00;63;1257;20;10014
2025-04-13 16:08:36.128000+00:00;1;1257;8;10014
2025-04-13 16:08:36.128000+00:00;4;1257;5;10014
2025-04-13 16:08:36.128000+00:00;5;1257;20;10014
2025-04-13 16:08:36.128000+00:00;6;1257;17;10014
2025-04-13 16:08:36.128000+00:00;7;1257;9;10014
2025-04-13 16:08:36.128000+00:00;10;1257;6;10014
2025-04-13 16:08:36.128000+00:00;12;1257;14;10014
2025-04-13 16:08:36.128000+00:00;14;1257;18;10014
2025-04-13 16:08:36.128000+00:00;16;1257;3;10014
2025-04-13 16:08:36.128000+00:00;18;1257;19;10014
2025-04-13 16:08:36.128000+00:00;22;1257;10;10014
2025-04-13 16:08:36.128000+00:00;23;1257;12;10014
2025-04-13 16:08:36.128000+00:00;27;1257;15;10014
2025-04-13 16:08:36.128000+00:00;30;1257;16;10014
2025-04-13 16:08:36.128000+00:00;31;1257;7;10014
2025-04-13 16:08:36.128000+00:00;44;1257;4;10014
2025-04-13 16:08:36.128000+00:00;55;1257;13;10014
2025-04-13 16:08:36.128000+00:00;63;1257;2;10014
2025-04-13 16:08:36.128000+00:00;87;1257;11;10014
2025-04-13 16:09:05.405000+00:00;4;1257;4;10014
2025-04-13 16:09:05.405000+00:00;44;1257;5;10014
2025-04-13 16:09:09.220000+00:00;1;1257;7;10014
2025-04-13 16:09:09.220000+00:00;31;1257;8;10014
2025-04-13 16:09:13.922000+00:00;12;1257;13;10014
2025-04-13 16:09:13.922000+00:00;55;1257;14;10014
2025-04-13 16:10:51.516000+00:00;12;1257;12;10014
2025-04-13 16:10:51.516000+00:00;23;1257;13;10014
2025-04-13 16:14:10.941000+00:00;27;1257;16;10014
2025-04-13 16:14:10.941000+00:00;30;1257;15;10014
2025-04-13 16:15:29.048000+00:00;16;1257;2;10014
2025-04-13 16:15:29.048000+00:00;63;1257;3;10014
2025-04-13 16:15:29.700000+00:00;16;1257;3;10014
2025-04-13 16:15:29.700000+00:00;63;1257;2;10014
2025-04-13 16:15:48.344000+00:00;30;1257;14;10014
2025-04-13 16:15:48.344000+00:00;55;1257;15;10014
2025-04-13 16:17:05.589000+00:00;16;1257;2;10014
2025-04-13 16:17:05.589000+00:00;63;1257;3;10014
2025-04-13 16:17:06.303000+00:00;4;1257;3;10014
2025-04-13 16:17:06.303000+00:00;63;1257;4;10014
2025-04-13 16:17:07.456000+00:00;4;1257;4;10014
2025-04-13 16:17:07.456000+00:00;16;1257;3;10014
2025-04-13 16:17:07.456000+00:00;63;1257;2;10014
2025-04-13 16:17:28.080000+00:00;27;1257;15;10014
2025-04-13 16:17:28.080000+00:00;55;1257;16;10014
2025-04-13 16:19:07.971000+00:00;6;1257;16;10014
2025-04-13 16:19:07.971000+00:00;55;1257;17;10014
2025-04-13 16:19:09.135000+00:00;14;1257;17;10014
2025-04-13 16:19:09.135000+00:00;55;1257;18;10014
2025-04-13 16:19:11.687000+00:00;18;1257;18;10014
2025-04-13 16:19:11.687000+00:00;55;1257;19;10014
2025-04-13 16:19:12.449000+00:00;5;1257;19;10014
2025-04-13 16:19:12.449000+00:00;55;1257;20;10014
2025-04-13 16:20:35.641000+00:00;7;1257;10;10014
2025-04-13 16:20:35.641000+00:00;22;1257;9;10014
2025-04-13 16:22:14.431000+00:00;7;1257;11;10014
2025-04-13 16:22:14.431000+00:00;87;1257;10;10014
2025-04-13 16:22:15.194000+00:00;7;1257;12;10014
2025-04-13 16:22:15.194000+00:00;12;1257;11;10014
2025-04-13 16:23:32.752000+00:00;16;1257;2;10014
2025-04-13 16:23:32.752000+00:00;63;1257;3;10014
2025-04-13 16:23:33.270000+00:00;4;1257;3;10014
2025-04-13 16:23:33.270000+00:00;63;1257;4;10014
2025-04-13 16:23:33.788000+00:00;4;1257;4;10014
2025-04-13 16:23:33.788000+00:00;16;1257;3;10014
2025-04-13 16:23:33.788000+00:00;63;1257;2;10014
2025-04-13 16:23:53.596000+00:00;7;1257;13;10014
2025-04-13 16:23:53.596000+00:00;23;1257;12;10014
2025-04-13 16:28:49.988000+00:00;7;1257;14;10014
2025-04-13 16:28:49.988000+00:00;30;1257;13;10014
2025-04-13 16:31:38.267000+00:00;4;1257;2;10014
2025-04-13 16:31:38.267000+00:00;16;1257;4;10014
2025-04-13 16:31:38.267000+00:00;63;1257;3;10014
2025-04-13 16:31:38.559000+00:00;4;1257;3;10014
2025-04-13 16:31:38.559000+00:00;63;1257;2;10014
2025-04-13 16:34:52.018000+00:00;4;1257;2;10014
2025-04-13 16:34:52.018000+00:00;63;1257;3;10014
2025-04-13 16:34:52.355000+00:00;4;1257;3;10014
2025-04-13 16:34:52.355000+00:00;63;1257;2;10014
2025-04-13 16:40:03.452000+00:00;1;1257;6;10014
2025-04-13 16:40:03.452000+00:00;10;1257;7;10014
2025-04-13 16:40:21.796000+00:00;7;1257;13;10014
2025-04-13 16:40:21.796000+00:00;30;1257;14;10014
2025-04-13 16:40:22.349000+00:00;27;1257;14;10014
2025-04-13 16:40:22.349000+00:00;30;1257;15;10014
2025-04-13 16:40:25.308000+00:00;6;1257;15;10014
2025-04-13 16:40:25.308000+00:00;30;1257;16;10014
2025-04-13 16:40:29.290000+00:00;14;1257;16;10014
2025-04-13 16:40:29.290000+00:00;30;1257;17;10014
2025-04-13 16:43:16.029000+00:00;6;1257;14;10014
2025-04-13 16:43:16.029000+00:00;7;1257;15;10014
2025-04-13 16:43:16.029000+00:00;27;1257;13;10014
2025-04-18 13:16:59.918000+00:00;1;1258;1;10015
2025-04-18 13:16:59.918000+00:00;4;1258;2;10015
2025-04-18 13:16:59.918000+00:00;5;1258;3;10015
2025-04-18 13:16:59.918000+00:00;6;1258;4;10015
2025-04-18 13:16:59.918000+00:00;7;1258;5;10015
2025-04-18 13:16:59.918000+00:00;10;1258;6;10015
2025-04-18 13:16:59.918000+00:00;12;1258;7;10015
2025-04-18 13:16:59.918000+00:00;14;1258;8;10015
2025-04-18 13:16:59.918000+00:00;16;1258;9;10015
2025-04-18 13:16:59.918000+00:00;18;1258;10;10015
2025-04-18 13:16:59.918000+00:00;22;1258;11;10015
2025-04-18 13:16:59.918000+00:00;23;1258;12;10015
2025-04-18 13:16:59.918000+00:00;27;1258;13;10015
2025-04-18 13:16:59.918000+00:00;30;1258;14;10015
2025-04-18 13:16:59.918000+00:00;31;1258;15;10015
2025-04-18 13:16:59.918000+00:00;44;1258;16;10015
2025-04-18 13:16:59.918000+00:00;55;1258;17;10015
2025-04-18 13:16:59.918000+00:00;63;1258;18;10015
2025-04-18 13:16:59.918000+00:00;81;1258;19;10015
2025-04-18 13:16:59.918000+00:00;87;1258;20;10015
2025-04-18 13:30:04.063000+00:00;1;1258;2;10015
2025-04-18 13:30:04.063000+00:00;4;1258;1;10015
2025-04-18 13:30:04.438000+00:00;1;1258;3;10015
2025-04-18 13:30:04.438000+00:00;5;1258;4;10015
2025-04-18 13:30:04.438000+00:00;6;1258;5;10015
2025-04-18 13:30:04.438000+00:00;7;1258;6;10015
2025-04-18 13:30:04.438000+00:00;10;1258;7;10015
2025-04-18 13:30:04.438000+00:00;12;1258;8;10015
2025-04-18 13:30:04.438000+00:00;14;1258;9;10015
2025-04-18 13:30:04.438000+00:00;16;1258;10;10015
2025-04-18 13:30:04.438000+00:00;18;1258;11;10015
2025-04-18 13:30:04.438000+00:00;22;1258;12;10015
2025-04-18 13:30:04.438000+00:00;23;1258;13;10015
2025-04-18 13:30:04.438000+00:00;27;1258;14;10015
2025-04-18 13:30:04.438000+00:00;30;1258;15;10015
2025-04-18 13:30:04.438000+00:00;31;1258;2;10015
2025-04-18 13:30:07.891000+00:00;1;1258;4;10015
2025-04-18 13:30:07.891000+00:00;5;1258;5;10015
2025-04-18 13:30:07.891000+00:00;6;1258;6;10015
2025-04-18 13:30:07.891000+00:00;7;1258;7;10015
2025-04-18 13:30:07.891000+00:00;10;1258;8;10015
2025-04-18 13:30:07.891000+00:00;12;1258;3;10015
2025-04-18 13:30:08.172000+00:00;1;1258;5;10015
2025-04-18 13:30:08.172000+00:00;5;1258;6;10015
2025-04-18 13:30:08.172000+00:00;6;1258;7;10015
2025-04-18 13:30:08.172000+00:00;7;1258;8;10015
2025-04-18 13:30:08.172000+00:00;10;1258;9;10015
2025-04-18 13:30:08.172000+00:00;14;1258;10;10015
2025-04-18 13:30:08.172000+00:00;16;1258;11;10015
2025-04-18 13:30:08.172000+00:00;18;1258;12;10015
2025-04-18 13:30:08.172000+00:00;22;1258;13;10015
2025-04-18 13:30:08.172000+00:00;23;1258;4;10015
2025-04-18 13:30:19.954000+00:00;1;1258;6;10015
2025-04-18 13:30:19.954000+00:00;5;1258;7;10015
2025-04-18 13:30:19.954000+00:00;6;1258;8;10015
2025-04-18 13:30:19.954000+00:00;7;1258;9;10015
2025-04-18 13:30:19.954000+00:00;10;1258;10;10015
2025-04-18 13:30:19.954000+00:00;14;1258;11;10015
2025-04-18 13:30:19.954000+00:00;16;1258;12;10015
2025-04-18 13:30:19.954000+00:00;18;1258;13;10015
2025-04-18 13:30:19.954000+00:00;22;1258;14;10015
2025-04-18 13:30:19.954000+00:00;27;1258;15;10015
2025-04-18 13:30:19.954000+00:00;30;1258;16;10015
2025-04-18 13:30:19.954000+00:00;44;1258;17;10015
2025-04-18 13:30:19.954000+00:00;55;1258;5;10015
2025-04-18 13:30:27.813000+00:00;1;1258;7;10015
2025-04-18 13:30:27.813000+00:00;5;1258;8;10015
2025-04-18 13:30:27.813000+00:00;6;1258;9;10015
2025-04-18 13:30:27.813000+00:00;7;1258;10;10015
2025-04-18 13:30:27.813000+00:00;10;1258;11;10015
2025-04-18 13:30:27.813000+00:00;14;1258;12;10015
2025-04-18 13:30:27.813000+00:00;16;1258;13;10015
2025-04-18 13:30:27.813000+00:00;18;1258;14;10015
2025-04-18 13:30:27.813000+00:00;22;1258;15;10015
2025-04-18 13:30:27.813000+00:00;27;1258;16;10015
2025-04-18 13:30:27.813000+00:00;30;1258;6;10015
2025-04-18 13:30:29.673000+00:00;1;1258;8;10015
2025-04-18 13:30:29.673000+00:00;5;1258;9;10015
2025-04-18 13:30:29.673000+00:00;6;1258;10;10015
2025-04-18 13:30:29.673000+00:00;7;1258;11;10015
2025-04-18 13:30:29.673000+00:00;10;1258;12;10015
2025-04-18 13:30:29.673000+00:00;14;1258;13;10015
2025-04-18 13:30:29.673000+00:00;16;1258;14;10015
2025-04-18 13:30:29.673000+00:00;18;1258;15;10015
2025-04-18 13:30:29.673000+00:00;22;1258;16;10015
2025-04-18 13:30:29.673000+00:00;27;1258;17;10015
2025-04-18 13:30:29.673000+00:00;44;1258;18;10015
2025-04-18 13:30:29.673000+00:00;63;1258;19;10015
2025-04-18 13:30:29.673000+00:00;81;1258;20;10015
2025-04-18 13:30:29.673000+00:00;87;1258;7;10015
2025-04-18 13:30:35.813000+00:00;5;1258;10;10015
2025-04-18 13:30:35.813000+00:00;6;1258;11;10015
2025-04-18 13:30:35.813000+00:00;7;1258;12;10015
2025-04-18 13:30:35.813000+00:00;10;1258;13;10015
2025-04-18 13:30:35.813000+00:00;14;1258;14;10015
2025-04-18 13:30:35.813000+00:00;16;1258;9;10015
2025-04-18 13:30:37.345000+00:00;5;1258;11;10015
2025-04-18 13:30:37.345000+00:00;6;1258;12;10015
2025-04-18 13:30:37.345000+00:00;7;1258;13;10015
2025-04-18 13:30:37.345000+00:00;10;1258;14;10015
2025-04-18 13:30:37.345000+00:00;14;1258;15;10015
2025-04-18 13:30:37.345000+00:00;18;1258;16;10015
2025-04-18 13:30:37.345000+00:00;22;1258;17;10015
2025-04-18 13:30:37.345000+00:00;27;1258;18;10015
2025-04-18 13:30:37.345000+00:00;44;1258;10;10015
2025-04-18 13:30:39.735000+00:00;5;1258;12;10015
2025-04-18 13:30:39.735000+00:00;6;1258;13;10015
2025-04-18 13:30:39.735000+00:00;7;1258;14;10015
2025-04-18 13:30:39.735000+00:00;10;1258;15;10015
2025-04-18 13:30:39.735000+00:00;14;1258;16;10015
2025-04-18 13:30:39.735000+00:00;18;1258;17;10015
2025-04-18 13:30:39.735000+00:00;22;1258;11;10015
2025-04-18 13:30:58.673000+00:00;6;1258;14;10015
2025-04-18 13:30:58.673000+00:00;7;1258;15;10015
2025-04-18 13:30:58.673000+00:00;10;1258;13;10015
2025-04-18 13:31:02.001000+00:00;6;1258;15;10015
2025-04-18 13:31:02.001000+00:00;7;1258;16;10015
2025-04-18 13:31:02.001000+00:00;14;1258;17;10015
2025-04-18 13:31:02.001000+00:00;18;1258;18;10015
2025-04-18 13:31:02.001000+00:00;27;1258;19;10015
2025-04-18 13:31:02.001000+00:00;63;1258;20;10015
2025-04-18 13:31:02.001000+00:00;81;1258;14;10015
2025-04-18 13:31:12.329000+00:00;6;1258;16;10015
2025-04-18 13:31:12.329000+00:00;7;1258;17;10015
2025-04-18 13:31:12.329000+00:00;14;1258;15;10015
2025-04-18 13:31:58.502000+00:00;18;1258;19;10015
2025-04-18 13:31:58.502000+00:00;27;1258;18;10015
2025-04-18 13:32:12.846000+00:00;18;1258;20;10015
2025-04-18 13:32:12.846000+00:00;63;1258;19;10015
2025-04-18 13:33:59.088000+00:00;4;1258;2;10015
2025-04-18 13:33:59.088000+00:00;12;1258;4;10015
2025-04-18 13:33:59.088000+00:00;23;1258;5;10015
2025-04-18 13:33:59.088000+00:00;31;1258;3;10015
2025-04-18 13:33:59.088000+00:00;55;1258;1;10015
2025-04-18 13:34:00.971000+00:00;4;1258;1;10015
2025-04-18 13:34:00.971000+00:00;55;1258;2;10015
2025-04-18 13:34:06.518000+00:00;12;1258;5;10015
2025-04-18 13:34:06.518000+00:00;23;1258;6;10015
2025-04-18 13:34:06.518000+00:00;30;1258;7;10015
2025-04-18 13:34:06.518000+00:00;31;1258;4;10015
2025-04-18 13:34:06.518000+00:00;55;1258;3;10015
2025-04-18 13:34:06.518000+00:00;87;1258;2;10015
2025-04-18 13:34:17.534000+00:00;12;1258;6;10015
2025-04-18 13:34:17.534000+00:00;23;1258;7;10015
2025-04-18 13:34:17.534000+00:00;30;1258;3;10015
2025-04-18 13:34:17.534000+00:00;31;1258;5;10015
2025-04-18 13:34:17.534000+00:00;55;1258;4;10015
2025-04-18 13:34:23.378000+00:00;1;1258;1;10015
2025-04-18 13:34:23.378000+00:00;4;1258;2;10015
2025-04-18 13:34:23.378000+00:00;12;1258;7;10015
2025-04-18 13:34:23.378000+00:00;23;1258;8;10015
2025-04-18 13:34:23.378000+00:00;30;1258;4;10015
2025-04-18 13:34:23.378000+00:00;31;1258;6;10015
2025-04-18 13:34:23.378000+00:00;55;1258;5;10015
2025-04-18 13:34:23.378000+00:00;87;1258;3;10015
2025-04-18 13:34:31.909000+00:00;12;1258;4;10015
2025-04-18 13:34:31.909000+00:00;30;1258;5;10015
2025-04-18 13:34:31.909000+00:00;31;1258;7;10015
2025-04-18 13:34:31.909000+00:00;55;1258;6;10015
2025-04-18 13:34:44.487000+00:00;16;1258;6;10015
2025-04-18 13:34:44.487000+00:00;23;1258;9;10015
2025-04-18 13:34:44.487000+00:00;31;1258;8;10015
2025-04-18 13:34:44.487000+00:00;55;1258;7;10015
2025-04-18 13:34:45.800000+00:00;5;1258;13;10015
2025-04-18 13:34:45.800000+00:00;10;1258;3;10015
2025-04-18 13:34:45.800000+00:00;12;1258;5;10015
2025-04-18 13:34:45.800000+00:00;16;1258;7;10015
2025-04-18 13:34:45.800000+00:00;22;1258;12;10015
2025-04-18 13:34:45.800000+00:00;23;1258;10;10015
2025-04-18 13:34:45.800000+00:00;30;1258;6;10015
2025-04-18 13:34:45.800000+00:00;31;1258;9;10015
2025-04-18 13:34:45.800000+00:00;44;1258;11;10015
2025-04-18 13:34:45.800000+00:00;55;1258;8;10015
2025-04-18 13:34:45.800000+00:00;87;1258;4;10015
2025-04-18 13:34:50.159000+00:00;16;1258;8;10015
2025-04-18 13:34:50.159000+00:00;23;1258;11;10015
2025-04-18 13:34:50.159000+00:00;30;1258;7;10015
2025-04-18 13:34:50.159000+00:00;31;1258;10;10015
2025-04-18 13:34:50.159000+00:00;44;1258;6;10015
2025-04-18 13:34:50.159000+00:00;55;1258;9;10015
2025-04-18 13:35:00.769000+00:00;5;1258;9;10015
2025-04-18 13:35:00.769000+00:00;22;1258;13;10015
2025-04-18 13:35:00.769000+00:00;23;1258;12;10015
2025-04-18 13:35:00.769000+00:00;31;1258;11;10015
2025-04-18 13:35:00.769000+00:00;55;1258;10;10015
2025-04-18 13:35:05.550000+00:00;1;1258;2;10015
2025-04-18 13:35:05.550000+00:00;4;1258;3;10015
2025-04-18 13:35:05.550000+00:00;5;1258;10;10015
2025-04-18 13:35:05.550000+00:00;10;1258;4;10015
2025-04-18 13:35:05.550000+00:00;12;1258;6;10015
2025-04-18 13:35:05.550000+00:00;16;1258;9;10015
2025-04-18 13:35:05.550000+00:00;22;1258;14;10015
2025-04-18 13:35:05.550000+00:00;23;1258;13;10015
2025-04-18 13:35:05.550000+00:00;30;1258;8;10015
2025-04-18 13:35:05.550000+00:00;31;1258;12;10015
2025-04-18 13:35:05.550000+00:00;44;1258;7;10015
2025-04-18 13:35:05.550000+00:00;55;1258;11;10015
2025-04-18 13:35:05.550000+00:00;81;1258;1;10015
2025-04-18 13:35:05.550000+00:00;87;1258;5;10015
2025-04-18 13:35:14.017000+00:00;5;1258;11;10015
2025-04-18 13:35:14.017000+00:00;14;1258;7;10015
2025-04-18 13:35:14.017000+00:00;16;1258;10;10015
2025-04-18 13:35:14.017000+00:00;22;1258;15;10015
2025-04-18 13:35:14.017000+00:00;23;1258;14;10015
2025-04-18 13:35:14.017000+00:00;30;1258;9;10015
2025-04-18 13:35:14.017000+00:00;31;1258;13;10015
2025-04-18 13:35:14.017000+00:00;44;1258;8;10015
2025-04-18 13:35:14.017000+00:00;55;1258;12;10015
2025-04-18 13:35:18.485000+00:00;22;1258;13;10015
2025-04-18 13:35:18.485000+00:00;23;1258;15;10015
2025-04-18 13:35:18.485000+00:00;31;1258;14;10015
2025-04-18 13:35:31.079000+00:00;5;1258;12;10015
2025-04-18 13:35:31.079000+00:00;10;1258;5;10015
2025-04-18 13:35:31.079000+00:00;12;1258;7;10015
2025-04-18 13:35:31.079000+00:00;14;1258;8;10015
2025-04-18 13:35:31.079000+00:00;16;1258;11;10015
2025-04-18 13:35:31.079000+00:00;30;1258;10;10015
2025-04-18 13:35:31.079000+00:00;44;1258;9;10015
2025-04-18 13:35:31.079000+00:00;55;1258;4;10015
2025-04-18 13:35:31.079000+00:00;87;1258;6;10015
2025-04-18 13:35:39.251000+00:00;5;1258;13;10015
2025-04-18 13:35:39.251000+00:00;6;1258;10;10015
2025-04-18 13:35:39.251000+00:00;16;1258;12;10015
2025-04-18 13:35:39.251000+00:00;22;1258;14;10015
2025-04-18 13:35:39.251000+00:00;23;1258;16;10015
2025-04-18 13:35:39.251000+00:00;30;1258;11;10015
2025-04-18 13:35:39.251000+00:00;31;1258;15;10015
2025-04-18 13:35:40.704000+00:00;4;1258;4;10015
2025-04-18 13:35:40.704000+00:00;5;1258;14;10015
2025-04-18 13:35:40.704000+00:00;6;1258;11;10015
2025-04-18 13:35:40.704000+00:00;7;1258;18;10015
2025-04-18 13:35:40.704000+00:00;10;1258;6;10015
2025-04-18 13:35:40.704000+00:00;12;1258;8;10015
2025-04-18 13:35:40.704000+00:00;14;1258;9;10015
2025-04-18 13:35:40.704000+00:00;16;1258;13;10015
2025-04-18 13:35:40.704000+00:00;22;1258;15;10015
2025-04-18 13:35:40.704000+00:00;23;1258;17;10015
2025-04-18 13:35:40.704000+00:00;27;1258;19;10015
2025-04-18 13:35:40.704000+00:00;30;1258;12;10015
2025-04-18 13:35:40.704000+00:00;31;1258;16;10015
2025-04-18 13:35:40.704000+00:00;44;1258;10;10015
2025-04-18 13:35:40.704000+00:00;55;1258;5;10015
2025-04-18 13:35:40.704000+00:00;63;1258;3;10015
2025-04-18 13:35:40.704000+00:00;87;1258;7;10015
2025-04-18 13:35:47.439000+00:00;5;1258;15;10015
2025-04-18 13:35:47.439000+00:00;7;1258;19;10015
2025-04-18 13:35:47.439000+00:00;16;1258;14;10015
2025-04-18 13:35:47.439000+00:00;22;1258;16;10015
2025-04-18 13:35:47.439000+00:00;23;1258;18;10015
2025-04-18 13:35:47.439000+00:00;27;1258;12;10015
2025-04-18 13:35:47.439000+00:00;30;1258;13;10015
2025-04-18 13:35:47.439000+00:00;31;1258;17;10015
2025-04-18 13:35:53.564000+00:00;5;1258;16;10015
2025-04-18 13:35:53.564000+00:00;6;1258;12;10015
2025-04-18 13:35:53.564000+00:00;7;1258;20;10015
2025-04-18 13:35:53.564000+00:00;12;1258;9;10015
2025-04-18 13:35:53.564000+00:00;14;1258;10;10015
2025-04-18 13:35:53.564000+00:00;16;1258;15;10015
2025-04-18 13:35:53.564000+00:00;18;1258;7;10015
2025-04-18 13:35:53.564000+00:00;22;1258;17;10015
2025-04-18 13:35:53.564000+00:00;23;1258;19;10015
2025-04-18 13:35:53.564000+00:00;27;1258;13;10015
2025-04-18 13:35:53.564000+00:00;30;1258;14;10015
2025-04-18 13:35:53.564000+00:00;31;1258;18;10015
2025-04-18 13:35:53.564000+00:00;44;1258;11;10015
2025-04-18 13:35:53.564000+00:00;87;1258;8;10015
2025-04-18 13:36:08.524000+00:00;7;1258;18;10015
2025-04-18 13:36:08.524000+00:00;23;1258;20;10015
2025-04-18 13:36:08.524000+00:00;31;1258;19;10015
2025-04-18 13:36:18.734000+00:00;16;1258;14;10015
2025-04-18 13:36:18.734000+00:00;30;1258;15;10015
2025-04-18 13:36:50.641000+00:00;5;1258;17;10015
2025-04-18 13:36:50.641000+00:00;6;1258;13;10015
2025-04-18 13:36:50.641000+00:00;10;1258;7;10015
2025-04-18 13:36:50.641000+00:00;12;1258;10;10015
2025-04-18 13:36:50.641000+00:00;14;1258;11;10015
2025-04-18 13:36:50.641000+00:00;16;1258;15;10015
2025-04-18 13:36:50.641000+00:00;18;1258;8;10015
2025-04-18 13:36:50.641000+00:00;22;1258;6;10015
2025-04-18 13:36:50.641000+00:00;27;1258;14;10015
2025-04-18 13:36:50.641000+00:00;30;1258;16;10015
2025-04-18 13:36:50.641000+00:00;44;1258;12;10015
2025-04-18 13:36:50.641000+00:00;87;1258;9;10015
2025-04-18 13:37:41.537000+00:00;5;1258;18;10015
2025-04-18 13:37:41.537000+00:00;6;1258;14;10015
2025-04-18 13:37:41.537000+00:00;7;1258;9;10015
2025-04-18 13:37:41.537000+00:00;12;1258;11;10015
2025-04-18 13:37:41.537000+00:00;14;1258;12;10015
2025-04-18 13:37:41.537000+00:00;16;1258;16;10015
2025-04-18 13:37:41.537000+00:00;27;1258;15;10015
2025-04-18 13:37:41.537000+00:00;30;1258;17;10015
2025-04-18 13:37:41.537000+00:00;44;1258;13;10015
2025-04-18 13:37:41.537000+00:00;87;1258;10;10015
2025-04-18 13:38:00.522000+00:00;1;1258;3;10015
2025-04-18 13:38:00.522000+00:00;4;1258;1;10015
2025-04-18 13:38:00.522000+00:00;63;1258;4;10015
2025-04-18 13:38:00.522000+00:00;81;1258;2;10015
2025-04-18 13:38:07.585000+00:00;7;1258;10;10015
2025-04-18 13:38:07.585000+00:00;10;1258;8;10015
2025-04-18 13:38:07.585000+00:00;18;1258;9;10015
2025-04-18 13:38:07.585000+00:00;22;1258;7;10015
2025-04-18 13:38:07.585000+00:00;87;1258;6;10015
2025-04-18 13:38:33.233000+00:00;1;1258;2;10015
2025-04-18 13:38:33.233000+00:00;81;1258;3;10015
2025-04-18 13:38:50.014000+00:00;10;1258;3;10015
2025-04-18 13:38:50.014000+00:00;22;1258;8;10015
2025-04-18 13:38:50.014000+00:00;55;1258;6;10015
2025-04-18 13:38:50.014000+00:00;63;1258;5;10015
2025-04-18 13:38:50.014000+00:00;81;1258;4;10015
2025-04-18 13:38:50.014000+00:00;87;1258;7;10015
2025-04-18 13:38:58.592000+00:00;5;1258;15;10015
2025-04-18 13:38:58.592000+00:00;16;1258;17;10015
2025-04-18 13:38:58.592000+00:00;27;1258;16;10015
2025-04-18 13:38:58.592000+00:00;30;1258;18;10015
2025-04-18 13:39:03.358000+00:00;7;1258;11;10015
2025-04-18 13:39:03.358000+00:00;12;1258;12;10015
2025-04-18 13:39:03.358000+00:00;14;1258;4;10015
2025-04-18 13:39:03.358000+00:00;18;1258;10;10015
2025-04-18 13:39:03.358000+00:00;22;1258;9;10015
2025-04-18 13:39:03.358000+00:00;55;1258;7;10015
2025-04-18 13:39:03.358000+00:00;63;1258;6;10015
2025-04-18 13:39:03.358000+00:00;81;1258;5;10015
2025-04-18 13:39:03.358000+00:00;87;1258;8;10015
2025-04-18 13:39:10.671000+00:00;1;1258;3;10015
2025-04-18 13:39:10.671000+00:00;10;1258;4;10015
2025-04-18 13:39:10.671000+00:00;14;1258;5;10015
2025-04-18 13:39:10.671000+00:00;81;1258;2;10015
2025-04-18 13:39:25.874000+00:00;10;1258;5;10015
2025-04-18 13:39:25.874000+00:00;14;1258;6;10015
2025-04-18 13:39:25.874000+00:00;55;1258;4;10015
2025-04-18 13:39:25.874000+00:00;63;1258;7;10015
2025-04-18 13:39:44.655000+00:00;5;1258;16;10015
2025-04-18 13:39:44.655000+00:00;6;1258;15;10015
2025-04-18 13:39:44.655000+00:00;7;1258;12;10015
2025-04-18 13:39:44.655000+00:00;12;1258;13;10015
2025-04-18 13:39:44.655000+00:00;18;1258;11;10015
2025-04-18 13:39:44.655000+00:00;22;1258;10;10015
2025-04-18 13:39:44.655000+00:00;27;1258;9;10015
2025-04-18 13:39:44.655000+00:00;44;1258;14;10015
2025-04-18 13:39:50.907000+00:00;6;1258;7;10015
2025-04-18 13:39:50.907000+00:00;7;1258;13;10015
2025-04-18 13:39:50.907000+00:00;12;1258;14;10015
2025-04-18 13:39:50.907000+00:00;18;1258;12;10015
2025-04-18 13:39:50.907000+00:00;22;1258;11;10015
2025-04-18 13:39:50.907000+00:00;27;1258;10;10015
2025-04-18 13:39:50.907000+00:00;44;1258;15;10015
2025-04-18 13:39:50.907000+00:00;63;1258;8;10015
2025-04-18 13:39:50.907000+00:00;87;1258;9;10015
2025-04-18 13:40:00.169000+00:00;18;1258;10;10015
2025-04-18 13:40:00.169000+00:00;22;1258;12;10015
2025-04-18 13:40:00.169000+00:00;27;1258;11;10015
2025-04-18 13:40:09.763000+00:00;1;1258;4;10015
2025-04-18 13:40:09.763000+00:00;4;1258;2;10015
2025-04-18 13:40:09.763000+00:00;6;1258;8;10015
2025-04-18 13:40:09.763000+00:00;10;1258;6;10015
2025-04-18 13:40:09.763000+00:00;14;1258;7;10015
2025-04-18 13:40:09.763000+00:00;55;1258;5;10015
2025-04-18 13:40:09.763000+00:00;63;1258;1;10015
2025-04-18 13:40:09.763000+00:00;81;1258;3;10015
2025-04-18 13:40:40.841000+00:00;5;1258;17;10015
2025-04-18 13:40:40.841000+00:00;7;1258;14;10015
2025-04-18 13:40:40.841000+00:00;12;1258;15;10015
2025-04-18 13:40:40.841000+00:00;16;1258;18;10015
2025-04-18 13:40:40.841000+00:00;30;1258;13;10015
2025-04-18 13:40:40.841000+00:00;44;1258;16;10015
2025-04-18 13:40:47.732000+00:00;5;1258;18;10015
2025-04-18 13:40:47.732000+00:00;6;1258;9;10015
2025-04-18 13:40:47.732000+00:00;7;1258;15;10015
2025-04-18 13:40:47.732000+00:00;10;1258;7;10015
2025-04-18 13:40:47.732000+00:00;12;1258;16;10015
2025-04-18 13:40:47.732000+00:00;14;1258;8;10015
2025-04-18 13:40:47.732000+00:00;16;1258;6;10015
2025-04-18 13:40:47.732000+00:00;18;1258;11;10015
2025-04-18 13:40:47.732000+00:00;22;1258;13;10015
2025-04-18 13:40:47.732000+00:00;27;1258;12;10015
2025-04-18 13:40:47.732000+00:00;30;1258;14;10015
2025-04-18 13:40:47.732000+00:00;44;1258;17;10015
2025-04-18 13:40:47.732000+00:00;87;1258;10;10015
2025-04-18 13:40:54.779000+00:00;6;1258;10;10015
2025-04-18 13:40:54.779000+00:00;7;1258;16;10015
2025-04-18 13:40:54.779000+00:00;12;1258;8;10015
2025-04-18 13:40:54.779000+00:00;14;1258;9;10015
2025-04-18 13:40:54.779000+00:00;18;1258;12;10015
2025-04-18 13:40:54.779000+00:00;22;1258;14;10015
2025-04-18 13:40:54.779000+00:00;27;1258;13;10015
2025-04-18 13:40:54.779000+00:00;30;1258;15;10015
2025-04-18 13:40:54.779000+00:00;87;1258;11;10015
2025-04-18 13:41:00.138000+00:00;7;1258;17;10015
2025-04-18 13:41:00.138000+00:00;18;1258;13;10015
2025-04-18 13:41:00.138000+00:00;22;1258;15;10015
2025-04-18 13:41:00.138000+00:00;27;1258;14;10015
2025-04-18 13:41:00.138000+00:00;30;1258;16;10015
2025-04-18 13:41:00.138000+00:00;44;1258;11;10015
2025-04-18 13:41:00.138000+00:00;87;1258;12;10015
2025-04-18 13:41:37.045000+00:00;7;1258;12;10015
2025-04-18 13:41:37.045000+00:00;18;1258;14;10015
2025-04-18 13:41:37.045000+00:00;22;1258;16;10015
2025-04-18 13:41:37.045000+00:00;27;1258;15;10015
2025-04-18 13:41:37.045000+00:00;30;1258;17;10015
2025-04-18 13:41:37.045000+00:00;87;1258;13;10015
2025-04-18 13:41:45.976000+00:00;5;1258;19;10015
2025-04-18 13:41:45.976000+00:00;18;1258;15;10015
2025-04-18 13:41:45.976000+00:00;22;1258;17;10015
2025-04-18 13:41:45.976000+00:00;23;1258;13;10015
2025-04-18 13:41:45.976000+00:00;27;1258;16;10015
2025-04-18 13:41:45.976000+00:00;30;1258;18;10015
2025-04-18 13:41:45.976000+00:00;31;1258;20;10015
2025-04-18 13:41:45.976000+00:00;87;1258;14;10015
2025-04-18 13:41:59.101000+00:00;4;1258;1;10015
2025-04-18 13:41:59.101000+00:00;63;1258;2;10015
2025-04-18 13:43:08.604000+00:00;10;1258;8;10015
2025-04-18 13:43:08.604000+00:00;12;1258;9;10015
2025-04-18 13:43:08.604000+00:00;14;1258;7;10015
2025-04-18 13:43:13.860000+00:00;63;1258;3;10015
2025-04-18 13:43:13.860000+00:00;81;1258;2;10015
2025-04-18 13:43:23.964000+00:00;1;1258;5;10015
2025-04-18 13:43:23.964000+00:00;55;1258;3;10015
2025-04-18 13:43:23.964000+00:00;63;1258;4;10015
2025-04-18 13:43:30.886000+00:00;1;1258;6;10015
2025-04-18 13:43:30.886000+00:00;6;1258;11;10015
2025-04-18 13:43:30.886000+00:00;7;1258;13;10015
2025-04-18 13:43:30.886000+00:00;10;1258;9;10015
2025-04-18 13:43:30.886000+00:00;12;1258;10;10015
2025-04-18 13:43:30.886000+00:00;14;1258;8;10015
2025-04-18 13:43:30.886000+00:00;16;1258;7;10015
2025-04-18 13:43:30.886000+00:00;18;1258;16;10015
2025-04-18 13:43:30.886000+00:00;22;1258;5;10015
2025-04-18 13:43:30.886000+00:00;23;1258;14;10015
2025-04-18 13:43:30.886000+00:00;27;1258;17;10015
2025-04-18 13:43:30.886000+00:00;44;1258;12;10015
2025-04-18 13:43:30.886000+00:00;87;1258;15;10015
2025-04-18 13:43:55.542000+00:00;18;1258;15;10015
2025-04-18 13:43:55.542000+00:00;87;1258;16;10015
2025-04-18 13:44:30.277000+00:00;4;1258;2;10015
2025-04-18 13:44:30.277000+00:00;55;1258;4;10015
2025-04-18 13:44:30.277000+00:00;63;1258;1;10015
2025-04-18 13:44:30.277000+00:00;81;1258;3;10015
2025-04-18 13:44:41.402000+00:00;5;1258;20;10015
2025-04-18 13:44:41.402000+00:00;31;1258;19;10015
2025-04-18 13:44:58.199000+00:00;6;1258;12;10015
2025-04-18 13:44:58.199000+00:00;7;1258;14;10015
2025-04-18 13:44:58.199000+00:00;18;1258;16;10015
2025-04-18 13:44:58.199000+00:00;23;1258;15;10015
2025-04-18 13:44:58.199000+00:00;27;1258;18;10015
2025-04-18 13:44:58.199000+00:00;30;1258;11;10015
2025-04-18 13:44:58.199000+00:00;44;1258;13;10015
2025-04-18 13:44:58.199000+00:00;87;1258;17;10015
2025-04-18 13:45:02.683000+00:00;1;1258;3;10015
2025-04-18 13:45:02.683000+00:00;22;1258;6;10015
2025-04-18 13:45:02.683000+00:00;55;1258;5;10015
2025-04-18 13:45:02.683000+00:00;81;1258;4;10015
2025-04-18 13:45:20.402000+00:00;10;1258;7;10015
2025-04-18 13:45:20.402000+00:00;14;1258;9;10015
2025-04-18 13:45:20.402000+00:00;16;1258;8;10015
2025-04-18 13:45:38.855000+00:00;6;1258;13;10015
2025-04-18 13:45:38.855000+00:00;12;1258;11;10015
2025-04-18 13:45:38.855000+00:00;14;1258;10;10015
2025-04-18 13:45:38.855000+00:00;30;1258;12;10015
2025-04-18 13:45:38.855000+00:00;44;1258;9;10015
2025-04-18 13:45:48.637000+00:00;6;1258;14;10015
2025-04-18 13:45:48.637000+00:00;7;1258;15;10015
2025-04-18 13:45:48.637000+00:00;10;1258;8;10015
2025-04-18 13:45:48.637000+00:00;12;1258;12;10015
2025-04-18 13:45:48.637000+00:00;14;1258;11;10015
2025-04-18 13:45:48.637000+00:00;16;1258;9;10015
2025-04-18 13:45:48.637000+00:00;23;1258;7;10015
2025-04-18 13:45:48.637000+00:00;30;1258;13;10015
2025-04-18 13:45:48.637000+00:00;44;1258;10;10015
2025-04-18 13:46:03.341000+00:00;6;1258;15;10015
2025-04-18 13:46:03.341000+00:00;7;1258;16;10015
2025-04-18 13:46:03.341000+00:00;18;1258;17;10015
2025-04-18 13:46:03.341000+00:00;27;1258;13;10015
2025-04-18 13:46:03.341000+00:00;30;1258;14;10015
2025-04-18 13:46:03.341000+00:00;87;1258;18;10015
2025-04-18 13:47:35.399000+00:00;10;1258;9;10015
2025-04-18 13:47:35.399000+00:00;12;1258;7;10015
2025-04-18 13:47:35.399000+00:00;14;1258;12;10015
2025-04-18 13:47:35.399000+00:00;16;1258;10;10015
2025-04-18 13:47:35.399000+00:00;23;1258;8;10015
2025-04-18 13:47:35.399000+00:00;44;1258;11;10015
2025-04-18 13:48:14.315000+00:00;6;1258;16;10015
2025-04-18 13:48:14.315000+00:00;7;1258;13;10015
2025-04-18 13:48:14.315000+00:00;27;1258;14;10015
2025-04-18 13:48:14.315000+00:00;30;1258;15;10015
2025-04-18 13:49:34.785000+00:00;14;1258;10;10015
2025-04-18 13:49:34.785000+00:00;16;1258;11;10015
2025-04-18 13:49:34.785000+00:00;44;1258;12;10015
2025-04-18 13:49:54.254000+00:00;10;1258;10;10015
2025-04-18 13:49:54.254000+00:00;14;1258;11;10015
2025-04-18 13:49:54.254000+00:00;16;1258;8;10015
2025-04-18 13:49:54.254000+00:00;23;1258;9;10015
2025-04-18 13:50:08.176000+00:00;12;1258;8;10015
2025-04-18 13:50:08.176000+00:00;16;1258;9;10015
2025-04-18 13:50:08.176000+00:00;22;1258;7;10015
2025-04-18 13:50:08.176000+00:00;23;1258;6;10015
2025-04-18 13:50:19.316000+00:00;22;1258;4;10015
2025-04-18 13:50:19.316000+00:00;23;1258;7;10015
2025-04-18 13:50:19.316000+00:00;55;1258;6;10015
2025-04-18 13:50:19.316000+00:00;81;1258;5;10015
2025-04-18 13:51:13.680000+00:00;27;1258;15;10015
2025-04-18 13:51:13.680000+00:00;30;1258;14;10015
2025-04-18 13:51:45.913000+00:00;10;1258;5;10015
2025-04-18 13:51:45.913000+00:00;12;1258;9;10015
2025-04-18 13:51:45.913000+00:00;16;1258;10;10015
2025-04-18 13:51:45.913000+00:00;23;1258;8;10015
2025-04-18 13:51:45.913000+00:00;55;1258;7;10015
2025-04-18 13:51:45.913000+00:00;81;1258;6;10015
2025-04-18 13:52:17.476000+00:00;31;1258;18;10015
2025-04-18 13:52:17.476000+00:00;87;1258;19;10015
2025-04-18 13:54:36.243000+00:00;7;1258;9;10015
2025-04-18 13:54:36.243000+00:00;12;1258;10;10015
2025-04-18 13:54:36.243000+00:00;14;1258;12;10015
2025-04-18 13:54:36.243000+00:00;16;1258;11;10015
2025-04-18 13:54:36.243000+00:00;44;1258;13;10015
2025-04-18 13:56:48.284000+00:00;1;1258;4;10015
2025-04-18 13:56:48.284000+00:00;4;1258;3;10015
2025-04-18 13:56:48.284000+00:00;10;1258;6;10015
2025-04-18 13:56:48.284000+00:00;22;1258;5;10015
2025-04-18 13:56:48.284000+00:00;55;1258;2;10015
2025-04-18 13:56:48.284000+00:00;81;1258;7;10015
2025-04-18 13:59:13.217000+00:00;1;1258;5;10015
2025-04-18 13:59:13.217000+00:00;4;1258;4;10015
2025-04-18 13:59:13.217000+00:00;10;1258;7;10015
2025-04-18 13:59:13.217000+00:00;22;1258;6;10015
2025-04-18 13:59:13.217000+00:00;55;1258;3;10015
2025-04-18 13:59:13.217000+00:00;81;1258;2;10015
2025-04-18 13:59:44.278000+00:00;1;1258;6;10015
2025-04-18 13:59:44.278000+00:00;4;1258;5;10015
2025-04-18 13:59:44.278000+00:00;7;1258;10;10015
2025-04-18 13:59:44.278000+00:00;10;1258;8;10015
2025-04-18 13:59:44.278000+00:00;12;1258;11;10015
2025-04-18 13:59:44.278000+00:00;14;1258;13;10015
2025-04-18 13:59:44.278000+00:00;16;1258;12;10015
2025-04-18 13:59:44.278000+00:00;22;1258;7;10015
2025-04-18 13:59:44.278000+00:00;23;1258;9;10015
2025-04-18 13:59:44.278000+00:00;27;1258;3;10015
2025-04-18 13:59:44.278000+00:00;30;1258;15;10015
2025-04-18 13:59:44.278000+00:00;44;1258;14;10015
2025-04-18 13:59:44.278000+00:00;55;1258;4;10015
2025-04-18 14:00:01.653000+00:00;4;1258;1;10015
2025-04-18 14:00:01.653000+00:00;27;1258;4;10015
2025-04-18 14:00:01.653000+00:00;55;1258;5;10015
2025-04-18 14:00:01.653000+00:00;63;1258;2;10015
2025-04-18 14:00:01.653000+00:00;81;1258;3;10015
2025-04-18 14:00:26.575000+00:00;1;1258;4;10015
2025-04-18 14:00:26.575000+00:00;27;1258;5;10015
2025-04-18 14:00:26.575000+00:00;55;1258;6;10015
2025-04-18 14:01:01.962000+00:00;1;1258;5;10015
2025-04-18 14:01:01.962000+00:00;7;1258;11;10015
2025-04-18 14:01:01.962000+00:00;10;1258;9;10015
2025-04-18 14:01:01.962000+00:00;12;1258;12;10015
2025-04-18 14:01:01.962000+00:00;16;1258;4;10015
2025-04-18 14:01:01.962000+00:00;22;1258;8;10015
2025-04-18 14:01:01.962000+00:00;23;1258;10;10015
2025-04-18 14:01:01.962000+00:00;27;1258;6;10015
2025-04-18 14:01:01.962000+00:00;55;1258;7;10015
2025-04-18 14:01:21.844000+00:00;7;1258;12;10015
2025-04-18 14:01:21.844000+00:00;10;1258;10;10015
2025-04-18 14:01:21.844000+00:00;12;1258;13;10015
2025-04-18 14:01:21.844000+00:00;14;1258;14;10015
2025-04-18 14:01:21.844000+00:00;22;1258;9;10015
2025-04-18 14:01:21.844000+00:00;23;1258;11;10015
2025-04-18 14:01:21.844000+00:00;44;1258;8;10015
2025-04-18 14:01:26.484000+00:00;6;1258;17;10015
2025-04-18 14:01:26.484000+00:00;18;1258;18;10015
2025-04-18 14:01:26.484000+00:00;30;1258;16;10015
2025-04-18 14:01:26.484000+00:00;31;1258;19;10015
2025-04-18 14:01:26.484000+00:00;87;1258;15;10015
2025-04-18 14:03:18.578000+00:00;22;1258;6;10015
2025-04-18 14:03:18.578000+00:00;27;1258;7;10015
2025-04-18 14:03:18.578000+00:00;44;1258;9;10015
2025-04-18 14:03:18.578000+00:00;55;1258;8;10015
2025-04-18 14:04:35.537000+00:00;5;1258;17;10015
2025-04-18 14:04:35.537000+00:00;6;1258;18;10015
2025-04-18 14:04:35.537000+00:00;18;1258;19;10015
2025-04-18 14:04:35.537000+00:00;31;1258;20;10015
2025-04-18 14:04:59.453000+00:00;7;1258;13;10015
2025-04-18 14:04:59.453000+00:00;10;1258;11;10015
2025-04-18 14:04:59.453000+00:00;12;1258;9;10015
2025-04-18 14:04:59.453000+00:00;23;1258;12;10015
2025-04-18 14:04:59.453000+00:00;44;1258;10;10015
2025-04-18 14:05:07.813000+00:00;63;1258;3;10015
2025-04-18 14:05:07.813000+00:00;81;1258;2;10015
2025-04-18 14:05:50.203000+00:00;7;1258;14;10015
2025-04-18 14:05:50.203000+00:00;14;1258;13;10015
2025-04-18 14:06:35.454000+00:00;1;1258;6;10015
2025-04-18 14:06:35.454000+00:00;16;1258;5;10015
2025-04-18 14:06:35.454000+00:00;22;1258;7;10015
2025-04-18 14:06:35.454000+00:00;27;1258;8;10015
2025-04-18 14:06:35.454000+00:00;55;1258;4;10015
2025-04-18 14:07:07.439000+00:00;1;1258;7;10015
2025-04-18 14:07:07.439000+00:00;4;1258;2;10015
2025-04-18 14:07:07.439000+00:00;10;1258;1;10015
2025-04-18 14:07:07.439000+00:00;12;1258;10;10015
2025-04-18 14:07:07.439000+00:00;16;1258;6;10015
2025-04-18 14:07:07.439000+00:00;22;1258;8;10015
2025-04-18 14:07:07.439000+00:00;27;1258;9;10015
2025-04-18 14:07:07.439000+00:00;44;1258;11;10015
2025-04-18 14:07:07.439000+00:00;55;1258;5;10015
2025-04-18 14:07:07.439000+00:00;63;1258;4;10015
2025-04-18 14:07:07.439000+00:00;81;1258;3;10015
2025-04-18 14:07:22.954000+00:00;5;1258;18;10015
2025-04-18 14:07:22.954000+00:00;6;1258;19;10015
2025-04-18 14:07:22.954000+00:00;18;1258;15;10015
2025-04-18 14:07:22.954000+00:00;30;1258;17;10015
2025-04-18 14:07:22.954000+00:00;87;1258;16;10015
2025-04-18 14:07:32.142000+00:00;7;1258;11;10015
2025-04-18 14:07:32.142000+00:00;14;1258;14;10015
2025-04-18 14:07:32.142000+00:00;23;1258;13;10015
2025-04-18 14:07:32.142000+00:00;44;1258;12;10015
2025-04-18 14:08:06.627000+00:00;16;1258;3;10015
2025-04-18 14:08:06.627000+00:00;55;1258;6;10015
2025-04-18 14:08:06.627000+00:00;63;1258;5;10015
2025-04-18 14:08:06.627000+00:00;81;1258;4;10015
2025-04-18 14:08:47.402000+00:00;7;1258;12;10015
2025-04-18 14:08:47.402000+00:00;12;1258;11;10015
2025-04-18 14:08:47.402000+00:00;27;1258;10;10015
2025-04-18 14:08:47.402000+00:00;44;1258;9;10015
2025-04-18 14:10:50.961000+00:00;6;1258;20;10015
2025-04-18 14:10:50.961000+00:00;31;1258;19;10015
2025-04-18 14:11:25.875000+00:00;1;1258;8;10015
2025-04-18 14:11:25.875000+00:00;7;1258;13;10015
2025-04-18 14:11:25.875000+00:00;12;1258;12;10015
2025-04-18 14:11:25.875000+00:00;22;1258;9;10015
2025-04-18 14:11:25.875000+00:00;23;1258;5;10015
2025-04-18 14:11:25.875000+00:00;27;1258;11;10015
2025-04-18 14:11:25.875000+00:00;44;1258;10;10015
2025-04-18 14:11:25.875000+00:00;55;1258;7;10015
2025-04-18 14:11:25.875000+00:00;63;1258;6;10015
2025-04-18 14:11:38.222000+00:00;5;1258;17;10015
2025-04-18 14:11:38.222000+00:00;30;1258;18;10015
2025-04-18 14:12:40.393000+00:00;7;1258;14;10015
2025-04-18 14:12:40.393000+00:00;14;1258;13;10015
2025-04-18 14:15:18.349000+00:00;1;1258;9;10015
2025-04-18 14:15:18.349000+00:00;22;1258;10;10015
2025-04-18 14:15:18.349000+00:00;44;1258;8;10015
2025-04-18 14:17:32.217000+00:00;5;1258;18;10015
2025-04-18 14:17:32.217000+00:00;30;1258;19;10015
2025-04-18 14:17:32.217000+00:00;31;1258;17;10015
2025-04-18 14:23:34.194000+00:00;5;1258;19;10015
2025-04-18 14:23:34.194000+00:00;7;1258;15;10015
2025-04-18 14:23:34.194000+00:00;12;1258;13;10015
2025-04-18 14:23:34.194000+00:00;14;1258;14;10015
2025-04-18 14:23:34.194000+00:00;18;1258;16;10015
2025-04-18 14:23:34.194000+00:00;27;1258;12;10015
2025-04-18 14:23:34.194000+00:00;30;1258;11;10015
2025-04-18 14:23:34.194000+00:00;31;1258;18;10015
2025-04-18 14:23:34.194000+00:00;87;1258;17;10015
2025-04-18 14:28:19.281000+00:00;5;1258;20;10015
2025-04-18 14:28:19.281000+00:00;6;1258;15;10015
2025-04-18 14:28:19.281000+00:00;7;1258;16;10015
2025-04-18 14:28:19.281000+00:00;18;1258;17;10015
2025-04-18 14:28:19.281000+00:00;31;1258;19;10015
2025-04-18 14:28:19.281000+00:00;87;1258;18;10015
2025-04-18 16:45:59.290000+00:00;1;1258;1;10016
2025-04-18 16:45:59.290000+00:00;4;1258;2;10016
2025-04-18 16:45:59.290000+00:00;5;1258;3;10016
2025-04-18 16:45:59.290000+00:00;6;1258;4;10016
2025-04-18 16:45:59.290000+00:00;7;1258;5;10016
2025-04-18 16:45:59.290000+00:00;10;1258;6;10016
2025-04-18 16:45:59.290000+00:00;12;1258;7;10016
2025-04-18 16:45:59.290000+00:00;14;1258;8;10016
2025-04-18 16:45:59.290000+00:00;16;1258;9;10016
2025-04-18 16:45:59.290000+00:00;18;1258;10;10016
2025-04-18 16:45:59.290000+00:00;22;1258;11;10016
2025-04-18 16:45:59.290000+00:00;23;1258;12;10016
2025-04-18 16:45:59.290000+00:00;27;1258;13;10016
2025-04-18 16:45:59.290000+00:00;30;1258;14;10016
2025-04-18 16:45:59.290000+00:00;31;1258;15;10016
2025-04-18 16:45:59.290000+00:00;44;1258;16;10016
2025-04-18 16:45:59.290000+00:00;55;1258;17;10016
2025-04-18 16:45:59.290000+00:00;63;1258;18;10016
2025-04-18 16:45:59.290000+00:00;81;1258;19;10016
2025-04-18 16:45:59.290000+00:00;87;1258;20;10016
2025-04-18 17:00:04.308000+00:00;1;1258;2;10016
2025-04-18 17:00:04.308000+00:00;4;1258;3;10016
2025-04-18 17:00:04.308000+00:00;5;1258;4;10016
2025-04-18 17:00:04.308000+00:00;6;1258;5;10016
2025-04-18 17:00:04.308000+00:00;7;1258;6;10016
2025-04-18 17:00:04.308000+00:00;10;1258;7;10016
2025-04-18 17:00:04.308000+00:00;12;1258;8;10016
2025-04-18 17:00:04.308000+00:00;14;1258;9;10016
2025-04-18 17:00:04.308000+00:00;16;1258;10;10016
2025-04-18 17:00:04.308000+00:00;18;1258;11;10016
2025-04-18 17:00:04.308000+00:00;22;1258;12;10016
2025-04-18 17:00:04.308000+00:00;23;1258;13;10016
2025-04-18 17:00:04.308000+00:00;27;1258;14;10016
2025-04-18 17:00:04.308000+00:00;30;1258;15;10016
2025-04-18 17:00:04.308000+00:00;31;1258;1;10016
2025-04-18 17:00:12.924000+00:00;1;1258;3;10016
2025-04-18 17:00:12.924000+00:00;4;1258;4;10016
2025-04-18 17:00:12.924000+00:00;5;1258;5;10016
2025-04-18 17:00:12.924000+00:00;6;1258;6;10016
2025-04-18 17:00:12.924000+00:00;7;1258;7;10016
2025-04-18 17:00:12.924000+00:00;10;1258;8;10016
2025-04-18 17:00:12.924000+00:00;12;1258;9;10016
2025-04-18 17:00:12.924000+00:00;14;1258;10;10016
2025-04-18 17:00:12.924000+00:00;16;1258;11;10016
2025-04-18 17:00:12.924000+00:00;18;1258;12;10016
2025-04-18 17:00:12.924000+00:00;22;1258;13;10016
2025-04-18 17:00:12.924000+00:00;23;1258;14;10016
2025-04-18 17:00:12.924000+00:00;27;1258;15;10016
2025-04-18 17:00:12.924000+00:00;30;1258;16;10016
2025-04-18 17:00:12.924000+00:00;44;1258;17;10016
2025-04-18 17:00:12.924000+00:00;55;1258;18;10016
2025-04-18 17:00:12.924000+00:00;63;1258;19;10016
2025-04-18 17:00:12.924000+00:00;81;1258;20;10016
2025-04-18 17:00:12.924000+00:00;87;1258;2;10016
2025-04-18 17:00:20.679000+00:00;1;1258;4;10016
2025-04-18 17:00:20.679000+00:00;4;1258;5;10016
2025-04-18 17:00:20.679000+00:00;5;1258;6;10016
2025-04-18 17:00:20.679000+00:00;6;1258;7;10016
2025-04-18 17:00:20.679000+00:00;7;1258;8;10016
2025-04-18 17:00:20.679000+00:00;10;1258;9;10016
2025-04-18 17:00:20.679000+00:00;12;1258;10;10016
2025-04-18 17:00:20.679000+00:00;14;1258;11;10016
2025-04-18 17:00:20.679000+00:00;16;1258;12;10016
2025-04-18 17:00:20.679000+00:00;18;1258;13;10016
2025-04-18 17:00:20.679000+00:00;22;1258;14;10016
2025-04-18 17:00:20.679000+00:00;23;1258;3;10016
2025-04-18 17:00:27.616000+00:00;1;1258;5;10016
2025-04-18 17:00:27.616000+00:00;4;1258;6;10016
2025-04-18 17:00:27.616000+00:00;5;1258;7;10016
2025-04-18 17:00:27.616000+00:00;6;1258;8;10016
2025-04-18 17:00:27.616000+00:00;7;1258;9;10016
2025-04-18 17:00:27.616000+00:00;10;1258;10;10016
2025-04-18 17:00:27.616000+00:00;12;1258;11;10016
2025-04-18 17:00:27.616000+00:00;14;1258;12;10016
2025-04-18 17:00:27.616000+00:00;16;1258;13;10016
2025-04-18 17:00:27.616000+00:00;18;1258;14;10016
2025-04-18 17:00:27.616000+00:00;22;1258;15;10016
2025-04-18 17:00:27.616000+00:00;27;1258;16;10016
2025-04-18 17:00:27.616000+00:00;30;1258;4;10016
2025-04-18 17:00:34.899000+00:00;1;1258;6;10016
2025-04-18 17:00:34.899000+00:00;4;1258;7;10016
2025-04-18 17:00:34.899000+00:00;5;1258;8;10016
2025-04-18 17:00:34.899000+00:00;6;1258;9;10016
2025-04-18 17:00:34.899000+00:00;7;1258;10;10016
2025-04-18 17:00:34.899000+00:00;10;1258;11;10016
2025-04-18 17:00:34.899000+00:00;12;1258;5;10016
2025-04-18 17:00:46.258000+00:00;1;1258;7;10016
2025-04-18 17:00:46.258000+00:00;4;1258;8;10016
2025-04-18 17:00:46.258000+00:00;5;1258;9;10016
2025-04-18 17:00:46.258000+00:00;6;1258;10;10016
2025-04-18 17:00:46.258000+00:00;7;1258;11;10016
2025-04-18 17:00:46.258000+00:00;10;1258;12;10016
2025-04-18 17:00:46.258000+00:00;14;1258;13;10016
2025-04-18 17:00:46.258000+00:00;16;1258;14;10016
2025-04-18 17:00:46.258000+00:00;18;1258;15;10016
2025-04-18 17:00:46.258000+00:00;22;1258;16;10016
2025-04-18 17:00:46.258000+00:00;27;1258;17;10016
2025-04-18 17:00:46.258000+00:00;44;1258;18;10016
2025-04-18 17:00:46.258000+00:00;55;1258;19;10016
2025-04-18 17:00:46.258000+00:00;63;1258;6;10016
2025-04-18 17:00:56.370000+00:00;1;1258;8;10016
2025-04-18 17:00:56.370000+00:00;4;1258;9;10016
2025-04-18 17:00:56.370000+00:00;5;1258;10;10016
2025-04-18 17:00:56.370000+00:00;6;1258;11;10016
2025-04-18 17:00:56.370000+00:00;7;1258;7;10016
2025-04-18 17:01:11.339000+00:00;4;1258;10;10016
2025-04-18 17:01:11.339000+00:00;5;1258;11;10016
2025-04-18 17:01:11.339000+00:00;6;1258;12;10016
2025-04-18 17:01:11.339000+00:00;10;1258;9;10016
2025-04-18 17:01:19.479000+00:00;4;1258;11;10016
2025-04-18 17:01:19.479000+00:00;5;1258;12;10016
2025-04-18 17:01:19.479000+00:00;6;1258;13;10016
2025-04-18 17:01:19.479000+00:00;14;1258;14;10016
2025-04-18 17:01:19.479000+00:00;16;1258;15;10016
2025-04-18 17:01:19.479000+00:00;18;1258;16;10016
2025-04-18 17:01:19.479000+00:00;22;1258;17;10016
2025-04-18 17:01:19.479000+00:00;27;1258;18;10016
2025-04-18 17:01:19.479000+00:00;44;1258;19;10016
2025-04-18 17:01:19.479000+00:00;55;1258;10;10016
2025-04-18 17:01:31.151000+00:00;4;1258;12;10016
2025-04-18 17:01:31.151000+00:00;5;1258;13;10016
2025-04-18 17:01:31.151000+00:00;6;1258;14;10016
2025-04-18 17:01:31.151000+00:00;14;1258;15;10016
2025-04-18 17:01:31.151000+00:00;16;1258;16;10016
2025-04-18 17:01:31.151000+00:00;18;1258;17;10016
2025-04-18 17:01:31.151000+00:00;22;1258;18;10016
2025-04-18 17:01:31.151000+00:00;27;1258;19;10016
2025-04-18 17:01:31.151000+00:00;44;1258;11;10016
2025-04-18 17:01:42.689000+00:00;4;1258;13;10016
2025-04-18 17:01:42.689000+00:00;5;1258;14;10016
2025-04-18 17:01:42.689000+00:00;6;1258;15;10016
2025-04-18 17:01:42.689000+00:00;14;1258;16;10016
2025-04-18 17:01:42.689000+00:00;16;1258;17;10016
2025-04-18 17:01:42.689000+00:00;18;1258;18;10016
2025-04-18 17:01:42.689000+00:00;22;1258;12;10016
2025-04-18 17:01:58.931000+00:00;4;1258;14;10016
2025-04-18 17:01:58.931000+00:00;5;1258;15;10016
2025-04-18 17:01:58.931000+00:00;6;1258;16;10016
2025-04-18 17:01:58.931000+00:00;14;1258;17;10016
2025-04-18 17:01:58.931000+00:00;16;1258;13;10016
2025-04-18 17:02:04.361000+00:00;4;1258;15;10016
2025-04-18 17:02:04.361000+00:00;5;1258;16;10016
2025-04-18 17:02:04.361000+00:00;6;1258;17;10016
2025-04-18 17:02:04.361000+00:00;14;1258;18;10016
2025-04-18 17:02:04.361000+00:00;18;1258;19;10016
2025-04-18 17:02:04.361000+00:00;27;1258;14;10016
2025-04-18 17:02:05.907000+00:00;4;1258;16;10016
2025-04-18 17:02:05.907000+00:00;5;1258;17;10016
2025-04-18 17:02:05.907000+00:00;6;1258;18;10016
2025-04-18 17:02:05.907000+00:00;14;1258;19;10016
2025-04-18 17:02:05.907000+00:00;18;1258;20;10016
2025-04-18 17:02:05.907000+00:00;81;1258;15;10016
2025-04-18 17:02:12.057000+00:00;5;1258;18;10016
2025-04-18 17:02:12.057000+00:00;6;1258;17;10016
2025-04-18 17:02:13.987000+00:00;5;1258;19;10016
2025-04-18 17:02:13.987000+00:00;14;1258;18;10016
2025-04-18 17:02:23.333000+00:00;5;1258;20;10016
2025-04-18 17:02:23.333000+00:00;18;1258;19;10016
2025-04-18 17:03:38.922000+00:00;31;1258;2;10016
2025-04-18 17:03:38.922000+00:00;87;1258;1;10016
2025-04-18 17:03:48.156000+00:00;23;1258;2;10016
2025-04-18 17:03:48.156000+00:00;31;1258;3;10016
2025-04-18 17:04:01.493000+00:00;23;1258;3;10016
2025-04-18 17:04:01.493000+00:00;30;1258;2;10016
2025-04-18 17:04:01.493000+00:00;31;1258;4;10016
2025-04-18 17:04:10.212000+00:00;12;1258;4;10016
2025-04-18 17:04:10.212000+00:00;31;1258;5;10016
2025-04-18 17:04:26.922000+00:00;7;1258;1;10016
2025-04-18 17:04:26.922000+00:00;12;1258;5;10016
2025-04-18 17:04:26.922000+00:00;23;1258;4;10016
2025-04-18 17:04:26.922000+00:00;30;1258;3;10016
2025-04-18 17:04:26.922000+00:00;31;1258;6;10016
2025-04-18 17:04:26.922000+00:00;63;1258;7;10016
2025-04-18 17:04:26.922000+00:00;87;1258;2;10016
2025-04-18 17:04:39.815000+00:00;1;1258;1;10016
2025-04-18 17:04:39.815000+00:00;7;1258;2;10016
2025-04-18 17:04:39.815000+00:00;12;1258;6;10016
2025-04-18 17:04:39.815000+00:00;23;1258;5;10016
2025-04-18 17:04:39.815000+00:00;30;1258;4;10016
2025-04-18 17:04:39.815000+00:00;31;1258;7;10016
2025-04-18 17:04:39.815000+00:00;63;1258;8;10016
2025-04-18 17:04:39.815000+00:00;87;1258;3;10016
2025-04-18 17:04:46.896000+00:00;7;1258;3;10016
2025-04-18 17:04:46.896000+00:00;10;1258;2;10016
2025-04-18 17:04:46.896000+00:00;12;1258;7;10016
2025-04-18 17:04:46.896000+00:00;23;1258;6;10016
2025-04-18 17:04:46.896000+00:00;30;1258;5;10016
2025-04-18 17:04:46.896000+00:00;31;1258;8;10016
2025-04-18 17:04:46.896000+00:00;63;1258;9;10016
2025-04-18 17:04:46.896000+00:00;87;1258;4;10016
2025-04-18 17:04:54.165000+00:00;7;1258;4;10016
2025-04-18 17:04:54.165000+00:00;12;1258;8;10016
2025-04-18 17:04:54.165000+00:00;23;1258;7;10016
2025-04-18 17:04:54.165000+00:00;30;1258;6;10016
2025-04-18 17:04:54.165000+00:00;31;1258;9;10016
2025-04-18 17:04:54.165000+00:00;55;1258;3;10016
2025-04-18 17:04:54.165000+00:00;63;1258;10;10016
2025-04-18 17:04:54.165000+00:00;87;1258;5;10016
2025-04-18 17:05:10.009000+00:00;31;1258;10;10016
2025-04-18 17:05:10.009000+00:00;44;1258;9;10016
2025-04-18 17:05:10.009000+00:00;63;1258;11;10016
2025-04-18 17:05:22.680000+00:00;7;1258;5;10016
2025-04-18 17:05:22.680000+00:00;10;1258;3;10016
2025-04-18 17:05:22.680000+00:00;12;1258;9;10016
2025-04-18 17:05:22.680000+00:00;22;1258;2;10016
2025-04-18 17:05:22.680000+00:00;23;1258;8;10016
2025-04-18 17:05:22.680000+00:00;30;1258;7;10016
2025-04-18 17:05:22.680000+00:00;31;1258;11;10016
2025-04-18 17:05:22.680000+00:00;44;1258;10;10016
2025-04-18 17:05:22.680000+00:00;55;1258;4;10016
2025-04-18 17:05:22.680000+00:00;63;1258;12;10016
2025-04-18 17:05:22.680000+00:00;87;1258;6;10016
2025-04-18 17:05:34.134000+00:00;16;1258;14;10016
2025-04-18 17:05:34.134000+00:00;27;1258;11;10016
2025-04-18 17:05:34.134000+00:00;31;1258;12;10016
2025-04-18 17:05:34.134000+00:00;63;1258;13;10016
2025-04-18 17:06:06.513000+00:00;4;1258;17;10016
2025-04-18 17:06:06.513000+00:00;6;1258;18;10016
2025-04-18 17:06:06.513000+00:00;12;1258;10;10016
2025-04-18 17:06:06.513000+00:00;14;1258;6;10016
2025-04-18 17:06:06.513000+00:00;16;1258;15;10016
2025-04-18 17:06:06.513000+00:00;23;1258;9;10016
2025-04-18 17:06:06.513000+00:00;27;1258;12;10016
2025-04-18 17:06:06.513000+00:00;30;1258;8;10016
2025-04-18 17:06:06.513000+00:00;31;1258;13;10016
2025-04-18 17:06:06.513000+00:00;44;1258;11;10016
2025-04-18 17:06:06.513000+00:00;63;1258;14;10016
2025-04-18 17:06:06.513000+00:00;81;1258;16;10016
2025-04-18 17:06:06.513000+00:00;87;1258;7;10016
2025-04-18 17:06:13.496000+00:00;4;1258;18;10016
2025-04-18 17:06:13.496000+00:00;6;1258;19;10016
2025-04-18 17:06:13.496000+00:00;12;1258;11;10016
2025-04-18 17:06:13.496000+00:00;16;1258;16;10016
2025-04-18 17:06:13.496000+00:00;18;1258;8;10016
2025-04-18 17:06:13.496000+00:00;23;1258;10;10016
2025-04-18 17:06:13.496000+00:00;27;1258;13;10016
2025-04-18 17:06:13.496000+00:00;30;1258;9;10016
2025-04-18 17:06:13.496000+00:00;31;1258;14;10016
2025-04-18 17:06:13.496000+00:00;44;1258;12;10016
2025-04-18 17:06:13.496000+00:00;63;1258;15;10016
2025-04-18 17:06:13.496000+00:00;81;1258;17;10016
2025-04-18 17:06:21.546000+00:00;7;1258;6;10016
2025-04-18 17:06:21.546000+00:00;10;1258;4;10016
2025-04-18 17:06:21.546000+00:00;12;1258;12;10016
2025-04-18 17:06:21.546000+00:00;14;1258;7;10016
2025-04-18 17:06:21.546000+00:00;16;1258;17;10016
2025-04-18 17:06:21.546000+00:00;18;1258;9;10016
2025-04-18 17:06:21.546000+00:00;23;1258;11;10016
2025-04-18 17:06:21.546000+00:00;27;1258;14;10016
2025-04-18 17:06:21.546000+00:00;30;1258;10;10016
2025-04-18 17:06:21.546000+00:00;31;1258;15;10016
2025-04-18 17:06:21.546000+00:00;44;1258;13;10016
2025-04-18 17:06:21.546000+00:00;55;1258;5;10016
2025-04-18 17:06:21.546000+00:00;63;1258;16;10016
2025-04-18 17:06:21.546000+00:00;81;1258;3;10016
2025-04-18 17:06:21.546000+00:00;87;1258;8;10016
2025-04-18 17:06:28.502000+00:00;1;1258;2;10016
2025-04-18 17:06:28.502000+00:00;4;1258;1;10016
2025-04-18 17:06:28.502000+00:00;7;1258;7;10016
2025-04-18 17:06:28.502000+00:00;10;1258;5;10016
2025-04-18 17:06:28.502000+00:00;12;1258;13;10016
2025-04-18 17:06:28.502000+00:00;14;1258;8;10016
2025-04-18 17:06:28.502000+00:00;16;1258;18;10016
2025-04-18 17:06:28.502000+00:00;18;1258;10;10016
2025-04-18 17:06:28.502000+00:00;22;1258;3;10016
2025-04-18 17:06:28.502000+00:00;23;1258;12;10016
2025-04-18 17:06:28.502000+00:00;27;1258;15;10016
2025-04-18 17:06:28.502000+00:00;30;1258;11;10016
2025-04-18 17:06:28.502000+00:00;31;1258;16;10016
2025-04-18 17:06:28.502000+00:00;44;1258;14;10016
2025-04-18 17:06:28.502000+00:00;55;1258;6;10016
2025-04-18 17:06:28.502000+00:00;63;1258;17;10016
2025-04-18 17:06:28.502000+00:00;81;1258;4;10016
2025-04-18 17:06:28.502000+00:00;87;1258;9;10016
2025-04-18 17:07:47.721000+00:00;7;1258;8;10016
2025-04-18 17:07:47.721000+00:00;14;1258;9;10016
2025-04-18 17:07:47.721000+00:00;87;1258;7;10016
2025-04-18 17:07:51.560000+00:00;27;1258;16;10016
2025-04-18 17:07:51.560000+00:00;31;1258;15;10016
2025-04-18 17:08:04.125000+00:00;1;1258;3;10016
2025-04-18 17:08:04.125000+00:00;7;1258;9;10016
2025-04-18 17:08:04.125000+00:00;10;1258;6;10016
2025-04-18 17:08:04.125000+00:00;12;1258;14;10016
2025-04-18 17:08:04.125000+00:00;14;1258;10;10016
2025-04-18 17:08:04.125000+00:00;16;1258;2;10016
2025-04-18 17:08:04.125000+00:00;18;1258;11;10016
2025-04-18 17:08:04.125000+00:00;22;1258;4;10016
2025-04-18 17:08:04.125000+00:00;23;1258;13;10016
2025-04-18 17:08:04.125000+00:00;27;1258;17;10016
2025-04-18 17:08:04.125000+00:00;30;1258;12;10016
2025-04-18 17:08:04.125000+00:00;31;1258;16;10016
2025-04-18 17:08:04.125000+00:00;44;1258;15;10016
2025-04-18 17:08:04.125000+00:00;55;1258;7;10016
2025-04-18 17:08:04.125000+00:00;63;1258;18;10016
2025-04-18 17:08:04.125000+00:00;81;1258;5;10016
2025-04-18 17:08:04.125000+00:00;87;1258;8;10016
2025-04-18 17:08:10.078000+00:00;7;1258;10;10016
2025-04-18 17:08:10.078000+00:00;14;1258;11;10016
2025-04-18 17:08:10.078000+00:00;18;1258;12;10016
2025-04-18 17:08:10.078000+00:00;30;1258;9;10016
2025-04-18 17:08:16.765000+00:00;6;1258;11;10016
2025-04-18 17:08:16.765000+00:00;12;1258;15;10016
2025-04-18 17:08:16.765000+00:00;14;1258;12;10016
2025-04-18 17:08:16.765000+00:00;18;1258;13;10016
2025-04-18 17:08:16.765000+00:00;23;1258;14;10016
2025-04-18 17:08:16.765000+00:00;27;1258;18;10016
2025-04-18 17:08:16.765000+00:00;31;1258;17;10016
2025-04-18 17:08:16.765000+00:00;44;1258;16;10016
2025-04-18 17:08:16.765000+00:00;63;1258;19;10016
2025-04-18 17:08:33.807000+00:00;7;1258;4;10016
2025-04-18 17:08:33.807000+00:00;10;1258;7;10016
2025-04-18 17:08:33.807000+00:00;22;1258;5;10016
2025-04-18 17:08:33.807000+00:00;30;1258;10;10016
2025-04-18 17:08:33.807000+00:00;55;1258;8;10016
2025-04-18 17:08:33.807000+00:00;81;1258;6;10016
2025-04-18 17:08:33.807000+00:00;87;1258;9;10016
2025-04-18 17:09:11.772000+00:00;7;1258;5;10016
2025-04-18 17:09:11.772000+00:00;10;1258;8;10016
2025-04-18 17:09:11.772000+00:00;22;1258;6;10016
2025-04-18 17:09:11.772000+00:00;55;1258;4;10016
2025-04-18 17:09:11.772000+00:00;81;1258;7;10016
2025-04-18 17:09:37.366000+00:00;6;1258;12;10016
2025-04-18 17:09:37.366000+00:00;12;1258;16;10016
2025-04-18 17:09:37.366000+00:00;14;1258;13;10016
2025-04-18 17:09:37.366000+00:00;18;1258;14;10016
2025-04-18 17:09:37.366000+00:00;23;1258;15;10016
2025-04-18 17:09:37.366000+00:00;27;1258;9;10016
2025-04-18 17:09:37.366000+00:00;30;1258;11;10016
2025-04-18 17:09:37.366000+00:00;31;1258;18;10016
2025-04-18 17:09:37.366000+00:00;44;1258;17;10016
2025-04-18 17:09:37.366000+00:00;87;1258;10;10016
2025-04-18 17:10:00.448000+00:00;6;1258;13;10016
2025-04-18 17:10:00.448000+00:00;10;1258;9;10016
2025-04-18 17:10:00.448000+00:00;14;1258;14;10016
2025-04-18 17:10:00.448000+00:00;18;1258;15;10016
2025-04-18 17:10:00.448000+00:00;22;1258;7;10016
2025-04-18 17:10:00.448000+00:00;23;1258;6;10016
2025-04-18 17:10:00.448000+00:00;27;1258;10;10016
2025-04-18 17:10:00.448000+00:00;30;1258;12;10016
2025-04-18 17:10:00.448000+00:00;81;1258;8;10016
2025-04-18 17:10:00.448000+00:00;87;1258;11;10016
2025-04-18 17:10:59.575000+00:00;6;1258;14;10016
2025-04-18 17:10:59.575000+00:00;10;1258;10;10016
2025-04-18 17:10:59.575000+00:00;12;1258;9;10016
2025-04-18 17:10:59.575000+00:00;14;1258;15;10016
2025-04-18 17:10:59.575000+00:00;18;1258;16;10016
2025-04-18 17:10:59.575000+00:00;27;1258;11;10016
2025-04-18 17:10:59.575000+00:00;30;1258;13;10016
2025-04-18 17:10:59.575000+00:00;87;1258;12;10016
2025-04-18 17:11:42.485000+00:00;6;1258;15;10016
2025-04-18 17:11:42.485000+00:00;7;1258;6;10016
2025-04-18 17:11:42.485000+00:00;10;1258;11;10016
2025-04-18 17:11:42.485000+00:00;12;1258;10;10016
2025-04-18 17:11:42.485000+00:00;14;1258;16;10016
2025-04-18 17:11:42.485000+00:00;18;1258;17;10016
2025-04-18 17:11:42.485000+00:00;22;1258;8;10016
2025-04-18 17:11:42.485000+00:00;23;1258;7;10016
2025-04-18 17:11:42.485000+00:00;27;1258;12;10016
2025-04-18 17:11:42.485000+00:00;30;1258;14;10016
2025-04-18 17:11:42.485000+00:00;44;1258;4;10016
2025-04-18 17:11:42.485000+00:00;55;1258;5;10016
2025-04-18 17:11:42.485000+00:00;81;1258;9;10016
2025-04-18 17:11:42.485000+00:00;87;1258;13;10016
2025-04-18 17:12:13.657000+00:00;7;1258;7;10016
2025-04-18 17:12:13.657000+00:00;22;1258;4;10016
2025-04-18 17:12:13.657000+00:00;23;1258;8;10016
2025-04-18 17:12:13.657000+00:00;44;1258;5;10016
2025-04-18 17:12:13.657000+00:00;55;1258;6;10016
2025-04-18 17:12:30.937000+00:00;6;1258;16;10016
2025-04-18 17:12:30.937000+00:00;14;1258;12;10016
2025-04-18 17:12:30.937000+00:00;27;1258;13;10016
2025-04-18 17:12:30.937000+00:00;30;1258;15;10016
2025-04-18 17:12:30.937000+00:00;87;1258;14;10016
2025-04-18 17:12:37.552000+00:00;1;1258;4;10016
2025-04-18 17:12:37.552000+00:00;7;1258;8;10016
2025-04-18 17:12:37.552000+00:00;16;1258;3;10016
2025-04-18 17:12:37.552000+00:00;22;1258;5;10016
2025-04-18 17:12:37.552000+00:00;23;1258;9;10016
2025-04-18 17:12:37.552000+00:00;44;1258;6;10016
2025-04-18 17:12:37.552000+00:00;55;1258;7;10016
2025-04-18 17:12:37.552000+00:00;81;1258;2;10016
2025-04-18 17:13:12.486000+00:00;7;1258;9;10016
2025-04-18 17:13:12.486000+00:00;10;1258;6;10016
2025-04-18 17:13:12.486000+00:00;12;1258;11;10016
2025-04-18 17:13:12.486000+00:00;23;1258;10;10016
2025-04-18 17:13:12.486000+00:00;44;1258;7;10016
2025-04-18 17:13:12.486000+00:00;55;1258;8;10016
2025-04-18 17:13:18.158000+00:00;6;1258;17;10016
2025-04-18 17:13:18.158000+00:00;7;1258;10;10016
2025-04-18 17:13:18.158000+00:00;10;1258;7;10016
2025-04-18 17:13:18.158000+00:00;12;1258;12;10016
2025-04-18 17:13:18.158000+00:00;14;1258;13;10016
2025-04-18 17:13:18.158000+00:00;18;1258;18;10016
2025-04-18 17:13:18.158000+00:00;23;1258;11;10016
2025-04-18 17:13:18.158000+00:00;27;1258;14;10016
2025-04-18 17:13:18.158000+00:00;30;1258;16;10016
2025-04-18 17:13:18.158000+00:00;31;1258;19;10016
2025-04-18 17:13:18.158000+00:00;44;1258;8;10016
2025-04-18 17:13:18.158000+00:00;55;1258;9;10016
2025-04-18 17:13:18.158000+00:00;63;1258;6;10016
2025-04-18 17:13:18.158000+00:00;87;1258;15;10016
2025-04-18 17:13:37.408000+00:00;10;1258;8;10016
2025-04-18 17:13:37.408000+00:00;44;1258;9;10016
2025-04-18 17:13:37.408000+00:00;55;1258;7;10016
2025-04-18 17:14:17.602000+00:00;7;1258;11;10016
2025-04-18 17:14:17.602000+00:00;10;1258;9;10016
2025-04-18 17:14:17.602000+00:00;23;1258;7;10016
2025-04-18 17:14:17.602000+00:00;44;1258;10;10016
2025-04-18 17:14:17.602000+00:00;55;1258;8;10016
2025-04-18 17:14:50.185000+00:00;14;1258;14;10016
2025-04-18 17:14:50.185000+00:00;27;1258;15;10016
2025-04-18 17:14:50.185000+00:00;87;1258;13;10016
2025-04-18 17:14:59.087000+00:00;6;1258;10;10016
2025-04-18 17:14:59.087000+00:00;7;1258;12;10016
2025-04-18 17:14:59.087000+00:00;12;1258;13;10016
2025-04-18 17:14:59.087000+00:00;14;1258;15;10016
2025-04-18 17:14:59.087000+00:00;27;1258;16;10016
2025-04-18 17:14:59.087000+00:00;30;1258;17;10016
2025-04-18 17:14:59.087000+00:00;44;1258;11;10016
2025-04-18 17:14:59.087000+00:00;87;1258;14;10016
2025-04-18 17:15:28.081000+00:00;6;1258;11;10016
2025-04-18 17:15:28.081000+00:00;7;1258;13;10016
2025-04-18 17:15:28.081000+00:00;10;1258;10;10016
2025-04-18 17:15:28.081000+00:00;12;1258;6;10016
2025-04-18 17:15:28.081000+00:00;23;1258;8;10016
2025-04-18 17:15:28.081000+00:00;44;1258;12;10016
2025-04-18 17:15:28.081000+00:00;55;1258;9;10016
2025-04-18 17:15:28.081000+00:00;63;1258;7;10016
2025-04-18 17:16:30.047000+00:00;4;1258;2;10016
2025-04-18 17:16:30.047000+00:00;81;1258;1;10016
2025-04-18 17:17:28.447000+00:00;4;1258;3;10016
2025-04-18 17:17:28.447000+00:00;16;1258;1;10016
2025-04-18 17:17:28.447000+00:00;81;1258;2;10016
2025-04-18 17:18:07.757000+00:00;1;1258;5;10016
2025-04-18 17:18:07.757000+00:00;6;1258;12;10016
2025-04-18 17:18:07.757000+00:00;7;1258;14;10016
2025-04-18 17:18:07.757000+00:00;10;1258;11;10016
2025-04-18 17:18:07.757000+00:00;12;1258;7;10016
2025-04-18 17:18:07.757000+00:00;14;1258;16;10016
2025-04-18 17:18:07.757000+00:00;22;1258;6;10016
2025-04-18 17:18:07.757000+00:00;23;1258;9;10016
2025-04-18 17:18:07.757000+00:00;27;1258;17;10016
2025-04-18 17:18:07.757000+00:00;30;1258;4;10016
2025-04-18 17:18:07.757000+00:00;44;1258;13;10016
2025-04-18 17:18:07.757000+00:00;55;1258;10;10016
2025-04-18 17:18:07.757000+00:00;63;1258;8;10016
2025-04-18 17:18:07.757000+00:00;87;1258;15;10016
2025-04-18 17:18:11.600000+00:00;6;1258;13;10016
2025-04-18 17:18:11.600000+00:00;10;1258;12;10016
2025-04-18 17:18:11.600000+00:00;12;1258;8;10016
2025-04-18 17:18:11.600000+00:00;22;1258;7;10016
2025-04-18 17:18:11.600000+00:00;23;1258;10;10016
2025-04-18 17:18:11.600000+00:00;44;1258;6;10016
2025-04-18 17:18:11.600000+00:00;55;1258;11;10016
2025-04-18 17:18:11.600000+00:00;63;1258;9;10016
2025-04-18 17:19:03.200000+00:00;1;1258;6;10016
2025-04-18 17:19:03.200000+00:00;22;1258;4;10016
2025-04-18 17:19:03.200000+00:00;30;1258;5;10016
2025-04-18 17:19:03.200000+00:00;44;1258;7;10016
2025-04-18 17:19:49.786000+00:00;1;1258;7;10016
2025-04-18 17:19:49.786000+00:00;12;1258;6;10016
2025-04-18 17:19:49.786000+00:00;44;1258;8;10016
2025-04-18 17:23:22.880000+00:00;1;1258;8;10016
2025-04-18 17:23:22.880000+00:00;4;1258;4;10016
2025-04-18 17:23:22.880000+00:00;12;1258;7;10016
2025-04-18 17:23:22.880000+00:00;16;1258;2;10016
2025-04-18 17:23:22.880000+00:00;22;1258;5;10016
2025-04-18 17:23:22.880000+00:00;30;1258;6;10016
2025-04-18 17:23:22.880000+00:00;44;1258;9;10016
2025-04-18 17:23:22.880000+00:00;63;1258;1;10016
2025-04-18 17:23:22.880000+00:00;81;1258;3;10016
2025-04-18 17:25:07.956000+00:00;1;1258;9;10016
2025-04-18 17:25:07.956000+00:00;4;1258;5;10016
2025-04-18 17:25:07.956000+00:00;12;1258;8;10016
2025-04-18 17:25:07.956000+00:00;16;1258;3;10016
2025-04-18 17:25:07.956000+00:00;22;1258;6;10016
2025-04-18 17:25:07.956000+00:00;23;1258;11;10016
2025-04-18 17:25:07.956000+00:00;30;1258;7;10016
2025-04-18 17:25:07.956000+00:00;44;1258;10;10016
2025-04-18 17:25:07.956000+00:00;55;1258;1;10016
2025-04-18 17:25:07.956000+00:00;63;1258;2;10016
2025-04-18 17:25:07.956000+00:00;81;1258;4;10016
2025-04-18 17:25:34.812000+00:00;7;1258;15;10016
2025-04-18 17:25:34.812000+00:00;14;1258;17;10016
2025-04-18 17:25:34.812000+00:00;18;1258;14;10016
2025-04-18 17:25:34.812000+00:00;27;1258;18;10016
2025-04-18 17:25:34.812000+00:00;87;1258;16;10016
2025-04-18 17:25:49.568000+00:00;1;1258;10;10016
2025-04-18 17:25:49.568000+00:00;6;1258;6;10016
2025-04-18 17:25:49.568000+00:00;10;1258;13;10016
2025-04-18 17:25:49.568000+00:00;12;1258;9;10016
2025-04-18 17:25:49.568000+00:00;22;1258;7;10016
2025-04-18 17:25:49.568000+00:00;23;1258;12;10016
2025-04-18 17:25:49.568000+00:00;30;1258;8;10016
2025-04-18 17:25:49.568000+00:00;44;1258;11;10016
2025-04-18 17:26:33.235000+00:00;1;1258;1;10016
2025-04-18 17:26:33.235000+00:00;4;1258;6;10016
2025-04-18 17:26:33.235000+00:00;6;1258;7;10016
2025-04-18 17:26:33.235000+00:00;12;1258;10;10016
2025-04-18 17:26:33.235000+00:00;16;1258;4;10016
2025-04-18 17:26:33.235000+00:00;22;1258;8;10016
2025-04-18 17:26:33.235000+00:00;30;1258;9;10016
2025-04-18 17:26:33.235000+00:00;55;1258;2;10016
2025-04-18 17:26:33.235000+00:00;63;1258;3;10016
2025-04-18 17:26:33.235000+00:00;81;1258;5;10016
2025-04-18 17:27:01.650000+00:00;7;1258;16;10016
2025-04-18 17:27:01.650000+00:00;14;1258;18;10016
2025-04-18 17:27:01.650000+00:00;27;1258;19;10016
2025-04-18 17:27:01.650000+00:00;31;1258;15;10016
2025-04-18 17:27:01.650000+00:00;87;1258;17;10016
2025-04-18 17:27:14.650000+00:00;7;1258;17;10016
2025-04-18 17:27:14.650000+00:00;10;1258;14;10016
2025-04-18 17:27:14.650000+00:00;18;1258;15;10016
2025-04-18 17:27:14.650000+00:00;31;1258;16;10016
2025-04-18 17:27:14.650000+00:00;87;1258;13;10016
2025-04-18 17:27:31.275000+00:00;4;1258;7;10016
2025-04-18 17:27:31.275000+00:00;6;1258;8;10016
2025-04-18 17:27:31.275000+00:00;7;1258;18;10016
2025-04-18 17:27:31.275000+00:00;10;1258;15;10016
2025-04-18 17:27:31.275000+00:00;12;1258;11;10016
2025-04-18 17:27:31.275000+00:00;14;1258;19;10016
2025-04-18 17:27:31.275000+00:00;18;1258;16;10016
2025-04-18 17:27:31.275000+00:00;22;1258;9;10016
2025-04-18 17:27:31.275000+00:00;23;1258;13;10016
2025-04-18 17:27:31.275000+00:00;27;1258;6;10016
2025-04-18 17:27:31.275000+00:00;30;1258;10;10016
2025-04-18 17:27:31.275000+00:00;31;1258;17;10016
2025-04-18 17:27:31.275000+00:00;44;1258;12;10016
2025-04-18 17:27:31.275000+00:00;87;1258;14;10016
2025-04-18 17:29:37.077000+00:00;1;1258;2;10016
2025-04-18 17:29:37.077000+00:00;16;1258;5;10016
2025-04-18 17:29:37.077000+00:00;55;1258;3;10016
2025-04-18 17:29:37.077000+00:00;63;1258;4;10016
2025-04-18 17:29:37.077000+00:00;81;1258;1;10016
2025-04-18 17:29:43.311000+00:00;4;1258;8;10016
2025-04-18 17:29:43.311000+00:00;6;1258;9;10016
2025-04-18 17:29:43.311000+00:00;12;1258;12;10016
2025-04-18 17:29:43.311000+00:00;22;1258;10;10016
2025-04-18 17:29:43.311000+00:00;23;1258;7;10016
2025-04-18 17:29:43.311000+00:00;30;1258;11;10016
2025-04-18 17:29:43.311000+00:00;44;1258;13;10016
2025-04-18 17:29:55.226000+00:00;4;1258;9;10016
2025-04-18 17:29:55.226000+00:00;6;1258;10;10016
2025-04-18 17:29:55.226000+00:00;12;1258;8;10016
2025-04-18 17:29:55.226000+00:00;22;1258;11;10016
2025-04-18 17:29:55.226000+00:00;30;1258;12;10016
2025-04-18 17:30:24.973000+00:00;6;1258;11;10016
2025-04-18 17:30:24.973000+00:00;22;1258;12;10016
2025-04-18 17:30:24.973000+00:00;30;1258;13;10016
2025-04-18 17:30:24.973000+00:00;44;1258;10;10016
2025-04-18 17:30:50.261000+00:00;7;1258;19;10016
2025-04-18 17:30:50.261000+00:00;10;1258;16;10016
2025-04-18 17:30:50.261000+00:00;14;1258;14;10016
2025-04-18 17:30:50.261000+00:00;18;1258;17;10016
2025-04-18 17:30:50.261000+00:00;31;1258;18;10016
2025-04-18 17:30:50.261000+00:00;87;1258;15;10016
2025-04-18 17:32:01.243000+00:00;4;1258;10;10016
2025-04-18 17:32:01.243000+00:00;6;1258;12;10016
2025-04-18 17:32:01.243000+00:00;10;1258;6;10016
2025-04-18 17:32:01.243000+00:00;12;1258;9;10016
2025-04-18 17:32:01.243000+00:00;14;1258;15;10016
2025-04-18 17:32:01.243000+00:00;22;1258;13;10016
2025-04-18 17:32:01.243000+00:00;23;1258;8;10016
2025-04-18 17:32:01.243000+00:00;27;1258;7;10016
2025-04-18 17:32:01.243000+00:00;30;1258;14;10016
2025-04-18 17:32:01.243000+00:00;44;1258;11;10016
2025-04-18 17:32:01.243000+00:00;87;1258;16;10016
2025-04-18 17:32:17.118000+00:00;4;1258;11;10016
2025-04-18 17:32:17.118000+00:00;6;1258;13;10016
2025-04-18 17:32:17.118000+00:00;10;1258;7;10016
2025-04-18 17:32:17.118000+00:00;12;1258;10;10016
2025-04-18 17:32:17.118000+00:00;16;1258;6;10016
2025-04-18 17:32:17.118000+00:00;22;1258;4;10016
2025-04-18 17:32:17.118000+00:00;23;1258;9;10016
2025-04-18 17:32:17.118000+00:00;27;1258;8;10016
2025-04-18 17:32:17.118000+00:00;44;1258;12;10016
2025-04-18 17:32:17.118000+00:00;63;1258;5;10016
2025-04-18 17:32:36.452000+00:00;1;1258;3;10016
2025-04-18 17:32:36.452000+00:00;4;1258;1;10016
2025-04-18 17:32:36.452000+00:00;10;1258;8;10016
2025-04-18 17:32:36.452000+00:00;12;1258;11;10016
2025-04-18 17:32:36.452000+00:00;16;1258;7;10016
2025-04-18 17:32:36.452000+00:00;22;1258;5;10016
2025-04-18 17:32:36.452000+00:00;23;1258;10;10016
2025-04-18 17:32:36.452000+00:00;27;1258;9;10016
2025-04-18 17:32:36.452000+00:00;55;1258;4;10016
2025-04-18 17:32:36.452000+00:00;63;1258;6;10016
2025-04-18 17:32:36.452000+00:00;81;1258;2;10016
2025-04-18 17:34:34.860000+00:00;7;1258;17;10016
2025-04-18 17:34:34.860000+00:00;18;1258;18;10016
2025-04-18 17:34:34.860000+00:00;31;1258;19;10016
2025-04-18 17:36:17.713000+00:00;6;1258;12;10016
2025-04-18 17:36:17.713000+00:00;44;1258;13;10016
2025-04-18 17:38:05.244000+00:00;16;1258;4;10016
2025-04-18 17:38:05.244000+00:00;22;1258;6;10016
2025-04-18 17:38:05.244000+00:00;55;1258;5;10016
2025-04-18 17:38:05.244000+00:00;63;1258;7;10016
2025-04-19 13:16:10.186000+00:00;1;1258;1;10017
2025-04-19 13:16:10.186000+00:00;4;1258;2;10017
2025-04-19 13:16:10.186000+00:00;5;1258;3;10017
2025-04-19 13:16:10.186000+00:00;6;1258;4;10017
2025-04-19 13:16:10.186000+00:00;7;1258;5;10017
2025-04-19 13:16:10.186000+00:00;10;1258;6;10017
2025-04-19 13:16:10.186000+00:00;12;1258;7;10017
2025-04-19 13:16:10.186000+00:00;14;1258;8;10017
2025-04-19 13:16:10.186000+00:00;16;1258;9;10017
2025-04-19 13:16:10.186000+00:00;18;1258;10;10017
2025-04-19 13:16:10.186000+00:00;22;1258;11;10017
2025-04-19 13:16:10.186000+00:00;23;1258;12;10017
2025-04-19 13:16:10.186000+00:00;27;1258;13;10017
2025-04-19 13:16:10.186000+00:00;30;1258;14;10017
2025-04-19 13:16:10.186000+00:00;31;1258;15;10017
2025-04-19 13:16:10.186000+00:00;44;1258;16;10017
2025-04-19 13:16:10.186000+00:00;55;1258;17;10017
2025-04-19 13:16:10.186000+00:00;63;1258;18;10017
2025-04-19 13:16:10.186000+00:00;81;1258;19;10017
2025-04-19 13:16:10.186000+00:00;87;1258;20;10017
2025-04-19 13:30:18.183000+00:00;1;1258;2;10017
2025-04-19 13:30:18.183000+00:00;4;1258;3;10017
2025-04-19 13:30:18.183000+00:00;5;1258;1;10017
2025-04-19 13:30:49.418000+00:00;1;1258;3;10017
2025-04-19 13:30:49.418000+00:00;4;1258;4;10017
2025-04-19 13:30:49.418000+00:00;6;1258;5;10017
2025-04-19 13:30:49.418000+00:00;7;1258;2;10017
2025-04-19 13:31:17.436000+00:00;1;1258;4;10017
2025-04-19 13:31:17.436000+00:00;4;1258;5;10017
2025-04-19 13:31:17.436000+00:00;6;1258;6;10017
2025-04-19 13:31:17.436000+00:00;10;1258;7;10017
2025-04-19 13:31:17.436000+00:00;12;1258;8;10017
2025-04-19 13:31:17.436000+00:00;14;1258;3;10017
2025-04-19 13:31:30.093000+00:00;1;1258;5;10017
2025-04-19 13:31:30.093000+00:00;4;1258;6;10017
2025-04-19 13:31:30.093000+00:00;6;1258;7;10017
2025-04-19 13:31:30.093000+00:00;10;1258;8;10017
2025-04-19 13:31:30.093000+00:00;12;1258;9;10017
2025-04-19 13:31:30.093000+00:00;16;1258;10;10017
2025-04-19 13:31:30.093000+00:00;18;1258;4;10017
2025-04-19 13:34:12.224000+00:00;5;1258;2;10017
2025-04-19 13:34:12.224000+00:00;7;1258;1;10017
2025-04-19 13:35:05.680000+00:00;1;1258;6;10017
2025-04-19 13:35:05.680000+00:00;4;1258;7;10017
2025-04-19 13:35:05.680000+00:00;6;1258;8;10017
2025-04-19 13:35:05.680000+00:00;10;1258;9;10017
2025-04-19 13:35:05.680000+00:00;12;1258;10;10017
2025-04-19 13:35:05.680000+00:00;16;1258;11;10017
2025-04-19 13:35:05.680000+00:00;22;1258;12;10017
2025-04-19 13:35:05.680000+00:00;23;1258;13;10017
2025-04-19 13:35:05.680000+00:00;27;1258;14;10017
2025-04-19 13:35:05.680000+00:00;30;1258;15;10017
2025-04-19 13:35:05.680000+00:00;31;1258;5;10017
2025-04-19 13:36:11.084000+00:00;1;1258;7;10017
2025-04-19 13:36:11.084000+00:00;4;1258;8;10017
2025-04-19 13:36:11.084000+00:00;6;1258;9;10017
2025-04-19 13:36:11.084000+00:00;10;1258;10;10017
2025-04-19 13:36:11.084000+00:00;12;1258;11;10017
2025-04-19 13:36:11.084000+00:00;16;1258;12;10017
2025-04-19 13:36:11.084000+00:00;22;1258;13;10017
2025-04-19 13:36:11.084000+00:00;23;1258;14;10017
2025-04-19 13:36:11.084000+00:00;27;1258;15;10017
2025-04-19 13:36:11.084000+00:00;30;1258;16;10017
2025-04-19 13:36:11.084000+00:00;44;1258;17;10017
2025-04-19 13:36:11.084000+00:00;55;1258;18;10017
2025-04-19 13:36:11.084000+00:00;63;1258;19;10017
2025-04-19 13:36:11.084000+00:00;81;1258;20;10017
2025-04-19 13:36:11.084000+00:00;87;1258;6;10017
2025-04-19 13:38:28.592000+00:00;5;1258;3;10017
2025-04-19 13:38:28.592000+00:00;7;1258;2;10017
2025-04-19 13:38:28.592000+00:00;14;1258;4;10017
2025-04-19 13:38:28.592000+00:00;18;1258;5;10017
2025-04-19 13:38:28.592000+00:00;31;1258;1;10017
2025-04-19 13:38:53.998000+00:00;1;1258;8;10017
2025-04-19 13:38:53.998000+00:00;4;1258;9;10017
2025-04-19 13:38:53.998000+00:00;6;1258;7;10017
2025-04-19 13:39:23.813000+00:00;1;1258;9;10017
2025-04-19 13:39:23.813000+00:00;4;1258;10;10017
2025-04-19 13:39:23.813000+00:00;10;1258;11;10017
2025-04-19 13:39:23.813000+00:00;12;1258;12;10017
2025-04-19 13:39:23.813000+00:00;16;1258;13;10017
2025-04-19 13:39:23.813000+00:00;22;1258;14;10017
2025-04-19 13:39:23.813000+00:00;23;1258;15;10017
2025-04-19 13:39:23.813000+00:00;27;1258;16;10017
2025-04-19 13:39:23.813000+00:00;30;1258;17;10017
2025-04-19 13:39:23.813000+00:00;44;1258;8;10017
2025-04-19 13:39:45.554000+00:00;5;1258;4;10017
2025-04-19 13:39:45.554000+00:00;7;1258;3;10017
2025-04-19 13:39:45.554000+00:00;14;1258;5;10017
2025-04-19 13:39:45.554000+00:00;18;1258;6;10017
2025-04-19 13:39:45.554000+00:00;31;1258;2;10017
2025-04-19 13:39:45.554000+00:00;87;1258;1;10017
2025-04-19 13:40:10.695000+00:00;1;1258;10;10017
2025-04-19 13:40:10.695000+00:00;4;1258;11;10017
2025-04-19 13:40:10.695000+00:00;10;1258;12;10017
2025-04-19 13:40:10.695000+00:00;12;1258;13;10017
2025-04-19 13:40:10.695000+00:00;16;1258;9;10017
2025-04-19 13:42:33.603000+00:00;1;1258;11;10017
2025-04-19 13:42:33.603000+00:00;4;1258;12;10017
2025-04-19 13:42:33.603000+00:00;10;1258;13;10017
2025-04-19 13:42:33.603000+00:00;12;1258;14;10017
2025-04-19 13:42:33.603000+00:00;22;1258;15;10017
2025-04-19 13:42:33.603000+00:00;23;1258;16;10017
2025-04-19 13:42:33.603000+00:00;27;1258;17;10017
2025-04-19 13:42:33.603000+00:00;30;1258;10;10017
2025-04-19 13:42:44.914000+00:00;1;1258;12;10017
2025-04-19 13:42:44.914000+00:00;4;1258;13;10017
2025-04-19 13:42:44.914000+00:00;10;1258;14;10017
2025-04-19 13:42:44.914000+00:00;12;1258;15;10017
2025-04-19 13:42:44.914000+00:00;22;1258;16;10017
2025-04-19 13:42:44.914000+00:00;23;1258;17;10017
2025-04-19 13:42:44.914000+00:00;27;1258;18;10017
2025-04-19 13:42:44.914000+00:00;55;1258;19;10017
2025-04-19 13:42:44.914000+00:00;63;1258;20;10017
2025-04-19 13:42:44.914000+00:00;81;1258;11;10017
2025-04-19 13:42:55.796000+00:00;5;1258;5;10017
2025-04-19 13:42:55.796000+00:00;6;1258;8;10017
2025-04-19 13:42:55.796000+00:00;7;1258;4;10017
2025-04-19 13:42:55.796000+00:00;14;1258;6;10017
2025-04-19 13:42:55.796000+00:00;18;1258;7;10017
2025-04-19 13:42:55.796000+00:00;31;1258;3;10017
2025-04-19 13:42:55.796000+00:00;44;1258;2;10017
2025-04-19 13:43:09.592000+00:00;1;1258;13;10017
2025-04-19 13:43:09.592000+00:00;4;1258;12;10017
2025-04-19 13:43:42.978000+00:00;5;1258;6;10017
2025-04-19 13:43:42.978000+00:00;6;1258;9;10017
2025-04-19 13:43:42.978000+00:00;7;1258;5;10017
2025-04-19 13:43:42.978000+00:00;14;1258;7;10017
2025-04-19 13:43:42.978000+00:00;16;1258;3;10017
2025-04-19 13:43:42.978000+00:00;18;1258;8;10017
2025-04-19 13:43:42.978000+00:00;31;1258;4;10017
2025-04-19 13:43:49.716000+00:00;7;1258;1;10017
2025-04-19 13:43:49.716000+00:00;16;1258;4;10017
2025-04-19 13:43:49.716000+00:00;31;1258;5;10017
2025-04-19 13:43:49.716000+00:00;44;1258;3;10017
2025-04-19 13:43:49.716000+00:00;87;1258;2;10017
2025-04-19 13:45:21.605000+00:00;16;1258;5;10017
2025-04-19 13:45:21.605000+00:00;31;1258;2;10017
2025-04-19 13:45:21.605000+00:00;44;1258;4;10017
2025-04-19 13:45:21.605000+00:00;87;1258;3;10017
2025-04-19 13:46:17.518000+00:00;5;1258;7;10017
2025-04-19 13:46:17.518000+00:00;6;1258;10;10017
2025-04-19 13:46:17.518000+00:00;7;1258;2;10017
2025-04-19 13:46:17.518000+00:00;14;1258;8;10017
2025-04-19 13:46:17.518000+00:00;16;1258;6;10017
2025-04-19 13:46:17.518000+00:00;18;1258;9;10017
2025-04-19 13:46:17.518000+00:00;30;1258;11;10017
2025-04-19 13:46:17.518000+00:00;31;1258;3;10017
2025-04-19 13:46:17.518000+00:00;44;1258;5;10017
2025-04-19 13:46:17.518000+00:00;81;1258;1;10017
2025-04-19 13:46:17.518000+00:00;87;1258;4;10017
2025-04-19 13:47:01.469000+00:00;4;1258;2;10017
2025-04-19 13:47:01.469000+00:00;5;1258;8;10017
2025-04-19 13:47:01.469000+00:00;6;1258;11;10017
2025-04-19 13:47:01.469000+00:00;7;1258;3;10017
2025-04-19 13:47:01.469000+00:00;14;1258;9;10017
2025-04-19 13:47:01.469000+00:00;16;1258;7;10017
2025-04-19 13:47:01.469000+00:00;18;1258;10;10017
2025-04-19 13:47:01.469000+00:00;30;1258;12;10017
2025-04-19 13:47:01.469000+00:00;31;1258;4;10017
2025-04-19 13:47:01.469000+00:00;44;1258;6;10017
2025-04-19 13:47:01.469000+00:00;87;1258;5;10017
2025-04-19 13:47:07.274000+00:00;7;1258;4;10017
2025-04-19 13:47:07.274000+00:00;31;1258;5;10017
2025-04-19 13:47:07.274000+00:00;87;1258;3;10017
2025-04-19 13:47:11.821000+00:00;10;1258;15;10017
2025-04-19 13:47:11.821000+00:00;12;1258;16;10017
2025-04-19 13:47:11.821000+00:00;22;1258;17;10017
2025-04-19 13:47:11.821000+00:00;23;1258;18;10017
2025-04-19 13:47:11.821000+00:00;27;1258;14;10017
2025-04-19 13:47:29.557000+00:00;10;1258;16;10017
2025-04-19 13:47:29.557000+00:00;12;1258;17;10017
2025-04-19 13:47:29.557000+00:00;22;1258;18;10017
2025-04-19 13:47:29.557000+00:00;23;1258;15;10017
2025-04-19 13:47:30.275000+00:00;5;1258;9;10017
2025-04-19 13:47:30.275000+00:00;6;1258;8;10017
2025-04-19 13:47:30.275000+00:00;14;1258;10;10017
2025-04-19 13:47:30.275000+00:00;18;1258;11;10017
2025-04-19 13:49:35.691000+00:00;1;1258;1;10017
2025-04-19 13:49:35.691000+00:00;4;1258;3;10017
2025-04-19 13:49:35.691000+00:00;5;1258;10;10017
2025-04-19 13:49:35.691000+00:00;6;1258;9;10017
2025-04-19 13:49:35.691000+00:00;7;1258;5;10017
2025-04-19 13:49:35.691000+00:00;14;1258;11;10017
2025-04-19 13:49:35.691000+00:00;16;1258;8;10017
2025-04-19 13:49:35.691000+00:00;18;1258;12;10017
2025-04-19 13:49:35.691000+00:00;30;1258;13;10017
2025-04-19 13:49:35.691000+00:00;31;1258;6;10017
2025-04-19 13:49:35.691000+00:00;44;1258;7;10017
2025-04-19 13:49:35.691000+00:00;81;1258;2;10017
2025-04-19 13:49:35.691000+00:00;87;1258;4;10017
2025-04-19 13:49:38.363000+00:00;10;1258;17;10017
2025-04-19 13:49:38.363000+00:00;12;1258;18;10017
2025-04-19 13:49:38.363000+00:00;22;1258;19;10017
2025-04-19 13:49:38.363000+00:00;55;1258;20;10017
2025-04-19 13:49:38.363000+00:00;63;1258;16;10017
2025-04-19 13:49:42.151000+00:00;10;1258;18;10017
2025-04-19 13:49:42.151000+00:00;12;1258;17;10017
2025-04-19 13:49:58.763000+00:00;10;1258;19;10017
2025-04-19 13:49:58.763000+00:00;22;1258;20;10017
2025-04-19 13:49:58.763000+00:00;55;1258;18;10017
2025-04-19 13:50:34.857000+00:00;4;1258;4;10017
2025-04-19 13:50:34.857000+00:00;7;1258;6;10017
2025-04-19 13:50:34.857000+00:00;31;1258;7;10017
2025-04-19 13:50:34.857000+00:00;44;1258;3;10017
2025-04-19 13:50:34.857000+00:00;87;1258;5;10017
2025-04-19 13:50:42.810000+00:00;5;1258;11;10017
2025-04-19 13:50:42.810000+00:00;14;1258;12;10017
2025-04-19 13:50:42.810000+00:00;18;1258;13;10017
2025-04-19 13:50:42.810000+00:00;27;1258;10;10017
2025-04-19 13:50:42.810000+00:00;30;1258;14;10017
2025-04-19 13:50:48.357000+00:00;5;1258;12;10017
2025-04-19 13:50:48.357000+00:00;6;1258;10;10017
2025-04-19 13:50:48.357000+00:00;14;1258;13;10017
2025-04-19 13:50:48.357000+00:00;16;1258;9;10017
2025-04-19 13:50:48.357000+00:00;18;1258;14;10017
2025-04-19 13:50:48.357000+00:00;23;1258;8;10017
2025-04-19 13:50:48.357000+00:00;27;1258;11;10017
2025-04-19 13:50:48.357000+00:00;30;1258;15;10017
2025-04-19 13:50:59.832000+00:00;1;1258;2;10017
2025-04-19 13:50:59.832000+00:00;4;1258;5;10017
2025-04-19 13:50:59.832000+00:00;7;1258;7;10017
2025-04-19 13:50:59.832000+00:00;16;1258;1;10017
2025-04-19 13:50:59.832000+00:00;23;1258;9;10017
2025-04-19 13:50:59.832000+00:00;31;1258;8;10017
2025-04-19 13:50:59.832000+00:00;44;1258;4;10017
2025-04-19 13:50:59.832000+00:00;81;1258;3;10017
2025-04-19 13:50:59.832000+00:00;87;1258;6;10017
2025-04-19 13:51:10.894000+00:00;5;1258;13;10017
2025-04-19 13:51:10.894000+00:00;6;1258;11;10017
2025-04-19 13:51:10.894000+00:00;14;1258;14;10017
2025-04-19 13:51:10.894000+00:00;18;1258;15;10017
2025-04-19 13:51:10.894000+00:00;23;1258;10;10017
2025-04-19 13:51:10.894000+00:00;27;1258;12;10017
2025-04-19 13:51:10.894000+00:00;30;1258;9;10017
2025-04-19 13:52:05.185000+00:00;5;1258;14;10017
2025-04-19 13:52:05.185000+00:00;6;1258;12;10017
2025-04-19 13:52:05.185000+00:00;14;1258;11;10017
2025-04-19 13:52:05.185000+00:00;27;1258;13;10017
2025-04-19 13:52:24.232000+00:00;1;1258;3;10017
2025-04-19 13:52:24.232000+00:00;16;1258;2;10017
2025-04-19 13:52:24.232000+00:00;81;1258;1;10017
2025-04-19 13:52:32.715000+00:00;5;1258;15;10017
2025-04-19 13:52:32.715000+00:00;18;1258;13;10017
2025-04-19 13:52:32.715000+00:00;27;1258;14;10017
2025-04-19 13:53:06.242000+00:00;5;1258;16;10017
2025-04-19 13:53:06.242000+00:00;6;1258;13;10017
2025-04-19 13:53:06.242000+00:00;7;1258;8;10017
2025-04-19 13:53:06.242000+00:00;14;1258;12;10017
2025-04-19 13:53:06.242000+00:00;18;1258;14;10017
2025-04-19 13:53:06.242000+00:00;23;1258;11;10017
2025-04-19 13:53:06.242000+00:00;27;1258;15;10017
2025-04-19 13:53:06.242000+00:00;30;1258;10;10017
2025-04-19 13:53:06.242000+00:00;31;1258;9;10017
2025-04-19 13:53:06.242000+00:00;63;1258;6;10017
2025-04-19 13:53:06.242000+00:00;87;1258;7;10017
2025-04-19 13:53:14.836000+00:00;5;1258;17;10017
2025-04-19 13:53:14.836000+00:00;6;1258;14;10017
2025-04-19 13:53:14.836000+00:00;12;1258;10;10017
2025-04-19 13:53:14.836000+00:00;14;1258;13;10017
2025-04-19 13:53:14.836000+00:00;18;1258;15;10017
2025-04-19 13:53:14.836000+00:00;23;1258;12;10017
2025-04-19 13:53:14.836000+00:00;27;1258;16;10017
2025-04-19 13:53:14.836000+00:00;30;1258;11;10017
2025-04-19 13:53:22.242000+00:00;5;1258;18;10017
2025-04-19 13:53:22.242000+00:00;6;1258;15;10017
2025-04-19 13:53:22.242000+00:00;12;1258;11;10017
2025-04-19 13:53:22.242000+00:00;14;1258;14;10017
2025-04-19 13:53:22.242000+00:00;18;1258;16;10017
2025-04-19 13:53:22.242000+00:00;23;1258;13;10017
2025-04-19 13:53:22.242000+00:00;27;1258;17;10017
2025-04-19 13:53:22.242000+00:00;30;1258;12;10017
2025-04-19 13:53:22.242000+00:00;55;1258;10;10017
2025-04-19 13:53:30.651000+00:00;1;1258;4;10017
2025-04-19 13:53:30.651000+00:00;4;1258;2;10017
2025-04-19 13:53:30.651000+00:00;16;1258;3;10017
2025-04-19 13:53:30.651000+00:00;44;1258;5;10017
2025-04-19 13:53:57.119000+00:00;5;1258;19;10017
2025-04-19 13:53:57.119000+00:00;6;1258;16;10017
2025-04-19 13:53:57.119000+00:00;10;1258;9;10017
2025-04-19 13:53:57.119000+00:00;12;1258;12;10017
2025-04-19 13:53:57.119000+00:00;14;1258;15;10017
2025-04-19 13:53:57.119000+00:00;18;1258;17;10017
2025-04-19 13:53:57.119000+00:00;23;1258;14;10017
2025-04-19 13:53:57.119000+00:00;27;1258;18;10017
2025-04-19 13:53:57.119000+00:00;30;1258;13;10017
2025-04-19 13:53:57.119000+00:00;31;1258;10;10017
2025-04-19 13:53:57.119000+00:00;55;1258;11;10017
2025-04-19 13:54:16.654000+00:00;5;1258;20;10017
2025-04-19 13:54:16.654000+00:00;6;1258;17;10017
2025-04-19 13:54:16.654000+00:00;18;1258;18;10017
2025-04-19 13:54:16.654000+00:00;22;1258;16;10017
2025-04-19 13:54:16.654000+00:00;27;1258;19;10017
2025-04-19 13:57:12.556000+00:00;6;1258;18;10017
2025-04-19 13:57:12.556000+00:00;7;1258;9;10017
2025-04-19 13:57:12.556000+00:00;10;1258;10;10017
2025-04-19 13:57:12.556000+00:00;12;1258;13;10017
2025-04-19 13:57:12.556000+00:00;14;1258;16;10017
2025-04-19 13:57:12.556000+00:00;18;1258;19;10017
2025-04-19 13:57:12.556000+00:00;22;1258;17;10017
2025-04-19 13:57:12.556000+00:00;23;1258;15;10017
2025-04-19 13:57:12.556000+00:00;27;1258;7;10017
2025-04-19 13:57:12.556000+00:00;30;1258;14;10017
2025-04-19 13:57:12.556000+00:00;31;1258;11;10017
2025-04-19 13:57:12.556000+00:00;55;1258;12;10017
2025-04-19 13:57:12.556000+00:00;87;1258;8;10017
2025-04-19 13:59:16.710000+00:00;12;1258;14;10017
2025-04-19 13:59:16.710000+00:00;14;1258;12;10017
2025-04-19 13:59:16.710000+00:00;23;1258;16;10017
2025-04-19 13:59:16.710000+00:00;30;1258;15;10017
2025-04-19 13:59:16.710000+00:00;55;1258;13;10017
2025-04-19 13:59:31.023000+00:00;6;1258;19;10017
2025-04-19 13:59:31.023000+00:00;18;1258;18;10017
2025-04-19 14:00:33.105000+00:00;7;1258;10;10017
2025-04-19 14:00:33.105000+00:00;10;1258;7;10017
2025-04-19 14:00:33.105000+00:00;27;1258;8;10017
2025-04-19 14:00:33.105000+00:00;87;1258;9;10017
2025-04-19 14:01:05.289000+00:00;7;1258;11;10017
2025-04-19 14:01:05.289000+00:00;10;1258;8;10017
2025-04-19 14:01:05.289000+00:00;12;1258;15;10017
2025-04-19 14:01:05.289000+00:00;14;1258;13;10017
2025-04-19 14:01:05.289000+00:00;22;1258;5;10017
2025-04-19 14:01:05.289000+00:00;23;1258;17;10017
2025-04-19 14:01:05.289000+00:00;27;1258;9;10017
2025-04-19 14:01:05.289000+00:00;30;1258;16;10017
2025-04-19 14:01:05.289000+00:00;31;1258;12;10017
2025-04-19 14:01:05.289000+00:00;44;1258;6;10017
2025-04-19 14:01:05.289000+00:00;55;1258;14;10017
2025-04-19 14:01:05.289000+00:00;63;1258;7;10017
2025-04-19 14:01:05.289000+00:00;87;1258;10;10017
2025-04-19 14:01:46.774000+00:00;1;1258;3;10017
2025-04-19 14:01:46.774000+00:00;16;1258;4;10017
2025-04-19 14:02:06.050000+00:00;7;1258;10;10017
2025-04-19 14:02:06.050000+00:00;87;1258;11;10017
2025-04-19 14:02:58.652000+00:00;22;1258;6;10017
2025-04-19 14:02:58.652000+00:00;44;1258;7;10017
2025-04-19 14:02:58.652000+00:00;63;1258;5;10017
2025-04-19 14:03:07.784000+00:00;7;1258;11;10017
2025-04-19 14:03:07.784000+00:00;10;1258;9;10017
2025-04-19 14:03:07.784000+00:00;12;1258;8;10017
2025-04-19 14:03:07.784000+00:00;14;1258;14;10017
2025-04-19 14:03:07.784000+00:00;27;1258;10;10017
2025-04-19 14:03:07.784000+00:00;31;1258;13;10017
2025-04-19 14:03:07.784000+00:00;55;1258;15;10017
2025-04-19 14:03:07.784000+00:00;87;1258;12;10017
2025-04-19 14:05:24.416000+00:00;7;1258;12;10017
2025-04-19 14:05:24.416000+00:00;10;1258;10;10017
2025-04-19 14:05:24.416000+00:00;12;1258;9;10017
2025-04-19 14:05:24.416000+00:00;14;1258;15;10017
2025-04-19 14:05:24.416000+00:00;22;1258;7;10017
2025-04-19 14:05:24.416000+00:00;23;1258;6;10017
2025-04-19 14:05:24.416000+00:00;27;1258;11;10017
2025-04-19 14:05:24.416000+00:00;30;1258;17;10017
2025-04-19 14:05:24.416000+00:00;31;1258;14;10017
2025-04-19 14:05:24.416000+00:00;44;1258;8;10017
2025-04-19 14:05:24.416000+00:00;55;1258;16;10017
2025-04-19 14:05:24.416000+00:00;87;1258;13;10017
2025-04-19 14:05:33.931000+00:00;1;1258;4;10017
2025-04-19 14:05:33.931000+00:00;16;1258;3;10017
2025-04-19 14:05:38.673000+00:00;7;1258;13;10017
2025-04-19 14:05:38.673000+00:00;10;1258;11;10017
2025-04-19 14:05:38.673000+00:00;12;1258;10;10017
2025-04-19 14:05:38.673000+00:00;27;1258;12;10017
2025-04-19 14:05:38.673000+00:00;31;1258;9;10017
2025-04-19 14:05:38.673000+00:00;87;1258;14;10017
2025-04-19 14:06:06.462000+00:00;7;1258;14;10017
2025-04-19 14:06:06.462000+00:00;10;1258;12;10017
2025-04-19 14:06:06.462000+00:00;12;1258;11;10017
2025-04-19 14:06:06.462000+00:00;14;1258;16;10017
2025-04-19 14:06:06.462000+00:00;22;1258;8;10017
2025-04-19 14:06:06.462000+00:00;23;1258;7;10017
2025-04-19 14:06:06.462000+00:00;27;1258;13;10017
2025-04-19 14:06:06.462000+00:00;31;1258;10;10017
2025-04-19 14:06:06.462000+00:00;44;1258;9;10017
2025-04-19 14:06:06.462000+00:00;55;1258;5;10017
2025-04-19 14:06:06.462000+00:00;63;1258;6;10017
2025-04-19 14:06:06.462000+00:00;87;1258;15;10017
2025-04-19 14:07:05.342000+00:00;6;1258;16;10017
2025-04-19 14:07:05.342000+00:00;14;1258;17;10017
2025-04-19 14:07:05.342000+00:00;18;1258;19;10017
2025-04-19 14:07:05.342000+00:00;30;1258;18;10017
2025-04-19 14:07:11.201000+00:00;10;1258;10;10017
2025-04-19 14:07:11.201000+00:00;12;1258;12;10017
2025-04-19 14:07:11.201000+00:00;31;1258;11;10017
2025-04-19 14:13:19.518000+00:00;1;1258;5;10017
2025-04-19 14:13:19.518000+00:00;4;1258;3;10017
2025-04-19 14:13:19.518000+00:00;16;1258;4;10017
2025-04-19 14:13:19.518000+00:00;55;1258;6;10017
2025-04-19 14:13:19.518000+00:00;63;1258;1;10017
2025-04-19 14:13:19.518000+00:00;81;1258;2;10017
2025-04-19 14:13:26.990000+00:00;1;1258;6;10017
2025-04-19 14:13:26.990000+00:00;10;1258;11;10017
2025-04-19 14:13:26.990000+00:00;12;1258;4;10017
2025-04-19 14:13:26.990000+00:00;16;1258;5;10017
2025-04-19 14:13:26.990000+00:00;22;1258;9;10017
2025-04-19 14:13:26.990000+00:00;23;1258;8;10017
2025-04-19 14:13:26.990000+00:00;31;1258;12;10017
2025-04-19 14:13:26.990000+00:00;44;1258;10;10017
2025-04-19 14:13:26.990000+00:00;55;1258;7;10017
2025-04-19 14:13:35.600000+00:00;63;1258;2;10017
2025-04-19 14:13:35.600000+00:00;81;1258;1;10017
2025-04-19 14:13:43.240000+00:00;4;1258;2;10017
2025-04-19 14:13:43.240000+00:00;63;1258;3;10017
2025-04-19 14:13:49.947000+00:00;1;1258;7;10017
2025-04-19 14:13:49.947000+00:00;12;1258;5;10017
2025-04-19 14:13:49.947000+00:00;16;1258;6;10017
2025-04-19 14:13:49.947000+00:00;23;1258;4;10017
2025-04-19 14:13:49.947000+00:00;55;1258;8;10017
2025-04-19 14:14:19.163000+00:00;1;1258;8;10017
2025-04-19 14:14:19.163000+00:00;12;1258;6;10017
2025-04-19 14:14:19.163000+00:00;16;1258;7;10017
2025-04-19 14:14:19.163000+00:00;22;1258;5;10017
2025-04-19 14:14:19.163000+00:00;55;1258;9;10017
2025-04-19 14:14:29.810000+00:00;1;1258;5;10017
2025-04-19 14:14:29.810000+00:00;12;1258;7;10017
2025-04-19 14:14:29.810000+00:00;16;1258;8;10017
2025-04-19 14:14:29.810000+00:00;22;1258;6;10017
2025-04-19 14:15:10.095000+00:00;7;1258;15;10017
2025-04-19 14:15:10.095000+00:00;10;1258;12;10017
2025-04-19 14:15:10.095000+00:00;27;1258;14;10017
2025-04-19 14:15:10.095000+00:00;31;1258;13;10017
2025-04-19 14:15:10.095000+00:00;44;1258;11;10017
2025-04-19 14:15:10.095000+00:00;87;1258;10;10017
2025-04-19 14:15:37.305000+00:00;27;1258;13;10017
2025-04-19 14:15:37.305000+00:00;31;1258;14;10017
2025-04-19 14:16:06.001000+00:00;1;1258;6;10017
2025-04-19 14:16:06.001000+00:00;12;1258;8;10017
2025-04-19 14:16:06.001000+00:00;16;1258;4;10017
2025-04-19 14:16:06.001000+00:00;22;1258;7;10017
2025-04-19 14:16:06.001000+00:00;23;1258;5;10017
2025-04-19 14:16:16.592000+00:00;6;1258;17;10017
2025-04-19 14:16:16.592000+00:00;7;1258;16;10017
2025-04-19 14:16:16.592000+00:00;10;1258;13;10017
2025-04-19 14:16:16.592000+00:00;14;1258;18;10017
2025-04-19 14:16:16.592000+00:00;27;1258;14;10017
2025-04-19 14:16:16.592000+00:00;30;1258;10;10017
2025-04-19 14:16:16.592000+00:00;31;1258;15;10017
2025-04-19 14:16:16.592000+00:00;44;1258;12;10017
2025-04-19 14:16:16.592000+00:00;87;1258;11;10017
2025-04-19 14:20:11.571000+00:00;6;1258;18;10017
2025-04-19 14:20:11.571000+00:00;7;1258;17;10017
2025-04-19 14:20:11.571000+00:00;10;1258;14;10017
2025-04-19 14:20:11.571000+00:00;14;1258;9;10017
2025-04-19 14:20:11.571000+00:00;27;1258;15;10017
2025-04-19 14:20:11.571000+00:00;30;1258;11;10017
2025-04-19 14:20:11.571000+00:00;31;1258;16;10017
2025-04-19 14:20:11.571000+00:00;44;1258;13;10017
2025-04-19 14:20:11.571000+00:00;55;1258;10;10017
2025-04-19 14:20:11.571000+00:00;87;1258;12;10017
2025-04-19 14:20:45.846000+00:00;6;1258;19;10017
2025-04-19 14:20:45.846000+00:00;18;1258;18;10017
2025-04-19 14:21:51.642000+00:00;7;1258;11;10017
2025-04-19 14:21:51.642000+00:00;10;1258;15;10017
2025-04-19 14:21:51.642000+00:00;27;1258;16;10017
2025-04-19 14:21:51.642000+00:00;30;1258;12;10017
2025-04-19 14:21:51.642000+00:00;31;1258;17;10017
2025-04-19 14:21:51.642000+00:00;44;1258;14;10017
2025-04-19 14:21:51.642000+00:00;87;1258;13;10017
2025-04-19 14:22:18.156000+00:00;4;1258;1;10017
2025-04-19 14:22:18.156000+00:00;81;1258;2;10017
2025-04-19 14:22:49.816000+00:00;12;1258;9;10017
2025-04-19 14:22:49.816000+00:00;14;1258;10;10017
2025-04-19 14:22:49.816000+00:00;22;1258;8;10017
2025-04-19 14:22:49.816000+00:00;55;1258;7;10017
2025-04-19 14:23:03.350000+00:00;6;1258;10;10017
2025-04-19 14:23:03.350000+00:00;7;1258;12;10017
2025-04-19 14:23:03.350000+00:00;10;1258;16;10017
2025-04-19 14:23:03.350000+00:00;14;1258;11;10017
2025-04-19 14:23:03.350000+00:00;18;1258;19;10017
2025-04-19 14:23:03.350000+00:00;27;1258;17;10017
2025-04-19 14:23:03.350000+00:00;30;1258;13;10017
2025-04-19 14:23:03.350000+00:00;31;1258;18;10017
2025-04-19 14:23:03.350000+00:00;44;1258;15;10017
2025-04-19 14:23:03.350000+00:00;87;1258;14;10017
2025-04-19 14:23:16.678000+00:00;6;1258;11;10017
2025-04-19 14:23:16.678000+00:00;7;1258;13;10017
2025-04-19 14:23:16.678000+00:00;10;1258;8;10017
2025-04-19 14:23:16.678000+00:00;12;1258;10;10017
2025-04-19 14:23:16.678000+00:00;14;1258;12;10017
2025-04-19 14:23:16.678000+00:00;22;1258;9;10017
2025-04-19 14:23:16.678000+00:00;30;1258;14;10017
2025-04-19 14:23:16.678000+00:00;44;1258;16;10017
2025-04-19 14:23:16.678000+00:00;87;1258;15;10017
2025-04-19 14:23:27.259000+00:00;7;1258;14;10017
2025-04-19 14:23:27.259000+00:00;30;1258;15;10017
2025-04-19 14:23:27.259000+00:00;87;1258;13;10017
2025-04-19 14:24:09.706000+00:00;7;1258;15;10017
2025-04-19 14:24:09.706000+00:00;14;1258;13;10017
2025-04-19 14:24:09.706000+00:00;30;1258;16;10017
2025-04-19 14:24:09.706000+00:00;44;1258;12;10017
2025-04-19 14:24:09.706000+00:00;87;1258;14;10017
2025-04-19 14:27:29.417000+00:00;7;1258;16;10017
2025-04-19 14:27:29.417000+00:00;14;1258;14;10017
2025-04-19 14:27:29.417000+00:00;30;1258;13;10017
2025-04-19 14:27:29.417000+00:00;87;1258;15;10017
2025-04-19 14:28:39.806000+00:00;7;1258;15;10017
2025-04-19 14:28:39.806000+00:00;87;1258;16;10017
2025-04-19 14:29:37.278000+00:00;1;1258;4;10017
2025-04-19 14:29:37.278000+00:00;16;1258;5;10017
2025-04-19 14:29:37.278000+00:00;23;1258;6;10017
2025-04-19 14:29:49.174000+00:00;5;1258;19;10017
2025-04-19 14:29:49.174000+00:00;18;1258;20;10017
2025-04-19 16:46:50.421000+00:00;1;1258;4;10018
2025-04-19 16:46:50.421000+00:00;4;1258;1;10018
2025-04-19 16:46:50.421000+00:00;5;1258;19;10018
2025-04-19 16:46:50.421000+00:00;6;1258;11;10018
2025-04-19 16:46:50.421000+00:00;7;1258;15;10018
2025-04-19 16:46:50.421000+00:00;10;1258;8;10018
2025-04-19 16:46:50.421000+00:00;12;1258;10;10018
2025-04-19 16:46:50.421000+00:00;14;1258;14;10018
2025-04-19 16:46:50.421000+00:00;16;1258;5;10018
2025-04-19 16:46:50.421000+00:00;18;1258;20;10018
2025-04-19 16:46:50.421000+00:00;22;1258;9;10018
2025-04-19 16:46:50.421000+00:00;23;1258;6;10018
2025-04-19 16:46:50.421000+00:00;27;1258;17;10018
2025-04-19 16:46:50.421000+00:00;30;1258;13;10018
2025-04-19 16:46:50.421000+00:00;31;1258;18;10018
2025-04-19 16:46:50.421000+00:00;44;1258;12;10018
2025-04-19 16:46:50.421000+00:00;55;1258;7;10018
2025-04-19 16:46:50.421000+00:00;63;1258;3;10018
2025-04-19 16:46:50.421000+00:00;81;1258;2;10018
2025-04-19 16:46:50.421000+00:00;87;1258;16;10018
2025-04-19 17:00:04.384000+00:00;1;1258;5;10018
2025-04-19 17:00:04.384000+00:00;4;1258;2;10018
2025-04-19 17:00:04.384000+00:00;6;1258;12;10018
2025-04-19 17:00:04.384000+00:00;7;1258;16;10018
2025-04-19 17:00:04.384000+00:00;10;1258;9;10018
2025-04-19 17:00:04.384000+00:00;12;1258;11;10018
2025-04-19 17:00:04.384000+00:00;14;1258;15;10018
2025-04-19 17:00:04.384000+00:00;16;1258;6;10018
2025-04-19 17:00:04.384000+00:00;22;1258;10;10018
2025-04-19 17:00:04.384000+00:00;23;1258;7;10018
2025-04-19 17:00:04.384000+00:00;27;1258;18;10018
2025-04-19 17:00:04.384000+00:00;30;1258;14;10018
2025-04-19 17:00:04.384000+00:00;31;1258;1;10018
2025-04-19 17:00:04.384000+00:00;44;1258;13;10018
2025-04-19 17:00:04.384000+00:00;55;1258;8;10018
2025-04-19 17:00:04.384000+00:00;63;1258;4;10018
2025-04-19 17:00:04.384000+00:00;81;1258;3;10018
2025-04-19 17:00:04.384000+00:00;87;1258;17;10018
2025-04-19 17:00:14.260000+00:00;1;1258;6;10018
2025-04-19 17:00:14.260000+00:00;4;1258;3;10018
2025-04-19 17:00:14.260000+00:00;6;1258;13;10018
2025-04-19 17:00:14.260000+00:00;7;1258;17;10018
2025-04-19 17:00:14.260000+00:00;10;1258;10;10018
2025-04-19 17:00:14.260000+00:00;12;1258;12;10018
2025-04-19 17:00:14.260000+00:00;14;1258;16;10018
2025-04-19 17:00:14.260000+00:00;16;1258;7;10018
2025-04-19 17:00:14.260000+00:00;22;1258;11;10018
2025-04-19 17:00:14.260000+00:00;23;1258;8;10018
2025-04-19 17:00:14.260000+00:00;30;1258;15;10018
2025-04-19 17:00:14.260000+00:00;31;1258;2;10018
2025-04-19 17:00:14.260000+00:00;44;1258;14;10018
2025-04-19 17:00:14.260000+00:00;55;1258;9;10018
2025-04-19 17:00:14.260000+00:00;63;1258;5;10018
2025-04-19 17:00:14.260000+00:00;81;1258;4;10018
2025-04-19 17:00:14.260000+00:00;87;1258;1;10018
2025-04-19 17:00:23.729000+00:00;1;1258;7;10018
2025-04-19 17:00:23.729000+00:00;4;1258;4;10018
2025-04-19 17:00:23.729000+00:00;6;1258;14;10018
2025-04-19 17:00:23.729000+00:00;7;1258;1;10018
2025-04-19 17:00:23.729000+00:00;10;1258;11;10018
2025-04-19 17:00:23.729000+00:00;12;1258;13;10018
2025-04-19 17:00:23.729000+00:00;14;1258;17;10018
2025-04-19 17:00:23.729000+00:00;16;1258;8;10018
2025-04-19 17:00:23.729000+00:00;22;1258;12;10018
2025-04-19 17:00:23.729000+00:00;23;1258;9;10018
2025-04-19 17:00:23.729000+00:00;30;1258;16;10018
2025-04-19 17:00:23.729000+00:00;31;1258;3;10018
2025-04-19 17:00:23.729000+00:00;44;1258;15;10018
2025-04-19 17:00:23.729000+00:00;55;1258;10;10018
2025-04-19 17:00:23.729000+00:00;63;1258;6;10018
2025-04-19 17:00:23.729000+00:00;81;1258;5;10018
2025-04-19 17:00:23.729000+00:00;87;1258;2;10018
2025-04-19 17:00:31.671000+00:00;1;1258;8;10018
2025-04-19 17:00:31.671000+00:00;4;1258;5;10018
2025-04-19 17:00:31.671000+00:00;6;1258;15;10018
2025-04-19 17:00:31.671000+00:00;10;1258;12;10018
2025-04-19 17:00:31.671000+00:00;12;1258;14;10018
2025-04-19 17:00:31.671000+00:00;14;1258;18;10018
2025-04-19 17:00:31.671000+00:00;16;1258;9;10018
2025-04-19 17:00:31.671000+00:00;22;1258;13;10018
2025-04-19 17:00:31.671000+00:00;23;1258;10;10018
2025-04-19 17:00:31.671000+00:00;27;1258;3;10018
2025-04-19 17:00:31.671000+00:00;30;1258;17;10018
2025-04-19 17:00:31.671000+00:00;31;1258;4;10018
2025-04-19 17:00:31.671000+00:00;44;1258;16;10018
2025-04-19 17:00:31.671000+00:00;55;1258;11;10018
2025-04-19 17:00:31.671000+00:00;63;1258;7;10018
2025-04-19 17:00:31.671000+00:00;81;1258;6;10018
2025-04-19 17:00:41.592000+00:00;1;1258;9;10018
2025-04-19 17:00:41.592000+00:00;4;1258;6;10018
2025-04-19 17:00:41.592000+00:00;5;1258;5;10018
2025-04-19 17:00:41.592000+00:00;6;1258;16;10018
2025-04-19 17:00:41.592000+00:00;10;1258;13;10018
2025-04-19 17:00:41.592000+00:00;12;1258;15;10018
2025-04-19 17:00:41.592000+00:00;14;1258;19;10018
2025-04-19 17:00:41.592000+00:00;16;1258;10;10018
2025-04-19 17:00:41.592000+00:00;22;1258;14;10018
2025-04-19 17:00:41.592000+00:00;23;1258;11;10018
2025-04-19 17:00:41.592000+00:00;30;1258;18;10018
2025-04-19 17:00:41.592000+00:00;44;1258;17;10018
2025-04-19 17:00:41.592000+00:00;55;1258;12;10018
2025-04-19 17:00:41.592000+00:00;63;1258;8;10018
2025-04-19 17:00:41.592000+00:00;81;1258;7;10018
2025-04-19 17:00:50.567000+00:00;1;1258;10;10018
2025-04-19 17:00:50.567000+00:00;4;1258;7;10018
2025-04-19 17:00:50.567000+00:00;5;1258;6;10018
2025-04-19 17:00:50.567000+00:00;7;1258;2;10018
2025-04-19 17:00:50.567000+00:00;16;1258;11;10018
2025-04-19 17:00:50.567000+00:00;23;1258;1;10018
2025-04-19 17:00:50.567000+00:00;27;1258;4;10018
2025-04-19 17:00:50.567000+00:00;31;1258;5;10018
2025-04-19 17:00:50.567000+00:00;63;1258;9;10018
2025-04-19 17:00:50.567000+00:00;81;1258;8;10018
2025-04-19 17:00:50.567000+00:00;87;1258;3;10018
2025-04-19 17:00:55.989000+00:00;1;1258;11;10018
2025-04-19 17:00:55.989000+00:00;4;1258;8;10018
2025-04-19 17:00:55.989000+00:00;5;1258;7;10018
2025-04-19 17:00:55.989000+00:00;7;1258;3;10018
2025-04-19 17:00:55.989000+00:00;16;1258;12;10018
2025-04-19 17:00:55.989000+00:00;27;1258;5;10018
2025-04-19 17:00:55.989000+00:00;31;1258;6;10018
2025-04-19 17:00:55.989000+00:00;55;1258;2;10018
2025-04-19 17:00:55.989000+00:00;63;1258;10;10018
2025-04-19 17:00:55.989000+00:00;81;1258;9;10018
2025-04-19 17:00:55.989000+00:00;87;1258;4;10018
2025-04-19 17:01:01.051000+00:00;1;1258;12;10018
2025-04-19 17:01:01.051000+00:00;4;1258;9;10018
2025-04-19 17:01:01.051000+00:00;5;1258;8;10018
2025-04-19 17:01:01.051000+00:00;7;1258;4;10018
2025-04-19 17:01:01.051000+00:00;10;1258;3;10018
2025-04-19 17:01:01.051000+00:00;16;1258;13;10018
2025-04-19 17:01:01.051000+00:00;27;1258;6;10018
2025-04-19 17:01:01.051000+00:00;31;1258;7;10018
2025-04-19 17:01:01.051000+00:00;63;1258;11;10018
2025-04-19 17:01:01.051000+00:00;81;1258;10;10018
2025-04-19 17:01:01.051000+00:00;87;1258;5;10018
2025-04-19 17:01:08.316000+00:00;1;1258;13;10018
2025-04-19 17:01:08.316000+00:00;4;1258;10;10018
2025-04-19 17:01:08.316000+00:00;5;1258;9;10018
2025-04-19 17:01:08.316000+00:00;6;1258;17;10018
2025-04-19 17:01:08.316000+00:00;7;1258;5;10018
2025-04-19 17:01:08.316000+00:00;12;1258;16;10018
2025-04-19 17:01:08.316000+00:00;14;1258;4;10018
2025-04-19 17:01:08.316000+00:00;16;1258;14;10018
2025-04-19 17:01:08.316000+00:00;22;1258;15;10018
2025-04-19 17:01:08.316000+00:00;27;1258;7;10018
2025-04-19 17:01:08.316000+00:00;30;1258;19;10018
2025-04-19 17:01:08.316000+00:00;31;1258;8;10018
2025-04-19 17:01:08.316000+00:00;44;1258;18;10018
2025-04-19 17:01:08.316000+00:00;63;1258;12;10018
2025-04-19 17:01:08.316000+00:00;81;1258;11;10018
2025-04-19 17:01:08.316000+00:00;87;1258;6;10018
2025-04-19 17:01:13.331000+00:00;1;1258;14;10018
2025-04-19 17:01:13.331000+00:00;4;1258;11;10018
2025-04-19 17:01:13.331000+00:00;6;1258;18;10018
2025-04-19 17:01:13.331000+00:00;12;1258;17;10018
2025-04-19 17:01:13.331000+00:00;16;1258;15;10018
2025-04-19 17:01:13.331000+00:00;18;1258;10;10018
2025-04-19 17:01:13.331000+00:00;22;1258;16;10018
2025-04-19 17:01:13.331000+00:00;30;1258;20;10018
2025-04-19 17:01:13.331000+00:00;44;1258;19;10018
2025-04-19 17:01:13.331000+00:00;63;1258;13;10018
2025-04-19 17:01:13.331000+00:00;81;1258;12;10018
2025-04-19 17:01:32.782000+00:00;4;1258;1;10018
2025-04-19 17:01:32.782000+00:00;5;1258;10;10018
2025-04-19 17:01:32.782000+00:00;7;1258;6;10018
2025-04-19 17:01:32.782000+00:00;10;1258;4;10018
2025-04-19 17:01:32.782000+00:00;14;1258;5;10018
2025-04-19 17:01:32.782000+00:00;18;1258;11;10018
2025-04-19 17:01:32.782000+00:00;23;1258;2;10018
2025-04-19 17:01:32.782000+00:00;27;1258;8;10018
2025-04-19 17:01:32.782000+00:00;31;1258;9;10018
2025-04-19 17:01:32.782000+00:00;55;1258;3;10018
2025-04-19 17:01:32.782000+00:00;87;1258;7;10018
2025-04-19 17:01:37.384000+00:00;1;1258;15;10018
2025-04-19 17:01:37.384000+00:00;5;1258;11;10018
2025-04-19 17:01:37.384000+00:00;7;1258;7;10018
2025-04-19 17:01:37.384000+00:00;10;1258;5;10018
2025-04-19 17:01:37.384000+00:00;14;1258;6;10018
2025-04-19 17:01:37.384000+00:00;16;1258;2;10018
2025-04-19 17:01:37.384000+00:00;18;1258;12;10018
2025-04-19 17:01:37.384000+00:00;23;1258;3;10018
2025-04-19 17:01:37.384000+00:00;27;1258;9;10018
2025-04-19 17:01:37.384000+00:00;31;1258;10;10018
2025-04-19 17:01:37.384000+00:00;55;1258;4;10018
2025-04-19 17:01:37.384000+00:00;63;1258;14;10018
2025-04-19 17:01:37.384000+00:00;81;1258;13;10018
2025-04-19 17:01:37.384000+00:00;87;1258;8;10018
2025-04-19 17:01:42.114000+00:00;1;1258;16;10018
2025-04-19 17:01:42.114000+00:00;5;1258;12;10018
2025-04-19 17:01:42.114000+00:00;6;1258;19;10018
2025-04-19 17:01:42.114000+00:00;7;1258;8;10018
2025-04-19 17:01:42.114000+00:00;12;1258;18;10018
2025-04-19 17:01:42.114000+00:00;14;1258;7;10018
2025-04-19 17:01:42.114000+00:00;18;1258;13;10018
2025-04-19 17:01:42.114000+00:00;22;1258;17;10018
2025-04-19 17:01:42.114000+00:00;27;1258;10;10018
2025-04-19 17:01:42.114000+00:00;31;1258;11;10018
2025-04-19 17:01:42.114000+00:00;44;1258;6;10018
2025-04-19 17:01:42.114000+00:00;63;1258;15;10018
2025-04-19 17:01:42.114000+00:00;81;1258;14;10018
2025-04-19 17:01:42.114000+00:00;87;1258;9;10018
2025-04-19 17:01:59.739000+00:00;4;1258;2;10018
2025-04-19 17:01:59.739000+00:00;7;1258;9;10018
2025-04-19 17:01:59.739000+00:00;10;1258;6;10018
2025-04-19 17:01:59.739000+00:00;14;1258;8;10018
2025-04-19 17:01:59.739000+00:00;16;1258;3;10018
2025-04-19 17:01:59.739000+00:00;23;1258;4;10018
2025-04-19 17:01:59.739000+00:00;27;1258;11;10018
2025-04-19 17:01:59.739000+00:00;31;1258;1;10018
2025-04-19 17:01:59.739000+00:00;44;1258;7;10018
2025-04-19 17:01:59.739000+00:00;55;1258;5;10018
2025-04-19 17:01:59.739000+00:00;87;1258;10;10018
2025-04-19 17:02:06.395000+00:00;4;1258;3;10018
2025-04-19 17:02:06.395000+00:00;7;1258;10;10018
2025-04-19 17:02:06.395000+00:00;10;1258;7;10018
2025-04-19 17:02:06.395000+00:00;14;1258;9;10018
2025-04-19 17:02:06.395000+00:00;16;1258;4;10018
2025-04-19 17:02:06.395000+00:00;23;1258;5;10018
2025-04-19 17:02:06.395000+00:00;31;1258;2;10018
2025-04-19 17:02:06.395000+00:00;44;1258;8;10018
2025-04-19 17:02:06.395000+00:00;55;1258;6;10018
2025-04-19 17:02:06.395000+00:00;87;1258;1;10018
2025-04-19 17:02:16.602000+00:00;4;1258;4;10018
2025-04-19 17:02:16.602000+00:00;7;1258;1;10018
2025-04-19 17:02:16.602000+00:00;10;1258;8;10018
2025-04-19 17:02:16.602000+00:00;14;1258;10;10018
2025-04-19 17:02:16.602000+00:00;16;1258;5;10018
2025-04-19 17:02:16.602000+00:00;23;1258;6;10018
2025-04-19 17:02:16.602000+00:00;31;1258;3;10018
2025-04-19 17:02:16.602000+00:00;44;1258;9;10018
2025-04-19 17:02:16.602000+00:00;55;1258;7;10018
2025-04-19 17:02:16.602000+00:00;87;1258;2;10018
2025-04-19 17:02:26.227000+00:00;4;1258;5;10018
2025-04-19 17:02:26.227000+00:00;10;1258;9;10018
2025-04-19 17:02:26.227000+00:00;14;1258;11;10018
2025-04-19 17:02:26.227000+00:00;16;1258;6;10018
2025-04-19 17:02:26.227000+00:00;23;1258;7;10018
2025-04-19 17:02:26.227000+00:00;27;1258;3;10018
2025-04-19 17:02:26.227000+00:00;31;1258;4;10018
2025-04-19 17:02:26.227000+00:00;44;1258;10;10018
2025-04-19 17:02:26.227000+00:00;55;1258;8;10018
2025-04-19 17:02:31.630000+00:00;4;1258;6;10018
2025-04-19 17:02:31.630000+00:00;5;1258;5;10018
2025-04-19 17:02:31.630000+00:00;10;1258;10;10018
2025-04-19 17:02:31.630000+00:00;14;1258;12;10018
2025-04-19 17:02:31.630000+00:00;16;1258;7;10018
2025-04-19 17:02:31.630000+00:00;23;1258;8;10018
2025-04-19 17:02:31.630000+00:00;44;1258;11;10018
2025-04-19 17:02:31.630000+00:00;55;1258;9;10018
2025-04-19 17:02:40.371000+00:00;4;1258;7;10018
2025-04-19 17:02:40.371000+00:00;5;1258;6;10018
2025-04-19 17:02:40.371000+00:00;7;1258;2;10018
2025-04-19 17:02:40.371000+00:00;16;1258;8;10018
2025-04-19 17:02:40.371000+00:00;23;1258;1;10018
2025-04-19 17:02:40.371000+00:00;27;1258;4;10018
2025-04-19 17:02:40.371000+00:00;31;1258;5;10018
2025-04-19 17:02:40.371000+00:00;87;1258;3;10018
2025-04-19 17:02:48.920000+00:00;4;1258;8;10018
2025-04-19 17:02:48.920000+00:00;5;1258;7;10018
2025-04-19 17:02:48.920000+00:00;7;1258;3;10018
2025-04-19 17:02:48.920000+00:00;16;1258;9;10018
2025-04-19 17:02:48.920000+00:00;27;1258;5;10018
2025-04-19 17:02:48.920000+00:00;31;1258;6;10018
2025-04-19 17:02:48.920000+00:00;55;1258;2;10018
2025-04-19 17:02:48.920000+00:00;87;1258;4;10018
2025-04-19 17:02:56.295000+00:00;4;1258;9;10018
2025-04-19 17:02:56.295000+00:00;5;1258;8;10018
2025-04-19 17:02:56.295000+00:00;7;1258;4;10018
2025-04-19 17:02:56.295000+00:00;10;1258;3;10018
2025-04-19 17:02:56.295000+00:00;16;1258;10;10018
2025-04-19 17:02:56.295000+00:00;27;1258;6;10018
2025-04-19 17:02:56.295000+00:00;31;1258;7;10018
2025-04-19 17:02:56.295000+00:00;87;1258;5;10018
2025-04-19 17:03:06.690000+00:00;4;1258;10;10018
2025-04-19 17:03:06.690000+00:00;5;1258;9;10018
2025-04-19 17:03:06.690000+00:00;7;1258;5;10018
2025-04-19 17:03:06.690000+00:00;14;1258;4;10018
2025-04-19 17:03:06.690000+00:00;16;1258;11;10018
2025-04-19 17:03:06.690000+00:00;27;1258;7;10018
2025-04-19 17:03:06.690000+00:00;31;1258;8;10018
2025-04-19 17:03:06.690000+00:00;44;1258;12;10018
2025-04-19 17:03:06.690000+00:00;87;1258;6;10018
2025-04-19 17:03:15.824000+00:00;4;1258;11;10018
2025-04-19 17:03:15.824000+00:00;16;1258;12;10018
2025-04-19 17:03:15.824000+00:00;18;1258;10;10018
2025-04-19 17:03:15.824000+00:00;44;1258;13;10018
2025-04-19 17:03:28.418000+00:00;1;1258;12;10018
2025-04-19 17:03:28.418000+00:00;16;1258;13;10018
2025-04-19 17:03:28.418000+00:00;44;1258;14;10018
2025-04-19 17:03:28.418000+00:00;63;1258;16;10018
2025-04-19 17:03:28.418000+00:00;81;1258;15;10018
2025-04-19 17:03:30.552000+00:00;7;1258;6;10018
2025-04-19 17:03:30.552000+00:00;10;1258;4;10018
2025-04-19 17:03:30.552000+00:00;14;1258;5;10018
2025-04-19 17:03:30.552000+00:00;23;1258;2;10018
2025-04-19 17:03:30.552000+00:00;27;1258;8;10018
2025-04-19 17:03:30.552000+00:00;31;1258;1;10018
2025-04-19 17:03:30.552000+00:00;55;1258;3;10018
2025-04-19 17:03:30.552000+00:00;87;1258;7;10018
2025-04-19 17:03:30.755000+00:00;4;1258;2;10018
2025-04-19 17:03:30.755000+00:00;5;1258;10;10018
2025-04-19 17:03:30.755000+00:00;7;1258;7;10018
2025-04-19 17:03:30.755000+00:00;10;1258;5;10018
2025-04-19 17:03:30.755000+00:00;14;1258;6;10018
2025-04-19 17:03:30.755000+00:00;18;1258;11;10018
2025-04-19 17:03:30.755000+00:00;23;1258;3;10018
2025-04-19 17:03:30.755000+00:00;27;1258;9;10018
2025-04-19 17:03:30.755000+00:00;55;1258;4;10018
2025-04-19 17:03:30.755000+00:00;87;1258;8;10018
2025-04-19 17:03:35.537000+00:00;4;1258;3;10018
2025-04-19 17:03:35.537000+00:00;7;1258;8;10018
2025-04-19 17:03:35.537000+00:00;10;1258;6;10018
2025-04-19 17:03:35.537000+00:00;14;1258;7;10018
2025-04-19 17:03:35.537000+00:00;23;1258;4;10018
2025-04-19 17:03:35.537000+00:00;31;1258;2;10018
2025-04-19 17:03:35.537000+00:00;55;1258;5;10018
2025-04-19 17:03:35.537000+00:00;87;1258;1;10018
2025-04-19 17:03:36.677000+00:00;22;1258;14;10018
2025-04-19 17:03:36.677000+00:00;44;1258;15;10018
2025-04-19 17:03:36.677000+00:00;63;1258;17;10018
2025-04-19 17:03:36.677000+00:00;81;1258;16;10018
2025-04-19 17:03:45.827000+00:00;4;1258;4;10018
2025-04-19 17:03:45.827000+00:00;7;1258;1;10018
2025-04-19 17:03:45.827000+00:00;10;1258;7;10018
2025-04-19 17:03:45.827000+00:00;14;1258;8;10018
2025-04-19 17:03:45.827000+00:00;23;1258;5;10018
2025-04-19 17:03:45.827000+00:00;31;1258;3;10018
2025-04-19 17:03:45.827000+00:00;55;1258;6;10018
2025-04-19 17:03:45.827000+00:00;87;1258;2;10018
2025-04-19 17:03:47.660000+00:00;1;1258;13;10018
2025-04-19 17:03:47.660000+00:00;5;1258;11;10018
2025-04-19 17:03:47.660000+00:00;10;1258;8;10018
2025-04-19 17:03:47.660000+00:00;14;1258;9;10018
2025-04-19 17:03:47.660000+00:00;16;1258;5;10018
2025-04-19 17:03:47.660000+00:00;18;1258;12;10018
2025-04-19 17:03:47.660000+00:00;23;1258;6;10018
2025-04-19 17:03:47.660000+00:00;27;1258;10;10018
2025-04-19 17:03:47.660000+00:00;55;1258;7;10018
2025-04-19 17:03:48.931000+00:00;1;1258;14;10018
2025-04-19 17:03:48.931000+00:00;22;1258;15;10018
2025-04-19 17:03:48.931000+00:00;44;1258;16;10018
2025-04-19 17:03:48.931000+00:00;81;1258;13;10018
2025-04-19 17:03:55.306000+00:00;4;1258;5;10018
2025-04-19 17:03:55.306000+00:00;7;1258;2;10018
2025-04-19 17:03:55.306000+00:00;10;1258;9;10018
2025-04-19 17:03:55.306000+00:00;14;1258;10;10018
2025-04-19 17:03:55.306000+00:00;16;1258;6;10018
2025-04-19 17:03:55.306000+00:00;23;1258;7;10018
2025-04-19 17:03:55.306000+00:00;27;1258;1;10018
2025-04-19 17:03:55.306000+00:00;31;1258;4;10018
2025-04-19 17:03:55.306000+00:00;55;1258;8;10018
2025-04-19 17:03:55.306000+00:00;87;1258;3;10018
2025-04-19 17:03:56.416000+00:00;1;1258;15;10018
2025-04-19 17:03:56.416000+00:00;5;1258;12;10018
2025-04-19 17:03:56.416000+00:00;14;1258;11;10018
2025-04-19 17:03:56.416000+00:00;18;1258;13;10018
2025-04-19 17:03:56.416000+00:00;22;1258;16;10018
2025-04-19 17:03:56.416000+00:00;44;1258;10;10018
2025-04-19 17:03:56.416000+00:00;81;1258;14;10018
2025-04-19 17:04:01.184000+00:00;4;1258;6;10018
2025-04-19 17:04:01.184000+00:00;5;1258;4;10018
2025-04-19 17:04:01.184000+00:00;10;1258;10;10018
2025-04-19 17:04:01.184000+00:00;14;1258;12;10018
2025-04-19 17:04:01.184000+00:00;16;1258;7;10018
2025-04-19 17:04:01.184000+00:00;23;1258;8;10018
2025-04-19 17:04:01.184000+00:00;31;1258;5;10018
2025-04-19 17:04:01.184000+00:00;44;1258;11;10018
2025-04-19 17:04:01.184000+00:00;55;1258;9;10018
2025-04-19 17:04:09.442000+00:00;4;1258;7;10018
2025-04-19 17:04:09.442000+00:00;5;1258;5;10018
2025-04-19 17:04:09.442000+00:00;7;1258;3;10018
2025-04-19 17:04:09.442000+00:00;16;1258;8;10018
2025-04-19 17:04:09.442000+00:00;23;1258;1;10018
2025-04-19 17:04:09.442000+00:00;27;1258;2;10018
2025-04-19 17:04:09.442000+00:00;31;1258;6;10018
2025-04-19 17:04:09.442000+00:00;87;1258;4;10018
2025-04-19 17:04:18.051000+00:00;4;1258;8;10018
2025-04-19 17:04:18.051000+00:00;5;1258;6;10018
2025-04-19 17:04:18.051000+00:00;16;1258;9;10018
2025-04-19 17:04:18.051000+00:00;31;1258;7;10018
2025-04-19 17:04:18.051000+00:00;55;1258;5;10018
2025-04-19 17:04:25.317000+00:00;4;1258;9;10018
2025-04-19 17:04:25.317000+00:00;5;1258;7;10018
2025-04-19 17:04:25.317000+00:00;7;1258;4;10018
2025-04-19 17:04:25.317000+00:00;10;1258;2;10018
2025-04-19 17:04:25.317000+00:00;16;1258;10;10018
2025-04-19 17:04:25.317000+00:00;27;1258;3;10018
2025-04-19 17:04:25.317000+00:00;31;1258;8;10018
2025-04-19 17:04:25.317000+00:00;55;1258;6;10018
2025-04-19 17:04:25.317000+00:00;87;1258;5;10018
2025-04-19 17:04:27.192000+00:00;1;1258;16;10018
2025-04-19 17:04:27.192000+00:00;22;1258;17;10018
2025-04-19 17:04:27.192000+00:00;63;1258;15;10018
2025-04-19 17:04:35.571000+00:00;4;1258;10;10018
2025-04-19 17:04:35.571000+00:00;5;1258;8;10018
2025-04-19 17:04:35.571000+00:00;7;1258;5;10018
2025-04-19 17:04:35.571000+00:00;10;1258;3;10018
2025-04-19 17:04:35.571000+00:00;14;1258;2;10018
2025-04-19 17:04:35.571000+00:00;16;1258;11;10018
2025-04-19 17:04:35.571000+00:00;27;1258;4;10018
2025-04-19 17:04:35.571000+00:00;31;1258;9;10018
2025-04-19 17:04:35.571000+00:00;44;1258;12;10018
2025-04-19 17:04:35.571000+00:00;55;1258;7;10018
2025-04-19 17:04:35.571000+00:00;87;1258;6;10018
2025-04-19 17:04:44.790000+00:00;4;1258;11;10018
2025-04-19 17:04:44.790000+00:00;5;1258;9;10018
2025-04-19 17:04:44.790000+00:00;7;1258;6;10018
2025-04-19 17:04:44.790000+00:00;16;1258;12;10018
2025-04-19 17:04:44.790000+00:00;18;1258;5;10018
2025-04-19 17:04:44.790000+00:00;31;1258;10;10018
2025-04-19 17:04:44.790000+00:00;44;1258;13;10018
2025-04-19 17:04:44.790000+00:00;55;1258;8;10018
2025-04-19 17:04:44.790000+00:00;87;1258;7;10018
2025-04-19 17:04:59.540000+00:00;4;1258;1;10018
2025-04-19 17:04:59.540000+00:00;5;1258;10;10018
2025-04-19 17:04:59.540000+00:00;7;1258;7;10018
2025-04-19 17:04:59.540000+00:00;10;1258;4;10018
2025-04-19 17:04:59.540000+00:00;14;1258;3;10018
2025-04-19 17:04:59.540000+00:00;18;1258;6;10018
2025-04-19 17:04:59.540000+00:00;23;1258;2;10018
2025-04-19 17:04:59.540000+00:00;27;1258;5;10018
2025-04-19 17:04:59.540000+00:00;31;1258;11;10018
2025-04-19 17:04:59.540000+00:00;55;1258;9;10018
2025-04-19 17:04:59.540000+00:00;87;1258;8;10018
2025-04-19 17:05:16.093000+00:00;5;1258;11;10018
2025-04-19 17:05:16.093000+00:00;7;1258;8;10018
2025-04-19 17:05:16.093000+00:00;10;1258;5;10018
2025-04-19 17:05:16.093000+00:00;14;1258;4;10018
2025-04-19 17:05:16.093000+00:00;16;1258;2;10018
2025-04-19 17:05:16.093000+00:00;18;1258;7;10018
2025-04-19 17:05:16.093000+00:00;23;1258;3;10018
2025-04-19 17:05:16.093000+00:00;27;1258;6;10018
2025-04-19 17:05:16.093000+00:00;31;1258;12;10018
2025-04-19 17:05:16.093000+00:00;55;1258;10;10018
2025-04-19 17:05:16.093000+00:00;87;1258;9;10018
2025-04-19 17:05:17.421000+00:00;1;1258;13;10018
2025-04-19 17:05:17.421000+00:00;44;1258;14;10018
2025-04-19 17:05:17.421000+00:00;63;1258;16;10018
2025-04-19 17:05:17.421000+00:00;81;1258;15;10018
2025-04-19 17:05:25.359000+00:00;1;1258;14;10018
2025-04-19 17:05:25.359000+00:00;5;1258;12;10018
2025-04-19 17:05:25.359000+00:00;7;1258;9;10018
2025-04-19 17:05:25.359000+00:00;10;1258;6;10018
2025-04-19 17:05:25.359000+00:00;14;1258;5;10018
2025-04-19 17:05:25.359000+00:00;18;1258;8;10018
2025-04-19 17:05:25.359000+00:00;27;1258;7;10018
2025-04-19 17:05:25.359000+00:00;31;1258;13;10018
2025-04-19 17:05:25.359000+00:00;44;1258;4;10018
2025-04-19 17:05:25.359000+00:00;55;1258;11;10018
2025-04-19 17:05:25.359000+00:00;87;1258;10;10018
2025-04-19 17:05:42.342000+00:00;22;1258;15;10018
2025-04-19 17:05:42.342000+00:00;63;1258;17;10018
2025-04-19 17:05:42.342000+00:00;81;1258;16;10018
2025-04-19 17:05:50.537000+00:00;1;1258;15;10018
2025-04-19 17:05:50.537000+00:00;22;1258;16;10018
2025-04-19 17:05:50.537000+00:00;81;1258;14;10018
2025-04-19 17:06:18.053000+00:00;1;1258;16;10018
2025-04-19 17:06:18.053000+00:00;22;1258;17;10018
2025-04-19 17:06:18.053000+00:00;63;1258;15;10018
2025-04-19 17:06:45.688000+00:00;1;1258;2;10018
2025-04-19 17:06:45.688000+00:00;5;1258;13;10018
2025-04-19 17:06:45.688000+00:00;7;1258;10;10018
2025-04-19 17:06:45.688000+00:00;10;1258;7;10018
2025-04-19 17:06:45.688000+00:00;14;1258;6;10018
2025-04-19 17:06:45.688000+00:00;16;1258;3;10018
2025-04-19 17:06:45.688000+00:00;18;1258;9;10018
2025-04-19 17:06:45.688000+00:00;23;1258;4;10018
2025-04-19 17:06:45.688000+00:00;27;1258;8;10018
2025-04-19 17:06:45.688000+00:00;31;1258;14;10018
2025-04-19 17:06:45.688000+00:00;44;1258;5;10018
2025-04-19 17:06:45.688000+00:00;55;1258;12;10018
2025-04-19 17:06:45.688000+00:00;63;1258;16;10018
2025-04-19 17:06:45.688000+00:00;81;1258;15;10018
2025-04-19 17:06:45.688000+00:00;87;1258;11;10018
2025-04-19 17:07:10.891000+00:00;5;1258;14;10018
2025-04-19 17:07:10.891000+00:00;7;1258;11;10018
2025-04-19 17:07:10.891000+00:00;10;1258;8;10018
2025-04-19 17:07:10.891000+00:00;14;1258;7;10018
2025-04-19 17:07:10.891000+00:00;16;1258;4;10018
2025-04-19 17:07:10.891000+00:00;18;1258;10;10018
2025-04-19 17:07:10.891000+00:00;22;1258;3;10018
2025-04-19 17:07:10.891000+00:00;23;1258;5;10018
2025-04-19 17:07:10.891000+00:00;27;1258;9;10018
2025-04-19 17:07:10.891000+00:00;31;1258;15;10018
2025-04-19 17:07:10.891000+00:00;44;1258;6;10018
2025-04-19 17:07:10.891000+00:00;55;1258;13;10018
2025-04-19 17:07:10.891000+00:00;63;1258;17;10018
2025-04-19 17:07:10.891000+00:00;81;1258;16;10018
2025-04-19 17:07:10.891000+00:00;87;1258;12;10018
2025-04-19 17:07:18.500000+00:00;1;1258;3;10018
2025-04-19 17:07:18.500000+00:00;4;1258;2;10018
2025-04-19 17:07:18.500000+00:00;5;1258;15;10018
2025-04-19 17:07:18.500000+00:00;7;1258;12;10018
2025-04-19 17:07:18.500000+00:00;10;1258;9;10018
2025-04-19 17:07:18.500000+00:00;14;1258;8;10018
2025-04-19 17:07:18.500000+00:00;16;1258;5;10018
2025-04-19 17:07:18.500000+00:00;18;1258;11;10018
2025-04-19 17:07:18.500000+00:00;22;1258;4;10018
2025-04-19 17:07:18.500000+00:00;23;1258;6;10018
2025-04-19 17:07:18.500000+00:00;27;1258;10;10018
2025-04-19 17:07:18.500000+00:00;31;1258;16;10018
2025-04-19 17:07:18.500000+00:00;44;1258;7;10018
2025-04-19 17:07:18.500000+00:00;55;1258;14;10018
2025-04-19 17:07:18.500000+00:00;81;1258;1;10018
2025-04-19 17:07:18.500000+00:00;87;1258;13;10018
2025-04-19 17:07:46.285000+00:00;5;1258;16;10018
2025-04-19 17:07:46.285000+00:00;7;1258;13;10018
2025-04-19 17:07:46.285000+00:00;10;1258;10;10018
2025-04-19 17:07:46.285000+00:00;14;1258;9;10018
2025-04-19 17:07:46.285000+00:00;16;1258;6;10018
2025-04-19 17:07:46.285000+00:00;18;1258;12;10018
2025-04-19 17:07:46.285000+00:00;22;1258;5;10018
2025-04-19 17:07:46.285000+00:00;23;1258;7;10018
2025-04-19 17:07:46.285000+00:00;27;1258;11;10018
2025-04-19 17:07:46.285000+00:00;31;1258;17;10018
2025-04-19 17:07:46.285000+00:00;44;1258;8;10018
2025-04-19 17:07:46.285000+00:00;55;1258;15;10018
2025-04-19 17:07:46.285000+00:00;63;1258;4;10018
2025-04-19 17:07:46.285000+00:00;87;1258;14;10018
2025-04-19 17:07:56.744000+00:00;5;1258;17;10018
2025-04-19 17:07:56.744000+00:00;7;1258;14;10018
2025-04-19 17:07:56.744000+00:00;10;1258;11;10018
2025-04-19 17:07:56.744000+00:00;12;1258;7;10018
2025-04-19 17:07:56.744000+00:00;14;1258;10;10018
2025-04-19 17:07:56.744000+00:00;18;1258;13;10018
2025-04-19 17:07:56.744000+00:00;23;1258;8;10018
2025-04-19 17:07:56.744000+00:00;27;1258;12;10018
2025-04-19 17:07:56.744000+00:00;31;1258;18;10018
2025-04-19 17:07:56.744000+00:00;44;1258;9;10018
2025-04-19 17:07:56.744000+00:00;55;1258;16;10018
2025-04-19 17:07:56.744000+00:00;87;1258;15;10018
2025-04-19 17:08:35.188000+00:00;5;1258;18;10018
2025-04-19 17:08:35.188000+00:00;6;1258;9;10018
2025-04-19 17:08:35.188000+00:00;7;1258;15;10018
2025-04-19 17:08:35.188000+00:00;10;1258;12;10018
2025-04-19 17:08:35.188000+00:00;14;1258;11;10018
2025-04-19 17:08:35.188000+00:00;18;1258;14;10018
2025-04-19 17:08:35.188000+00:00;27;1258;13;10018
2025-04-19 17:08:35.188000+00:00;31;1258;19;10018
2025-04-19 17:08:35.188000+00:00;44;1258;10;10018
2025-04-19 17:08:35.188000+00:00;55;1258;17;10018
2025-04-19 17:08:35.188000+00:00;87;1258;16;10018
2025-04-19 17:09:09.292000+00:00;7;1258;10;10018
2025-04-19 17:09:09.292000+00:00;10;1258;13;10018
2025-04-19 17:09:09.292000+00:00;14;1258;12;10018
2025-04-19 17:09:09.292000+00:00;18;1258;15;10018
2025-04-19 17:09:09.292000+00:00;27;1258;14;10018
2025-04-19 17:09:09.292000+00:00;44;1258;11;10018
2025-04-19 17:09:17.655000+00:00;5;1258;19;10018
2025-04-19 17:09:17.655000+00:00;10;1258;14;10018
2025-04-19 17:09:17.655000+00:00;14;1258;13;10018
2025-04-19 17:09:17.655000+00:00;18;1258;16;10018
2025-04-19 17:09:17.655000+00:00;27;1258;15;10018
2025-04-19 17:09:17.655000+00:00;30;1258;11;10018
2025-04-19 17:09:17.655000+00:00;31;1258;20;10018
2025-04-19 17:09:17.655000+00:00;44;1258;12;10018
2025-04-19 17:09:17.655000+00:00;55;1258;18;10018
2025-04-19 17:09:17.655000+00:00;87;1258;17;10018
2025-04-19 17:09:49.964000+00:00;5;1258;20;10018
2025-04-19 17:09:49.964000+00:00;31;1258;19;10018
2025-04-19 17:09:59.886000+00:00;10;1258;12;10018
2025-04-19 17:09:59.886000+00:00;14;1258;14;10018
2025-04-19 17:09:59.886000+00:00;44;1258;13;10018
2025-04-19 17:10:05.417000+00:00;7;1258;11;10018
2025-04-19 17:10:05.417000+00:00;10;1258;13;10018
2025-04-19 17:10:05.417000+00:00;14;1258;15;10018
2025-04-19 17:10:05.417000+00:00;18;1258;17;10018
2025-04-19 17:10:05.417000+00:00;27;1258;16;10018
2025-04-19 17:10:05.417000+00:00;30;1258;12;10018
2025-04-19 17:10:05.417000+00:00;44;1258;14;10018
2025-04-19 17:10:05.417000+00:00;87;1258;10;10018
2025-04-19 17:10:11.386000+00:00;6;1258;10;10018
2025-04-19 17:10:11.386000+00:00;7;1258;12;10018
2025-04-19 17:10:11.386000+00:00;10;1258;14;10018
2025-04-19 17:10:11.386000+00:00;14;1258;16;10018
2025-04-19 17:10:11.386000+00:00;18;1258;18;10018
2025-04-19 17:10:11.386000+00:00;27;1258;17;10018
2025-04-19 17:10:11.386000+00:00;30;1258;13;10018
2025-04-19 17:10:11.386000+00:00;44;1258;15;10018
2025-04-19 17:10:11.386000+00:00;55;1258;9;10018
2025-04-19 17:10:11.386000+00:00;87;1258;11;10018
2025-04-19 17:10:18.483000+00:00;6;1258;11;10018
2025-04-19 17:10:18.483000+00:00;7;1258;13;10018
2025-04-19 17:10:18.483000+00:00;10;1258;15;10018
2025-04-19 17:10:18.483000+00:00;12;1258;8;10018
2025-04-19 17:10:18.483000+00:00;14;1258;6;10018
2025-04-19 17:10:18.483000+00:00;16;1258;7;10018
2025-04-19 17:10:18.483000+00:00;23;1258;9;10018
2025-04-19 17:10:18.483000+00:00;30;1258;14;10018
2025-04-19 17:10:18.483000+00:00;44;1258;16;10018
2025-04-19 17:10:18.483000+00:00;55;1258;10;10018
2025-04-19 17:10:18.483000+00:00;87;1258;12;10018
2025-04-19 17:10:27.123000+00:00;7;1258;14;10018
2025-04-19 17:10:27.123000+00:00;10;1258;16;10018
2025-04-19 17:10:27.123000+00:00;27;1258;12;10018
2025-04-19 17:10:27.123000+00:00;30;1258;15;10018
2025-04-19 17:10:27.123000+00:00;44;1258;17;10018
2025-04-19 17:10:27.123000+00:00;87;1258;13;10018
2025-04-19 17:10:32.878000+00:00;6;1258;12;10018
2025-04-19 17:10:32.878000+00:00;7;1258;15;10018
2025-04-19 17:10:32.878000+00:00;10;1258;17;10018
2025-04-19 17:10:32.878000+00:00;18;1258;10;10018
2025-04-19 17:10:32.878000+00:00;27;1258;13;10018
2025-04-19 17:10:32.878000+00:00;30;1258;16;10018
2025-04-19 17:10:32.878000+00:00;44;1258;18;10018
2025-04-19 17:10:32.878000+00:00;55;1258;11;10018
2025-04-19 17:10:32.878000+00:00;87;1258;14;10018
2025-04-19 17:10:37.405000+00:00;4;1258;1;10018
2025-04-19 17:10:37.405000+00:00;81;1258;2;10018
2025-04-19 17:11:48.184000+00:00;6;1258;13;10018
2025-04-19 17:11:48.184000+00:00;7;1258;16;10018
2025-04-19 17:11:48.184000+00:00;10;1258;18;10018
2025-04-19 17:11:48.184000+00:00;18;1258;11;10018
2025-04-19 17:11:48.184000+00:00;27;1258;14;10018
2025-04-19 17:11:48.184000+00:00;30;1258;17;10018
2025-04-19 17:11:48.184000+00:00;44;1258;10;10018
2025-04-19 17:11:48.184000+00:00;55;1258;12;10018
2025-04-19 17:11:48.184000+00:00;87;1258;15;10018
2025-04-19 17:14:10.222000+00:00;12;1258;9;10018
2025-04-19 17:14:10.222000+00:00;14;1258;7;10018
2025-04-19 17:14:10.222000+00:00;16;1258;8;10018
2025-04-19 17:14:10.222000+00:00;22;1258;6;10018
2025-04-19 17:14:10.222000+00:00;23;1258;4;10018
2025-04-19 17:14:10.222000+00:00;63;1258;5;10018
2025-04-19 17:16:31.273000+00:00;1;1258;4;10018
2025-04-19 17:16:31.273000+00:00;12;1258;3;10018
2025-04-19 17:16:31.273000+00:00;14;1258;8;10018
2025-04-19 17:16:31.273000+00:00;16;1258;9;10018
2025-04-19 17:16:31.273000+00:00;22;1258;7;10018
2025-04-19 17:16:31.273000+00:00;23;1258;5;10018
2025-04-19 17:16:31.273000+00:00;63;1258;6;10018
2025-04-19 17:16:41.695000+00:00;6;1258;14;10018
2025-04-19 17:16:41.695000+00:00;7;1258;13;10018
2025-04-19 17:16:41.695000+00:00;27;1258;15;10018
2025-04-19 17:16:41.695000+00:00;87;1258;16;10018
2025-04-19 17:16:55.375000+00:00;6;1258;10;10018
2025-04-19 17:16:55.375000+00:00;7;1258;14;10018
2025-04-19 17:16:55.375000+00:00;18;1258;12;10018
2025-04-19 17:16:55.375000+00:00;44;1258;11;10018
2025-04-19 17:16:55.375000+00:00;55;1258;13;10018
2025-04-19 17:17:04.907000+00:00;1;1258;1;10018
2025-04-19 17:17:04.907000+00:00;4;1258;2;10018
2025-04-19 17:17:04.907000+00:00;12;1258;4;10018
2025-04-19 17:17:04.907000+00:00;81;1258;3;10018
2025-04-19 17:17:14.794000+00:00;6;1258;11;10018
2025-04-19 17:17:14.794000+00:00;14;1258;9;10018
2025-04-19 17:17:14.794000+00:00;16;1258;10;10018
2025-04-19 17:17:14.794000+00:00;18;1258;13;10018
2025-04-19 17:17:14.794000+00:00;22;1258;8;10018
2025-04-19 17:17:14.794000+00:00;44;1258;12;10018
2025-04-19 17:17:14.794000+00:00;55;1258;7;10018
2025-04-19 17:17:24.310000+00:00;6;1258;12;10018
2025-04-19 17:17:24.310000+00:00;7;1258;15;10018
2025-04-19 17:17:24.310000+00:00;18;1258;14;10018
2025-04-19 17:17:24.310000+00:00;27;1258;16;10018
2025-04-19 17:17:24.310000+00:00;30;1258;11;10018
2025-04-19 17:17:24.310000+00:00;44;1258;13;10018
2025-04-19 17:17:24.310000+00:00;87;1258;17;10018
2025-04-19 17:17:45.547000+00:00;22;1258;5;10018
2025-04-19 17:17:45.547000+00:00;23;1258;6;10018
2025-04-19 17:17:45.547000+00:00;55;1258;8;10018
2025-04-19 17:17:45.547000+00:00;63;1258;7;10018
2025-04-19 17:17:53.797000+00:00;6;1258;13;10018
2025-04-19 17:17:53.797000+00:00;7;1258;16;10018
2025-04-19 17:17:53.797000+00:00;10;1258;9;10018
2025-04-19 17:17:53.797000+00:00;14;1258;10;10018
2025-04-19 17:17:53.797000+00:00;16;1258;11;10018
2025-04-19 17:17:53.797000+00:00;18;1258;15;10018
2025-04-19 17:17:53.797000+00:00;27;1258;17;10018
2025-04-19 17:17:53.797000+00:00;30;1258;12;10018
2025-04-19 17:17:53.797000+00:00;44;1258;14;10018
2025-04-19 17:17:53.797000+00:00;87;1258;18;10018
2025-04-19 17:17:58.060000+00:00;6;1258;14;10018
2025-04-19 17:17:58.060000+00:00;7;1258;17;10018
2025-04-19 17:17:58.060000+00:00;14;1258;11;10018
2025-04-19 17:17:58.060000+00:00;16;1258;12;10018
2025-04-19 17:17:58.060000+00:00;18;1258;16;10018
2025-04-19 17:17:58.060000+00:00;27;1258;18;10018
2025-04-19 17:17:58.060000+00:00;30;1258;13;10018
2025-04-19 17:17:58.060000+00:00;44;1258;15;10018
2025-04-19 17:17:58.060000+00:00;87;1258;10;10018
2025-04-19 17:18:48.010000+00:00;6;1258;15;10018
2025-04-19 17:18:48.010000+00:00;10;1258;10;10018
2025-04-19 17:18:48.010000+00:00;14;1258;12;10018
2025-04-19 17:18:48.010000+00:00;16;1258;13;10018
2025-04-19 17:18:48.010000+00:00;30;1258;14;10018
2025-04-19 17:18:48.010000+00:00;44;1258;9;10018
2025-04-19 17:18:48.010000+00:00;87;1258;11;10018
2025-04-19 17:25:03.501000+00:00;1;1258;2;10018
2025-04-19 17:25:03.501000+00:00;4;1258;3;10018
2025-04-19 17:25:03.501000+00:00;12;1258;5;10018
2025-04-19 17:25:03.501000+00:00;22;1258;6;10018
2025-04-19 17:25:03.501000+00:00;23;1258;1;10018
2025-04-19 17:25:03.501000+00:00;81;1258;4;10018
2025-04-19 17:25:46.663000+00:00;1;1258;3;10018
2025-04-19 17:25:46.663000+00:00;4;1258;4;10018
2025-04-19 17:25:46.663000+00:00;10;1258;11;10018
2025-04-19 17:25:46.663000+00:00;12;1258;6;10018
2025-04-19 17:25:46.663000+00:00;22;1258;7;10018
2025-04-19 17:25:46.663000+00:00;44;1258;10;10018
2025-04-19 17:25:46.663000+00:00;55;1258;9;10018
2025-04-19 17:25:46.663000+00:00;63;1258;8;10018
2025-04-19 17:25:46.663000+00:00;81;1258;5;10018
2025-04-19 17:25:46.663000+00:00;87;1258;2;10018
2025-04-19 17:26:00.897000+00:00;1;1258;4;10018
2025-04-19 17:26:00.897000+00:00;4;1258;5;10018
2025-04-19 17:26:00.897000+00:00;10;1258;2;10018
2025-04-19 17:26:00.897000+00:00;12;1258;7;10018
2025-04-19 17:26:00.897000+00:00;22;1258;8;10018
2025-04-19 17:26:00.897000+00:00;44;1258;11;10018
2025-04-19 17:26:00.897000+00:00;55;1258;10;10018
2025-04-19 17:26:00.897000+00:00;63;1258;9;10018
2025-04-19 17:26:00.897000+00:00;81;1258;6;10018
2025-04-19 17:26:00.897000+00:00;87;1258;3;10018
2025-04-19 17:26:03.882000+00:00;1;1258;5;10018
2025-04-19 17:26:03.882000+00:00;4;1258;6;10018
2025-04-19 17:26:03.882000+00:00;6;1258;4;10018
2025-04-19 17:26:03.882000+00:00;12;1258;8;10018
2025-04-19 17:26:03.882000+00:00;14;1258;13;10018
2025-04-19 17:26:03.882000+00:00;16;1258;14;10018
2025-04-19 17:26:03.882000+00:00;22;1258;9;10018
2025-04-19 17:26:03.882000+00:00;30;1258;15;10018
2025-04-19 17:26:03.882000+00:00;44;1258;12;10018
2025-04-19 17:26:03.882000+00:00;55;1258;11;10018
2025-04-19 17:26:03.882000+00:00;63;1258;10;10018
2025-04-19 17:26:03.882000+00:00;81;1258;7;10018
2025-04-19 17:26:06.694000+00:00;1;1258;6;10018
2025-04-19 17:26:06.694000+00:00;4;1258;7;10018
2025-04-19 17:26:06.694000+00:00;6;1258;5;10018
2025-04-19 17:26:06.694000+00:00;10;1258;3;10018
2025-04-19 17:26:06.694000+00:00;12;1258;9;10018
2025-04-19 17:26:06.694000+00:00;22;1258;10;10018
2025-04-19 17:26:06.694000+00:00;55;1258;2;10018
2025-04-19 17:26:06.694000+00:00;63;1258;11;10018
2025-04-19 17:26:06.694000+00:00;81;1258;8;10018
2025-04-19 17:26:06.694000+00:00;87;1258;4;10018
2025-04-19 17:26:16.949000+00:00;1;1258;7;10018
2025-04-19 17:26:16.949000+00:00;4;1258;8;10018
2025-04-19 17:26:16.949000+00:00;6;1258;6;10018
2025-04-19 17:26:16.949000+00:00;10;1258;4;10018
2025-04-19 17:26:16.949000+00:00;23;1258;2;10018
2025-04-19 17:26:16.949000+00:00;55;1258;3;10018
2025-04-19 17:26:16.949000+00:00;81;1258;1;10018
2025-04-19 17:26:16.949000+00:00;87;1258;5;10018
2025-04-19 17:26:30.728000+00:00;1;1258;8;10018
2025-04-19 17:26:30.728000+00:00;4;1258;9;10018
2025-04-19 17:26:30.728000+00:00;6;1258;7;10018
2025-04-19 17:26:30.728000+00:00;12;1258;10;10018
2025-04-19 17:26:30.728000+00:00;14;1258;6;10018
2025-04-19 17:26:30.728000+00:00;22;1258;11;10018
2025-04-19 17:26:30.728000+00:00;44;1258;13;10018
2025-04-19 17:26:30.728000+00:00;63;1258;12;10018
2025-04-19 17:26:38.055000+00:00;1;1258;9;10018
2025-04-19 17:26:38.055000+00:00;4;1258;10;10018
2025-04-19 17:26:38.055000+00:00;6;1258;8;10018
2025-04-19 17:26:38.055000+00:00;10;1258;5;10018
2025-04-19 17:26:38.055000+00:00;12;1258;2;10018
2025-04-19 17:26:38.055000+00:00;14;1258;7;10018
2025-04-19 17:26:38.055000+00:00;23;1258;3;10018
2025-04-19 17:26:38.055000+00:00;55;1258;4;10018
2025-04-19 17:26:38.055000+00:00;87;1258;6;10018
2025-04-19 17:26:51.223000+00:00;1;1258;10;10018
2025-04-19 17:26:51.223000+00:00;4;1258;11;10018
2025-04-19 17:26:51.223000+00:00;6;1258;9;10018
2025-04-19 17:26:51.223000+00:00;10;1258;6;10018
2025-04-19 17:26:51.223000+00:00;14;1258;8;10018
2025-04-19 17:26:51.223000+00:00;22;1258;12;10018
2025-04-19 17:26:51.223000+00:00;55;1258;5;10018
2025-04-19 17:26:51.223000+00:00;63;1258;4;10018
2025-04-19 17:26:51.223000+00:00;87;1258;7;10018
2025-04-19 17:26:51.769000+00:00;12;1258;3;10018
2025-04-19 17:26:51.769000+00:00;23;1258;1;10018
2025-04-19 17:26:51.769000+00:00;81;1258;2;10018
2025-04-19 17:27:01.767000+00:00;1;1258;2;10018
2025-04-19 17:27:01.767000+00:00;6;1258;10;10018
2025-04-19 17:27:01.767000+00:00;10;1258;7;10018
2025-04-19 17:27:01.767000+00:00;12;1258;4;10018
2025-04-19 17:27:01.767000+00:00;14;1258;9;10018
2025-04-19 17:27:01.767000+00:00;55;1258;6;10018
2025-04-19 17:27:01.767000+00:00;63;1258;5;10018
2025-04-19 17:27:01.767000+00:00;81;1258;3;10018
2025-04-19 17:27:01.767000+00:00;87;1258;8;10018
2025-04-19 17:27:12.028000+00:00;4;1258;12;10018
2025-04-19 17:27:12.028000+00:00;6;1258;11;10018
2025-04-19 17:27:12.028000+00:00;16;1258;15;10018
2025-04-19 17:27:12.028000+00:00;22;1258;13;10018
2025-04-19 17:27:12.028000+00:00;30;1258;10;10018
2025-04-19 17:27:12.028000+00:00;44;1258;14;10018
2025-04-19 17:27:17.626000+00:00;4;1258;13;10018
2025-04-19 17:27:17.626000+00:00;6;1258;12;10018
2025-04-19 17:27:17.626000+00:00;16;1258;10;10018
2025-04-19 17:27:17.626000+00:00;22;1258;14;10018
2025-04-19 17:27:17.626000+00:00;30;1258;11;10018
2025-04-19 17:27:17.626000+00:00;44;1258;15;10018
2025-04-19 17:27:24.954000+00:00;4;1258;14;10018
2025-04-19 17:27:24.954000+00:00;6;1258;13;10018
2025-04-19 17:27:24.954000+00:00;10;1258;8;10018
2025-04-19 17:27:24.954000+00:00;14;1258;10;10018
2025-04-19 17:27:24.954000+00:00;16;1258;11;10018
2025-04-19 17:27:24.954000+00:00;22;1258;15;10018
2025-04-19 17:27:24.954000+00:00;30;1258;12;10018
2025-04-19 17:27:24.954000+00:00;44;1258;7;10018
2025-04-19 17:27:24.954000+00:00;87;1258;9;10018
2025-04-19 17:27:34.908000+00:00;4;1258;15;10018
2025-04-19 17:27:34.908000+00:00;6;1258;14;10018
2025-04-19 17:27:34.908000+00:00;10;1258;9;10018
2025-04-19 17:27:34.908000+00:00;14;1258;11;10018
2025-04-19 17:27:34.908000+00:00;16;1258;12;10018
2025-04-19 17:27:34.908000+00:00;22;1258;5;10018
2025-04-19 17:27:34.908000+00:00;30;1258;13;10018
2025-04-19 17:27:34.908000+00:00;44;1258;8;10018
2025-04-19 17:27:34.908000+00:00;55;1258;7;10018
2025-04-19 17:27:34.908000+00:00;63;1258;6;10018
2025-04-19 17:27:34.908000+00:00;87;1258;10;10018
2025-04-19 17:27:54.799000+00:00;1;1258;3;10018
2025-04-19 17:27:54.799000+00:00;10;1258;10;10018
2025-04-19 17:27:54.799000+00:00;12;1258;5;10018
2025-04-19 17:27:54.799000+00:00;22;1258;6;10018
2025-04-19 17:27:54.799000+00:00;44;1258;9;10018
2025-04-19 17:27:54.799000+00:00;55;1258;8;10018
2025-04-19 17:27:54.799000+00:00;63;1258;7;10018
2025-04-19 17:27:54.799000+00:00;81;1258;4;10018
2025-04-19 17:27:54.799000+00:00;87;1258;2;10018
2025-04-19 17:28:03.027000+00:00;1;1258;4;10018
2025-04-19 17:28:03.027000+00:00;10;1258;2;10018
2025-04-19 17:28:03.027000+00:00;12;1258;6;10018
2025-04-19 17:28:03.027000+00:00;22;1258;7;10018
2025-04-19 17:28:03.027000+00:00;44;1258;10;10018
2025-04-19 17:28:03.027000+00:00;55;1258;9;10018
2025-04-19 17:28:03.027000+00:00;63;1258;8;10018
2025-04-19 17:28:03.027000+00:00;81;1258;5;10018
2025-04-19 17:28:03.027000+00:00;87;1258;3;10018
2025-04-19 17:28:04.845000+00:00;4;1258;5;10018
2025-04-19 17:28:04.845000+00:00;6;1258;15;10018
2025-04-19 17:28:04.845000+00:00;12;1258;7;10018
2025-04-19 17:28:04.845000+00:00;14;1258;12;10018
2025-04-19 17:28:04.845000+00:00;16;1258;13;10018
2025-04-19 17:28:04.845000+00:00;22;1258;8;10018
2025-04-19 17:28:04.845000+00:00;30;1258;14;10018
2025-04-19 17:28:04.845000+00:00;44;1258;11;10018
2025-04-19 17:28:04.845000+00:00;55;1258;10;10018
2025-04-19 17:28:04.845000+00:00;63;1258;9;10018
2025-04-19 17:28:04.845000+00:00;81;1258;6;10018
2025-04-19 17:28:11.004000+00:00;1;1258;5;10018
2025-04-19 17:28:11.004000+00:00;4;1258;6;10018
2025-04-19 17:28:11.004000+00:00;6;1258;4;10018
2025-04-19 17:28:11.004000+00:00;12;1258;8;10018
2025-04-19 17:28:11.004000+00:00;14;1258;13;10018
2025-04-19 17:28:11.004000+00:00;16;1258;14;10018
2025-04-19 17:28:11.004000+00:00;22;1258;9;10018
2025-04-19 17:28:11.004000+00:00;30;1258;15;10018
2025-04-19 17:28:11.004000+00:00;44;1258;12;10018
2025-04-19 17:28:11.004000+00:00;55;1258;11;10018
2025-04-19 17:28:11.004000+00:00;63;1258;10;10018
2025-04-19 17:28:11.004000+00:00;81;1258;7;10018
2025-04-19 17:28:21.037000+00:00;1;1258;6;10018
2025-04-19 17:28:21.037000+00:00;4;1258;7;10018
2025-04-19 17:28:21.037000+00:00;6;1258;5;10018
2025-04-19 17:28:21.037000+00:00;10;1258;3;10018
2025-04-19 17:28:21.037000+00:00;12;1258;9;10018
2025-04-19 17:28:21.037000+00:00;22;1258;10;10018
2025-04-19 17:28:21.037000+00:00;55;1258;2;10018
2025-04-19 17:28:21.037000+00:00;63;1258;11;10018
2025-04-19 17:28:21.037000+00:00;81;1258;8;10018
2025-04-19 17:28:21.037000+00:00;87;1258;4;10018
2025-04-19 17:28:30.930000+00:00;1;1258;7;10018
2025-04-19 17:28:30.930000+00:00;4;1258;8;10018
2025-04-19 17:28:30.930000+00:00;6;1258;6;10018
2025-04-19 17:28:30.930000+00:00;10;1258;4;10018
2025-04-19 17:28:30.930000+00:00;55;1258;3;10018
2025-04-19 17:28:30.930000+00:00;81;1258;2;10018
2025-04-19 17:28:30.930000+00:00;87;1258;5;10018
2025-04-19 17:28:36.964000+00:00;1;1258;8;10018
2025-04-19 17:28:36.964000+00:00;4;1258;9;10018
2025-04-19 17:28:36.964000+00:00;6;1258;7;10018
2025-04-19 17:28:36.964000+00:00;12;1258;10;10018
2025-04-19 17:28:36.964000+00:00;14;1258;6;10018
2025-04-19 17:28:36.964000+00:00;22;1258;11;10018
2025-04-19 17:28:36.964000+00:00;44;1258;13;10018
2025-04-19 17:28:36.964000+00:00;63;1258;12;10018
2025-04-19 17:28:51.761000+00:00;1;1258;9;10018
2025-04-19 17:28:51.761000+00:00;4;1258;10;10018
2025-04-19 17:28:51.761000+00:00;6;1258;8;10018
2025-04-19 17:28:51.761000+00:00;10;1258;5;10018
2025-04-19 17:28:51.761000+00:00;12;1258;3;10018
2025-04-19 17:28:51.761000+00:00;14;1258;7;10018
2025-04-19 17:28:51.761000+00:00;55;1258;4;10018
2025-04-19 17:28:51.761000+00:00;87;1258;6;10018
2025-04-19 17:28:59.278000+00:00;1;1258;10;10018
2025-04-19 17:28:59.278000+00:00;4;1258;11;10018
2025-04-19 17:28:59.278000+00:00;6;1258;9;10018
2025-04-19 17:28:59.278000+00:00;10;1258;6;10018
2025-04-19 17:28:59.278000+00:00;14;1258;8;10018
2025-04-19 17:28:59.278000+00:00;22;1258;12;10018
2025-04-19 17:28:59.278000+00:00;55;1258;5;10018
2025-04-19 17:28:59.278000+00:00;63;1258;4;10018
2025-04-19 17:28:59.278000+00:00;87;1258;7;10018
2025-04-19 17:29:06.476000+00:00;1;1258;2;10018
2025-04-19 17:29:06.476000+00:00;6;1258;10;10018
2025-04-19 17:29:06.476000+00:00;10;1258;7;10018
2025-04-19 17:29:06.476000+00:00;12;1258;4;10018
2025-04-19 17:29:06.476000+00:00;14;1258;9;10018
2025-04-19 17:29:06.476000+00:00;55;1258;6;10018
2025-04-19 17:29:06.476000+00:00;63;1258;5;10018
2025-04-19 17:29:06.476000+00:00;81;1258;3;10018
2025-04-19 17:29:06.476000+00:00;87;1258;8;10018
2025-04-19 17:29:17.289000+00:00;4;1258;12;10018
2025-04-19 17:29:17.289000+00:00;6;1258;11;10018
2025-04-19 17:29:17.289000+00:00;16;1258;15;10018
2025-04-19 17:29:17.289000+00:00;22;1258;13;10018
2025-04-19 17:29:17.289000+00:00;30;1258;10;10018
2025-04-19 17:29:17.289000+00:00;44;1258;14;10018
2025-04-19 17:29:23.458000+00:00;1;1258;3;10018
2025-04-19 17:29:23.458000+00:00;10;1258;8;10018
2025-04-19 17:29:23.458000+00:00;12;1258;5;10018
2025-04-19 17:29:23.458000+00:00;55;1258;7;10018
2025-04-19 17:29:23.458000+00:00;63;1258;6;10018
2025-04-19 17:29:23.458000+00:00;81;1258;4;10018
2025-04-19 17:29:23.458000+00:00;87;1258;2;10018
2025-04-19 17:29:31.455000+00:00;1;1258;4;10018
2025-04-19 17:29:31.455000+00:00;10;1258;1;10018
2025-04-19 17:29:31.455000+00:00;12;1258;6;10018
2025-04-19 17:29:31.455000+00:00;23;1258;2;10018
2025-04-19 17:29:31.455000+00:00;55;1258;8;10018
2025-04-19 17:29:31.455000+00:00;63;1258;7;10018
2025-04-19 17:29:31.455000+00:00;81;1258;5;10018
2025-04-19 17:29:31.455000+00:00;87;1258;3;10018
2025-04-19 17:29:32.495000+00:00;4;1258;13;10018
2025-04-19 17:29:32.495000+00:00;6;1258;12;10018
2025-04-19 17:29:32.495000+00:00;16;1258;10;10018
2025-04-19 17:29:32.495000+00:00;22;1258;14;10018
2025-04-19 17:29:32.495000+00:00;30;1258;11;10018
2025-04-19 17:29:32.495000+00:00;44;1258;15;10018
2025-04-19 17:29:39.698000+00:00;1;1258;5;10018
2025-04-19 17:29:39.698000+00:00;6;1258;4;10018
2025-04-19 17:29:39.698000+00:00;12;1258;7;10018
2025-04-19 17:29:39.698000+00:00;14;1258;10;10018
2025-04-19 17:29:39.698000+00:00;16;1258;11;10018
2025-04-19 17:29:39.698000+00:00;30;1258;12;10018
2025-04-19 17:29:39.698000+00:00;55;1258;9;10018
2025-04-19 17:29:39.698000+00:00;63;1258;8;10018
2025-04-19 17:29:39.698000+00:00;81;1258;6;10018
2025-04-19 17:29:40.573000+00:00;4;1258;14;10018
2025-04-19 17:29:40.573000+00:00;14;1258;11;10018
2025-04-19 17:29:40.573000+00:00;16;1258;12;10018
2025-04-19 17:29:40.573000+00:00;22;1258;15;10018
2025-04-19 17:29:40.573000+00:00;30;1258;13;10018
2025-04-19 17:29:40.573000+00:00;44;1258;10;10018
2025-04-19 17:29:47.776000+00:00;4;1258;15;10018
2025-04-19 17:29:47.776000+00:00;14;1258;12;10018
2025-04-19 17:29:47.776000+00:00;16;1258;13;10018
2025-04-19 17:29:47.776000+00:00;22;1258;8;10018
2025-04-19 17:29:47.776000+00:00;30;1258;14;10018
2025-04-19 17:29:47.776000+00:00;44;1258;11;10018
2025-04-19 17:29:47.776000+00:00;55;1258;10;10018
2025-04-19 17:29:47.776000+00:00;63;1258;9;10018
2025-04-19 17:29:49.292000+00:00;1;1258;6;10018
2025-04-19 17:29:49.292000+00:00;6;1258;5;10018
2025-04-19 17:29:49.292000+00:00;10;1258;2;10018
2025-04-19 17:29:49.292000+00:00;12;1258;8;10018
2025-04-19 17:29:49.292000+00:00;22;1258;9;10018
2025-04-19 17:29:49.292000+00:00;23;1258;3;10018
2025-04-19 17:29:49.292000+00:00;55;1258;1;10018
2025-04-19 17:29:49.292000+00:00;63;1258;10;10018
2025-04-19 17:29:49.292000+00:00;81;1258;7;10018
2025-04-19 17:29:49.292000+00:00;87;1258;4;10018
2025-04-19 17:29:58.569000+00:00;1;1258;7;10018
2025-04-19 17:29:58.569000+00:00;6;1258;6;10018
2025-04-19 17:29:58.569000+00:00;10;1258;3;10018
2025-04-19 17:29:58.569000+00:00;23;1258;4;10018
2025-04-19 17:29:58.569000+00:00;55;1258;2;10018
2025-04-19 17:29:58.569000+00:00;81;1258;1;10018
2025-04-19 17:29:58.569000+00:00;87;1258;5;10018
2025-04-19 17:29:58.827000+00:00;4;1258;8;10018
2025-04-19 17:29:58.827000+00:00;12;1258;9;10018
2025-04-19 17:29:58.827000+00:00;14;1258;13;10018
2025-04-19 17:29:58.827000+00:00;16;1258;14;10018
2025-04-19 17:29:58.827000+00:00;22;1258;10;10018
2025-04-19 17:29:58.827000+00:00;30;1258;15;10018
2025-04-19 17:29:58.827000+00:00;44;1258;12;10018
2025-04-19 17:29:58.827000+00:00;63;1258;11;10018
2025-04-19 17:30:05.664000+00:00;1;1258;8;10018
2025-04-19 17:30:05.664000+00:00;4;1258;9;10018
2025-04-19 17:30:05.664000+00:00;12;1258;10;10018
2025-04-19 17:30:05.664000+00:00;14;1258;7;10018
2025-04-19 17:30:05.664000+00:00;22;1258;11;10018
2025-04-19 17:30:05.664000+00:00;44;1258;13;10018
2025-04-19 17:30:05.664000+00:00;63;1258;12;10018
2025-04-19 17:30:20.090000+00:00;1;1258;9;10018
2025-04-19 17:30:20.090000+00:00;4;1258;10;10018
2025-04-19 17:30:20.090000+00:00;6;1258;7;10018
2025-04-19 17:30:20.090000+00:00;10;1258;4;10018
2025-04-19 17:30:20.090000+00:00;12;1258;3;10018
2025-04-19 17:30:20.090000+00:00;14;1258;8;10018
2025-04-19 17:30:20.090000+00:00;23;1258;5;10018
2025-04-19 17:30:20.090000+00:00;87;1258;6;10018
2025-04-19 17:30:27.352000+00:00;1;1258;10;10018
2025-04-19 17:30:27.352000+00:00;4;1258;11;10018
2025-04-19 17:30:27.352000+00:00;6;1258;8;10018
2025-04-19 17:30:27.352000+00:00;10;1258;5;10018
2025-04-19 17:30:27.352000+00:00;12;1258;4;10018
2025-04-19 17:30:27.352000+00:00;14;1258;9;10018
2025-04-19 17:30:27.352000+00:00;22;1258;12;10018
2025-04-19 17:30:27.352000+00:00;23;1258;6;10018
2025-04-19 17:30:27.352000+00:00;55;1258;3;10018
2025-04-19 17:30:27.352000+00:00;63;1258;2;10018
2025-04-19 17:30:27.352000+00:00;87;1258;7;10018
2025-04-19 17:30:34.114000+00:00;1;1258;1;10018
2025-04-19 17:30:34.114000+00:00;6;1258;9;10018
2025-04-19 17:30:34.114000+00:00;10;1258;6;10018
2025-04-19 17:30:34.114000+00:00;12;1258;5;10018
2025-04-19 17:30:34.114000+00:00;14;1258;10;10018
2025-04-19 17:30:34.114000+00:00;23;1258;7;10018
2025-04-19 17:30:34.114000+00:00;55;1258;4;10018
2025-04-19 17:30:34.114000+00:00;63;1258;3;10018
2025-04-19 17:30:34.114000+00:00;81;1258;2;10018
2025-04-19 17:30:34.114000+00:00;87;1258;8;10018
2025-04-19 17:31:00.505000+00:00;4;1258;12;10018
2025-04-19 17:31:00.505000+00:00;6;1258;10;10018
2025-04-19 17:31:00.505000+00:00;10;1258;7;10018
2025-04-19 17:31:00.505000+00:00;12;1258;6;10018
2025-04-19 17:31:00.505000+00:00;14;1258;11;10018
2025-04-19 17:31:00.505000+00:00;16;1258;4;10018
2025-04-19 17:31:00.505000+00:00;22;1258;13;10018
2025-04-19 17:31:00.505000+00:00;23;1258;8;10018
2025-04-19 17:31:00.505000+00:00;44;1258;14;10018
2025-04-19 17:31:00.505000+00:00;55;1258;5;10018
2025-04-19 17:31:00.505000+00:00;87;1258;9;10018
2025-04-19 17:31:08.712000+00:00;4;1258;13;10018
2025-04-19 17:31:08.712000+00:00;6;1258;11;10018
2025-04-19 17:31:08.712000+00:00;10;1258;8;10018
2025-04-19 17:31:08.712000+00:00;12;1258;7;10018
2025-04-19 17:31:08.712000+00:00;14;1258;12;10018
2025-04-19 17:31:08.712000+00:00;22;1258;14;10018
2025-04-19 17:31:08.712000+00:00;23;1258;9;10018
2025-04-19 17:31:08.712000+00:00;44;1258;5;10018
2025-04-19 17:31:08.712000+00:00;55;1258;6;10018
2025-04-19 17:31:08.712000+00:00;87;1258;10;10018
2025-04-19 17:31:16.018000+00:00;4;1258;14;10018
2025-04-19 17:31:16.018000+00:00;6;1258;12;10018
2025-04-19 17:31:16.018000+00:00;10;1258;9;10018
2025-04-19 17:31:16.018000+00:00;12;1258;8;10018
2025-04-19 17:31:16.018000+00:00;14;1258;13;10018
2025-04-19 17:31:16.018000+00:00;22;1258;5;10018
2025-04-19 17:31:16.018000+00:00;23;1258;10;10018
2025-04-19 17:31:16.018000+00:00;44;1258;6;10018
2025-04-19 17:31:16.018000+00:00;55;1258;7;10018
2025-04-19 17:31:16.018000+00:00;87;1258;11;10018
2025-04-19 17:31:26.152000+00:00;1;1258;2;10018
2025-04-19 17:31:26.152000+00:00;4;1258;1;10018
2025-04-19 17:31:26.152000+00:00;6;1258;13;10018
2025-04-19 17:31:26.152000+00:00;10;1258;10;10018
2025-04-19 17:31:26.152000+00:00;12;1258;9;10018
2025-04-19 17:31:26.152000+00:00;14;1258;14;10018
2025-04-19 17:31:26.152000+00:00;16;1258;5;10018
2025-04-19 17:31:26.152000+00:00;22;1258;6;10018
2025-04-19 17:31:26.152000+00:00;23;1258;11;10018
2025-04-19 17:31:26.152000+00:00;44;1258;7;10018
2025-04-19 17:31:26.152000+00:00;55;1258;8;10018
2025-04-19 17:31:26.152000+00:00;63;1258;4;10018
2025-04-19 17:31:26.152000+00:00;81;1258;3;10018
2025-04-19 17:31:26.152000+00:00;87;1258;12;10018
2025-04-19 17:35:44.679000+00:00;10;1258;11;10018
2025-04-19 17:35:44.679000+00:00;12;1258;10;10018
2025-04-19 17:35:44.679000+00:00;22;1258;7;10018
2025-04-19 17:35:44.679000+00:00;23;1258;6;10018
2025-04-19 17:35:44.679000+00:00;44;1258;8;10018
2025-04-19 17:35:44.679000+00:00;55;1258;9;10018
2025-04-19 17:38:45.848000+00:00;63;1258;3;10018
2025-04-19 17:38:45.848000+00:00;81;1258;4;10018
2025-04-19 17:38:51.762000+00:00;12;1258;5;10018
2025-04-19 17:38:51.762000+00:00;16;1258;6;10018
2025-04-19 17:38:51.762000+00:00;22;1258;8;10018
2025-04-19 17:38:51.762000+00:00;23;1258;7;10018
2025-04-19 17:38:51.762000+00:00;44;1258;9;10018
2025-04-19 17:38:51.762000+00:00;55;1258;10;10018
2025-04-19 17:39:02.787000+00:00;63;1258;4;10018
2025-04-19 17:39:02.787000+00:00;81;1258;3;10018
2025-04-19 17:39:11.245000+00:00;16;1258;7;10018
2025-04-19 17:39:11.245000+00:00;22;1258;9;10018
2025-04-19 17:39:11.245000+00:00;23;1258;8;10018
2025-04-19 17:39:11.245000+00:00;44;1258;10;10018
2025-04-19 17:39:11.245000+00:00;55;1258;6;10018
2025-04-19 17:39:38.653000+00:00;6;1258;11;10018
2025-04-19 17:39:38.653000+00:00;10;1258;12;10018
2025-04-19 17:39:38.653000+00:00;87;1258;13;10018
2025-04-19 17:39:47.711000+00:00;6;1258;12;10018
2025-04-19 17:39:47.711000+00:00;10;1258;13;10018
2025-04-19 17:39:47.711000+00:00;14;1258;15;10018
2025-04-19 17:39:47.711000+00:00;30;1258;10;10018
2025-04-19 17:39:47.711000+00:00;44;1258;11;10018
2025-04-19 17:39:47.711000+00:00;87;1258;14;10018
2025-04-19 17:39:59.651000+00:00;16;1258;6;10018
2025-04-19 17:39:59.651000+00:00;55;1258;7;10018
2025-04-19 17:40:06.394000+00:00;22;1258;10;10018
2025-04-19 17:40:06.394000+00:00;23;1258;9;10018
2025-04-19 17:40:06.394000+00:00;30;1258;11;10018
2025-04-19 17:40:06.394000+00:00;44;1258;8;10018
2025-04-19 17:40:15.127000+00:00;6;1258;13;10018
2025-04-19 17:40:15.127000+00:00;10;1258;8;10018
2025-04-19 17:40:15.127000+00:00;22;1258;11;10018
2025-04-19 17:40:15.127000+00:00;23;1258;10;10018
2025-04-19 17:40:15.127000+00:00;30;1258;12;10018
2025-04-19 17:40:15.127000+00:00;44;1258;9;10018
2025-04-19 17:40:31.490000+00:00;6;1258;14;10018
2025-04-19 17:40:31.490000+00:00;14;1258;13;10018
2025-04-19 17:40:31.490000+00:00;87;1258;15;10018
2025-04-19 17:40:40.361000+00:00;10;1258;9;10018
2025-04-19 17:40:40.361000+00:00;22;1258;7;10018
2025-04-19 17:40:40.361000+00:00;23;1258;11;10018
2025-04-19 17:40:40.361000+00:00;44;1258;10;10018
2025-04-19 17:40:40.361000+00:00;55;1258;8;10018
2025-04-19 17:48:13.589000+00:00;1;1258;3;10018
2025-04-19 17:48:13.589000+00:00;4;1258;2;10018
2025-04-19 17:48:13.589000+00:00;81;1258;1;10018
2025-04-19 17:48:19.433000+00:00;1;1258;4;10018
2025-04-19 17:48:19.433000+00:00;4;1258;3;10018
2025-04-19 17:48:19.433000+00:00;63;1258;2;10018
2025-04-19 17:48:21.777000+00:00;1;1258;5;10018
2025-04-19 17:48:21.777000+00:00;4;1258;4;10018
2025-04-19 17:48:21.777000+00:00;12;1258;3;10018
2025-04-19 17:48:25.855000+00:00;1;1258;6;10018
2025-04-19 17:48:25.855000+00:00;4;1258;5;10018
2025-04-19 17:48:25.855000+00:00;16;1258;7;10018
2025-04-19 17:48:25.855000+00:00;22;1258;8;10018
2025-04-19 17:48:25.855000+00:00;55;1258;4;10018
2025-04-19 17:48:33.252000+00:00;1;1258;7;10018
2025-04-19 17:48:33.252000+00:00;4;1258;6;10018
2025-04-19 17:48:33.252000+00:00;16;1258;4;10018
2025-04-19 17:48:33.252000+00:00;55;1258;5;10018
2025-04-19 17:48:48.035000+00:00;4;1258;1;10018
2025-04-19 17:48:48.035000+00:00;12;1258;4;10018
2025-04-19 17:48:48.035000+00:00;16;1258;5;10018
2025-04-19 17:48:48.035000+00:00;55;1258;6;10018
2025-04-19 17:48:48.035000+00:00;63;1258;3;10018
2025-04-19 17:48:48.035000+00:00;81;1258;2;10018
2025-04-19 17:48:58.127000+00:00;1;1258;8;10018
2025-04-19 17:48:58.127000+00:00;10;1258;10;10018
2025-04-19 17:48:58.127000+00:00;22;1258;9;10018
2025-04-19 17:48:58.127000+00:00;44;1258;7;10018
2025-04-19 17:49:10.689000+00:00;1;1258;9;10018
2025-04-19 17:49:10.689000+00:00;10;1258;7;10018
2025-04-19 17:49:10.689000+00:00;22;1258;10;10018
2025-04-19 17:49:10.689000+00:00;44;1258;8;10018
2025-04-19 17:49:26.066000+00:00;1;1258;2;10018
2025-04-19 17:49:26.066000+00:00;10;1258;8;10018
2025-04-19 17:49:26.066000+00:00;12;1258;5;10018
2025-04-19 17:49:26.066000+00:00;16;1258;6;10018
2025-04-19 17:49:26.066000+00:00;44;1258;9;10018
2025-04-19 17:49:26.066000+00:00;55;1258;7;10018
2025-04-19 17:49:26.066000+00:00;63;1258;4;10018
2025-04-19 17:49:26.066000+00:00;81;1258;3;10018
2025-04-19 17:49:41.802000+00:00;10;1258;9;10018
2025-04-19 17:49:41.802000+00:00;22;1258;7;10018
2025-04-19 17:49:41.802000+00:00;44;1258;10;10018
2025-04-19 17:49:41.802000+00:00;55;1258;8;10018
2025-04-19 17:50:00.344000+00:00;1;1258;3;10018
2025-04-19 17:50:00.344000+00:00;4;1258;2;10018
2025-04-19 17:50:00.344000+00:00;81;1258;1;10018
2025-04-19 17:50:14.941000+00:00;1;1258;4;10018
2025-04-19 17:50:14.941000+00:00;4;1258;3;10018
2025-04-19 17:50:14.941000+00:00;63;1258;2;10018
2025-04-19 17:50:24.109000+00:00;1;1258;5;10018
2025-04-19 17:50:24.109000+00:00;4;1258;4;10018
2025-04-19 17:50:24.109000+00:00;12;1258;3;10018
2025-04-19 17:50:39.028000+00:00;1;1258;6;10018
2025-04-19 17:50:39.028000+00:00;4;1258;5;10018
2025-04-19 17:50:39.028000+00:00;16;1258;7;10018
2025-04-19 17:50:39.028000+00:00;22;1258;8;10018
2025-04-19 17:50:39.028000+00:00;55;1258;4;10018
2025-04-19 17:50:49.497000+00:00;1;1258;7;10018
2025-04-19 17:50:49.497000+00:00;4;1258;6;10018
2025-04-19 17:50:49.497000+00:00;16;1258;4;10018
2025-04-19 17:50:49.497000+00:00;55;1258;5;10018
2025-04-19 17:50:56.915000+00:00;4;1258;1;10018
2025-04-19 17:50:56.915000+00:00;12;1258;4;10018
2025-04-19 17:50:56.915000+00:00;16;1258;5;10018
2025-04-19 17:50:56.915000+00:00;55;1258;6;10018
2025-04-19 17:50:56.915000+00:00;63;1258;3;10018
2025-04-19 17:50:56.915000+00:00;81;1258;2;10018
2025-04-19 17:51:10.344000+00:00;1;1258;8;10018
2025-04-19 17:51:10.344000+00:00;10;1258;10;10018
2025-04-19 17:51:10.344000+00:00;22;1258;9;10018
2025-04-19 17:51:10.344000+00:00;44;1258;7;10018
2025-04-19 17:51:23.423000+00:00;1;1258;9;10018
2025-04-19 17:51:23.423000+00:00;10;1258;7;10018
2025-04-19 17:51:23.423000+00:00;22;1258;10;10018
2025-04-19 17:51:23.423000+00:00;44;1258;8;10018
2025-04-19 17:51:27.653000+00:00;4;1258;2;10018
2025-04-19 17:51:27.653000+00:00;81;1258;1;10018
2025-04-19 18:03:14.541000+00:00;1;1258;3;10018
2025-04-19 18:03:14.541000+00:00;10;1258;8;10018
2025-04-19 18:03:14.541000+00:00;12;1258;5;10018
2025-04-19 18:03:14.541000+00:00;16;1258;6;10018
2025-04-19 18:03:14.541000+00:00;44;1258;9;10018
2025-04-19 18:03:14.541000+00:00;55;1258;7;10018
2025-04-19 18:03:14.541000+00:00;63;1258;4;10018
2025-04-19 18:04:28.057000+00:00;1;1258;4;10018
2025-04-19 18:04:28.057000+00:00;4;1258;3;10018
2025-04-19 18:04:28.057000+00:00;12;1258;6;10018
2025-04-19 18:04:28.057000+00:00;16;1258;7;10018
2025-04-19 18:04:28.057000+00:00;55;1258;2;10018
2025-04-19 18:04:28.057000+00:00;63;1258;5;10018
2025-04-19 18:04:42.150000+00:00;1;1258;1;10018
2025-04-19 18:04:42.150000+00:00;4;1258;4;10018
2025-04-19 18:04:42.150000+00:00;55;1258;3;10018
2025-04-19 18:04:42.150000+00:00;81;1258;2;10018
2025-04-19 18:07:01.834000+00:00;10;1258;9;10018
2025-04-19 18:07:01.834000+00:00;22;1258;8;10018
2025-04-19 18:07:01.834000+00:00;44;1258;10;10018
2025-04-19 18:08:13.915000+00:00;1;1258;2;10018
2025-04-19 18:08:13.915000+00:00;4;1258;5;10018
2025-04-19 18:08:13.915000+00:00;55;1258;4;10018
2025-04-19 18:08:13.915000+00:00;63;1258;1;10018
2025-04-19 18:08:13.915000+00:00;81;1258;3;10018
2025-04-19 18:08:19.486000+00:00;4;1258;6;10018
2025-04-19 18:08:19.486000+00:00;12;1258;4;10018
2025-04-19 18:08:19.486000+00:00;55;1258;5;10018
2025-04-19 18:08:30.943000+00:00;4;1258;7;10018
2025-04-19 18:08:30.943000+00:00;16;1258;8;10018
2025-04-19 18:08:30.943000+00:00;22;1258;5;10018
2025-04-19 18:08:30.943000+00:00;55;1258;6;10018
2025-04-19 18:08:57.189000+00:00;4;1258;8;10018
2025-04-19 18:08:57.189000+00:00;12;1258;5;10018
2025-04-19 18:08:57.189000+00:00;16;1258;4;10018
2025-04-19 18:08:57.189000+00:00;22;1258;6;10018
2025-04-19 18:08:57.189000+00:00;55;1258;7;10018
2025-04-19 18:09:05.633000+00:00;4;1258;9;10018
2025-04-19 18:09:05.633000+00:00;10;1258;10;10018
2025-04-19 18:09:05.633000+00:00;22;1258;7;10018
2025-04-19 18:09:05.633000+00:00;44;1258;6;10018
2025-04-19 18:09:05.633000+00:00;55;1258;8;10018
2025-04-19 18:09:12.308000+00:00;4;1258;10;10018
2025-04-19 18:09:12.308000+00:00;10;1258;8;10018
2025-04-19 18:09:12.308000+00:00;55;1258;9;10018
2025-04-19 18:09:24.693000+00:00;1;1258;3;10018
2025-04-19 18:09:24.693000+00:00;63;1258;2;10018
2025-04-19 18:09:24.693000+00:00;81;1258;1;10018
2025-04-19 18:09:58.677000+00:00;1;1258;1;10018
2025-04-19 18:09:58.677000+00:00;63;1258;3;10018
2025-04-19 18:09:58.677000+00:00;81;1258;2;10018
2025-04-19 18:10:15.543000+00:00;10;1258;9;10018
2025-04-19 18:10:15.543000+00:00;22;1258;8;10018
2025-04-19 18:10:15.543000+00:00;44;1258;7;10018
2025-04-19 18:10:15.543000+00:00;55;1258;6;10018
2025-04-20 16:07:01.574000+00:00;1;1258;1;10022
2025-04-20 16:07:01.574000+00:00;4;1258;10;10022
2025-04-20 16:07:01.574000+00:00;5;1258;20;10022
2025-04-20 16:07:01.574000+00:00;6;1258;14;10022
2025-04-20 16:07:01.574000+00:00;7;1258;17;10022
2025-04-20 16:07:01.574000+00:00;10;1258;9;10022
2025-04-20 16:07:01.574000+00:00;12;1258;5;10022
2025-04-20 16:07:01.574000+00:00;14;1258;13;10022
2025-04-20 16:07:01.574000+00:00;16;1258;4;10022
2025-04-20 16:07:01.574000+00:00;18;1258;16;10022
2025-04-20 16:07:01.574000+00:00;22;1258;8;10022
2025-04-20 16:07:01.574000+00:00;23;1258;11;10022
2025-04-20 16:07:01.574000+00:00;27;1258;18;10022
2025-04-20 16:07:01.574000+00:00;30;1258;12;10022
2025-04-20 16:07:01.574000+00:00;31;1258;19;10022
2025-04-20 16:07:01.574000+00:00;44;1258;7;10022
2025-04-20 16:07:01.574000+00:00;55;1258;6;10022
2025-04-20 16:07:01.574000+00:00;63;1258;3;10022
2025-04-20 16:07:01.574000+00:00;81;1258;2;10022
2025-04-20 16:07:01.574000+00:00;87;1258;15;10022
2025-04-20 17:04:34.665000+00:00;44;1258;6;10022
2025-04-20 17:04:34.665000+00:00;55;1258;7;10022
2025-04-20 17:04:36.428000+00:00;4;1258;8;10022
2025-04-20 17:04:36.428000+00:00;10;1258;10;10022
2025-04-20 17:04:36.428000+00:00;22;1258;9;10022
2025-04-20 17:04:36.853000+00:00;10;1258;11;10022
2025-04-20 17:04:36.853000+00:00;22;1258;10;10022
2025-04-20 17:04:36.853000+00:00;23;1258;9;10022
2025-04-20 17:04:36.943000+00:00;10;1258;12;10022
2025-04-20 17:04:36.943000+00:00;14;1258;10;10022
2025-04-20 17:04:36.943000+00:00;22;1258;11;10022
2025-04-20 17:04:36.943000+00:00;30;1258;13;10022
2025-04-20 17:04:37.443000+00:00;6;1258;11;10022
2025-04-20 17:04:37.443000+00:00;10;1258;13;10022
2025-04-20 17:04:37.443000+00:00;22;1258;12;10022
2025-04-20 17:04:37.443000+00:00;30;1258;14;10022
2025-04-20 17:04:37.818000+00:00;10;1258;14;10022
2025-04-20 17:04:37.818000+00:00;22;1258;13;10022
2025-04-20 17:04:37.818000+00:00;30;1258;12;10022
2025-04-20 17:04:38.162000+00:00;10;1258;15;10022
2025-04-20 17:04:38.162000+00:00;22;1258;14;10022
2025-04-20 17:04:38.162000+00:00;87;1258;13;10022
2025-04-20 17:04:38.396000+00:00;10;1258;16;10022
2025-04-20 17:04:38.396000+00:00;18;1258;14;10022
2025-04-20 17:04:38.396000+00:00;22;1258;15;10022
2025-04-20 17:04:38.787000+00:00;7;1258;15;10022
2025-04-20 17:04:38.787000+00:00;10;1258;17;10022
2025-04-20 17:04:38.787000+00:00;22;1258;16;10022
2025-04-20 17:04:39.237000+00:00;10;1258;18;10022
2025-04-20 17:04:39.237000+00:00;22;1258;17;10022
2025-04-20 17:04:39.237000+00:00;27;1258;16;10022
2025-04-20 17:04:39.604000+00:00;10;1258;19;10022
2025-04-20 17:04:39.604000+00:00;22;1258;18;10022
2025-04-20 17:04:39.604000+00:00;31;1258;17;10022
2025-04-20 17:04:40.109000+00:00;5;1258;18;10022
2025-04-20 17:04:40.109000+00:00;10;1258;20;10022
2025-04-20 17:04:40.109000+00:00;22;1258;19;10022
2025-04-20 17:06:23.018000+00:00;7;1258;16;10022
2025-04-20 17:06:23.018000+00:00;27;1258;15;10022
2025-04-20 17:13:20.268000+00:00;6;1258;10;10022
2025-04-20 17:13:20.268000+00:00;14;1258;11;10022
2025-04-20 17:18:03.685000+00:00;4;1258;7;10022
2025-04-20 17:18:03.685000+00:00;55;1258;8;10022
2025-04-20 17:25:55.186000+00:00;4;1258;6;10022
2025-04-20 17:25:55.186000+00:00;44;1258;7;10022
2025-04-20 17:29:05.820000+00:00;4;1258;7;10022
2025-04-20 17:29:05.820000+00:00;44;1258;6;10022
2025-04-20 17:30:40.229000+00:00;4;1258;6;10022
2025-04-20 17:30:40.229000+00:00;44;1258;7;10022
2025-04-20 17:30:51.898000+00:00;14;1258;12;10022
2025-04-20 17:30:51.898000+00:00;30;1258;11;10022
2025-04-20 17:35:44.347000+00:00;18;1258;13;10022
2025-04-20 17:35:44.347000+00:00;87;1258;14;10022
2025-04-20 17:36:56.019000+00:00;4;1258;5;10022
2025-04-20 17:36:56.019000+00:00;12;1258;6;10022
2025-04-20 17:37:00.707000+00:00;12;1258;7;10022
2025-04-20 17:37:00.707000+00:00;44;1258;6;10022
2025-04-20 17:37:22.332000+00:00;27;1258;14;10022
2025-04-20 17:37:22.332000+00:00;87;1258;15;10022
2025-04-20 17:37:22.723000+00:00;7;1258;15;10022
2025-04-20 17:37:22.723000+00:00;87;1258;16;10022
2025-04-20 17:37:23.285000+00:00;31;1258;16;10022
2025-04-20 17:37:23.285000+00:00;87;1258;17;10022
2025-04-20 17:37:26.004000+00:00;5;1258;17;10022
2025-04-20 17:37:26.004000+00:00;87;1258;18;10022
2025-04-20 17:40:03.681000+00:00;4;1258;3;10022
2025-04-20 17:40:03.681000+00:00;63;1258;4;10022
2025-04-20 17:40:10.190000+00:00;44;1258;6;10022
2025-04-20 17:40:10.190000+00:00;63;1258;5;10022
2025-04-20 17:40:10.190000+00:00;81;1258;4;10022
2025-04-20 17:40:10.643000+00:00;44;1258;5;10022
2025-04-20 17:40:10.643000+00:00;63;1258;6;10022
2025-04-20 17:40:26.464000+00:00;12;1258;10;10022
2025-04-20 17:40:26.464000+00:00;30;1258;11;10022
2025-04-20 17:40:31.495000+00:00;18;1258;11;10022
2025-04-20 17:40:31.495000+00:00;30;1258;12;10022
2025-04-20 17:40:34.296000+00:00;27;1258;12;10022
2025-04-20 17:40:34.296000+00:00;30;1258;13;10022
2025-04-20 17:40:35.449000+00:00;7;1258;15;10022
2025-04-20 17:40:35.449000+00:00;30;1258;14;10022
2025-04-20 17:40:35.449000+00:00;31;1258;13;10022
2025-04-20 17:40:36.902000+00:00;7;1258;14;10022
2025-04-20 17:40:36.902000+00:00;30;1258;15;10022
2025-04-20 17:40:38.350000+00:00;5;1258;15;10022
2025-04-20 17:40:38.350000+00:00;30;1258;16;10022
2025-04-20 17:41:33.390000+00:00;1;1258;2;10022
2025-04-20 17:41:33.390000+00:00;16;1258;1;10022
2025-04-20 17:41:37.297000+00:00;1;1258;3;10022
2025-04-20 17:41:37.297000+00:00;4;1258;2;10022
2025-04-20 17:41:44.184000+00:00;1;1258;4;10022
2025-04-20 17:41:44.184000+00:00;81;1258;3;10022
2025-04-20 17:41:46.116000+00:00;1;1258;5;10022
2025-04-20 17:41:46.116000+00:00;44;1258;4;10022
2025-04-20 17:41:56.375000+00:00;6;1258;7;10022
2025-04-20 17:41:56.375000+00:00;23;1258;9;10022
2025-04-20 17:41:56.375000+00:00;55;1258;8;10022
2025-04-20 17:41:57.945000+00:00;23;1258;8;10022
2025-04-20 17:41:57.945000+00:00;55;1258;9;10022
2025-04-20 17:42:00.135000+00:00;12;1258;9;10022
2025-04-20 17:42:00.135000+00:00;55;1258;10;10022
2025-04-20 17:42:07.322000+00:00;18;1258;10;10022
2025-04-20 17:42:07.322000+00:00;55;1258;11;10022
2025-04-20 17:42:09.822000+00:00;27;1258;11;10022
2025-04-20 17:42:09.822000+00:00;55;1258;12;10022
2025-04-20 17:42:11.197000+00:00;31;1258;12;10022
2025-04-20 17:42:11.197000+00:00;55;1258;13;10022
2025-04-20 17:42:13.374000+00:00;7;1258;13;10022
2025-04-20 17:42:13.374000+00:00;55;1258;14;10022
2025-04-20 17:43:21.113000+00:00;1;1258;4;10022
2025-04-20 17:43:21.113000+00:00;44;1258;5;10022
2025-04-20 17:43:23.644000+00:00;44;1258;6;10022
2025-04-20 17:43:23.644000+00:00;63;1258;5;10022
2025-04-20 17:43:33.921000+00:00;12;1258;8;10022
2025-04-20 17:43:33.921000+00:00;23;1258;9;10022
2025-04-20 17:43:43.109000+00:00;18;1258;9;10022
2025-04-20 17:43:43.109000+00:00;23;1258;10;10022
2025-04-20 17:43:44.967000+00:00;23;1258;11;10022
2025-04-20 17:43:44.967000+00:00;27;1258;10;10022
2025-04-20 17:43:46.769000+00:00;23;1258;12;10022
2025-04-20 17:43:46.769000+00:00;31;1258;11;10022
2025-04-20 17:43:49.008000+00:00;7;1258;12;10022
2025-04-20 17:43:49.008000+00:00;23;1258;13;10022
2025-04-20 17:43:49.111000+00:00;23;1258;14;10022
2025-04-20 17:43:49.111000+00:00;55;1258;13;10022
2025-04-20 17:45:05.735000+00:00;6;1258;6;10022
2025-04-20 17:45:05.735000+00:00;44;1258;7;10022
2025-04-20 17:45:07.594000+00:00;12;1258;7;10022
2025-04-20 17:45:07.594000+00:00;44;1258;8;10022
2025-04-20 17:45:23.735000+00:00;7;1258;13;10022
2025-04-20 17:45:23.735000+00:00;55;1258;12;10022
2025-04-20 17:47:00.992000+00:00;7;1258;14;10022
2025-04-20 17:47:00.992000+00:00;23;1258;13;10022
2025-04-20 17:47:03.711000+00:00;5;1258;16;10022
2025-04-20 17:47:03.711000+00:00;30;1258;15;10022
2025-04-20 17:48:32.180000+00:00;31;1258;12;10022
2025-04-20 17:48:32.180000+00:00;55;1258;11;10022
2025-04-20 17:48:40.579000+00:00;5;1258;17;10022
2025-04-20 17:48:40.579000+00:00;14;1258;16;10022
2025-04-20 17:50:17.786000+00:00;5;1258;18;10022
2025-04-20 17:50:17.786000+00:00;87;1258;17;10022
2025-04-20 17:51:41.831000+00:00;27;1258;11;10022
2025-04-20 17:51:41.831000+00:00;55;1258;10;10022
2025-04-20 17:51:44.049000+00:00;23;1258;12;10022
2025-04-20 17:51:44.049000+00:00;31;1258;13;10022
2025-04-20 17:51:48.806000+00:00;7;1258;15;10022
2025-04-20 17:51:48.806000+00:00;30;1258;14;10022
2025-04-20 17:53:18.257000+00:00;23;1258;11;10022
2025-04-20 17:53:18.257000+00:00;27;1258;12;10022
2025-04-20 17:53:24.930000+00:00;7;1258;16;10022
2025-04-20 17:53:24.930000+00:00;14;1258;15;10022
2025-04-20 17:54:04.301000+00:00;4;1258;1;10022
2025-04-20 17:54:04.301000+00:00;16;1258;2;10022
2025-04-20 17:54:07.500000+00:00;16;1258;3;10022
2025-04-20 17:54:07.500000+00:00;81;1258;2;10022
2025-04-20 17:54:12.248000+00:00;1;1258;3;10022
2025-04-20 17:54:12.248000+00:00;16;1258;4;10022
2025-04-20 17:54:17.634000+00:00;16;1258;5;10022
2025-04-20 17:54:17.634000+00:00;63;1258;4;10022
2025-04-20 17:54:31.176000+00:00;6;1258;7;10022
2025-04-20 17:54:31.176000+00:00;12;1258;6;10022
2025-04-20 17:56:24.653000+00:00;18;1258;10;10022
2025-04-20 17:56:24.653000+00:00;55;1258;9;10022
2025-04-20 17:56:26.324000+00:00;18;1258;11;10022
2025-04-20 17:56:26.324000+00:00;23;1258;10;10022
2025-04-20 17:56:37.860000+00:00;7;1258;17;10022
2025-04-20 17:56:37.860000+00:00;87;1258;16;10022
2025-04-20 18:00:19.019000+00:00;4;1258;2;10022
2025-04-20 18:00:19.019000+00:00;81;1258;1;10022
2025-04-20 18:00:53.422000+00:00;6;1258;8;10022
2025-04-20 18:00:53.422000+00:00;44;1258;7;10022
2025-04-20 18:01:17.884000+00:00;14;1258;13;10022
2025-04-20 18:01:17.884000+00:00;31;1258;14;10022
2025-04-20 18:01:21.846000+00:00;27;1258;16;10022
2025-04-20 18:01:21.846000+00:00;87;1258;15;10022
2025-04-20 18:01:26.239000+00:00;5;1258;16;10022
2025-04-20 18:01:26.239000+00:00;27;1258;17;10022
2025-04-20 18:01:56.087000+00:00;1;1258;2;10022
2025-04-20 18:01:56.087000+00:00;4;1258;3;10022
2025-04-20 18:02:02.340000+00:00;4;1258;4;10022
2025-04-20 18:02:02.340000+00:00;63;1258;3;10022
2025-04-20 18:02:03.731000+00:00;4;1258;5;10022
2025-04-20 18:02:03.731000+00:00;16;1258;4;10022
2025-04-20 18:02:39.984000+00:00;6;1258;9;10022
2025-04-20 18:02:39.984000+00:00;55;1258;8;10022
2025-04-20 18:02:41.703000+00:00;6;1258;10;10022
2025-04-20 18:02:41.703000+00:00;23;1258;9;10022
2025-04-20 18:05:57.691000+00:00;18;1258;12;10022
2025-04-20 18:05:57.691000+00:00;30;1258;11;10022
2025-04-20 18:06:41.701000+00:00;16;1258;3;10022
2025-04-20 18:06:41.701000+00:00;63;1258;4;10022
2025-04-20 18:09:09.007000+00:00;14;1258;12;10022
2025-04-20 18:09:09.007000+00:00;18;1258;13;10022
2025-04-20 18:09:12.260000+00:00;18;1258;14;10022
2025-04-20 18:09:12.260000+00:00;31;1258;13;10022
2025-04-20 18:09:12.782000+00:00;18;1258;15;10022
2025-04-20 18:09:12.782000+00:00;87;1258;14;10022
2025-04-20 18:10:46.715000+00:00;31;1258;14;10022
2025-04-20 18:10:46.715000+00:00;87;1258;13;10022
2025-04-20 18:10:54.184000+00:00;5;1258;15;10022
2025-04-20 18:10:54.184000+00:00;18;1258;16;10022
2025-04-20 18:10:56.277000+00:00;18;1258;17;10022
2025-04-20 18:10:56.277000+00:00;27;1258;16;10022
2025-04-20 18:11:22.526000+00:00;4;1258;4;10022
2025-04-20 18:11:22.526000+00:00;63;1258;5;10022