date;driver_number;lap_number;meeting_key;pit_duration;session_key
2025-02-26 07:00:03.919000+00:00;12;1;1253;;9683
2025-02-26 07:00:14.061000+00:00;14;1;1253;;9683
2025-02-26 07:00:27.627000+00:00;27;1;1253;;9683
2025-02-26 07:00:40.874000+00:00;22;1;1253;;9683
2025-02-26 07:00:58.584000+00:00;44;1;1253;;9683
2025-02-26 07:01:12.698000+00:00;7;1;1253;;9683
2025-02-26 07:01:22.912000+00:00;30;1;1253;;9683
2025-02-26 07:01:35.760000+00:00;81;1;1253;;9683
2025-02-26 07:01:44.968000+00:00;87;1;1253;;9683
2025-02-26 07:03:59.112000+00:00;7;2;1253;35.0;9683
2025-02-26 07:07:11.719000+00:00;23;1;1253;;9683
2025-02-26 07:07:58.994000+00:00;22;4;1253;83.9;9683
2025-02-26 07:09:28.294000+00:00;12;6;1253;30.3;9683
2025-02-26 07:14:35.992000+00:00;22;7;1253;41.7;9683
2025-02-26 07:14:56.343000+00:00;14;3;1253;648.1;9683
2025-02-26 07:15:37.110000+00:00;23;2;1253;381.2;9683
2025-02-26 07:16:33.245000+00:00;81;2;1253;783.4;9683
2025-02-26 07:16:56.440000+00:00;7;3;1253;653.1;9683
2025-02-26 07:18:32.369000+00:00;23;3;1253;58.9;9683
2025-02-26 07:20:33.201000+00:00;87;2;1253;1018.5;9683
2025-02-26 07:21:51.311000+00:00;23;4;1253;82.2;9683
2025-02-26 07:23:07.131000+00:00;81;3;1253;282.5;9683
2025-02-26 07:25:25.922000+00:00;81;4;1253;30.0;9683
2025-02-26 07:25:49.658000+00:00;27;2;1253;1409.6;9683
2025-02-26 07:29:08.610000+00:00;7;9;1253;33.4;9683
2025-02-26 07:30:54.772000+00:00;44;6;1253;1260.1;9683
2025-02-26 07:31:39.336000+00:00;27;5;1253;37.2;9683
2025-02-26 07:32:36.834000+00:00;30;5;1253;1466.8;9683
2025-02-26 07:34:17.588000+00:00;81;5;1253;420.5;9683
2025-02-26 07:34:58.538000+00:00;23;5;1253;675.5;9683
2025-02-26 07:35:02.465000+00:00;22;10;1253;878.8;9683
2025-02-26 07:37:39.239000+00:00;27;8;1253;27.1;9683
2025-02-26 07:38:57.049000+00:00;87;7;1253;612.0;9683
2025-02-26 07:40:04.515000+00:00;14;5;1253;1278.1;9683
2025-02-26 07:40:41.192000+00:00;44;11;1253;35.4;9683
2025-02-26 07:44:37.662000+00:00;12;7;1253;1990.2;9683
2025-02-26 07:47:00.850000+00:00;30;9;1253;474.8;9683
2025-02-26 07:48:50.595000+00:00;22;17;1253;22.6;9683
2025-02-26 07:48:58.115000+00:00;7;15;1253;568.3;9683
2025-02-26 07:49:24.142000+00:00;81;6;1253;794.6;9683
2025-02-26 07:54:31.714000+00:00;12;12;1253;57.3;9683
2025-02-26 07:54:34.005000+00:00;23;7;1253;966.9;9683
2025-02-26 07:57:08.293000+00:00;44;12;1253;877.0;9683
2025-02-26 08:02:08.338000+00:00;81;7;1253;643.6;9683
2025-02-26 08:08:11.035000+00:00;44;17;1253;32.0;9683
2025-02-26 08:11:47.895000+00:00;87;12;1253;1466.6;9683
2025-02-26 08:17:57.718000+00:00;81;8;1253;827.7;9683
2025-02-26 08:19:15.240000+00:00;30;14;1253;1309.1;9683
2025-02-26 08:19:27.053000+00:00;27;17;1253;1614.1;9683
2025-02-26 08:25:35.271000+00:00;30;17;1253;33.8;9683
2025-02-26 08:29:08.598000+00:00;27;22;1253;26.4;9683
2025-02-26 08:29:11.259000+00:00;23;12;1253;1539.9;9683
2025-02-26 08:29:14.839000+00:00;81;14;1253;30.3;9683
2025-02-26 08:29:34.256000+00:00;22;24;1253;1744.5;9683
2025-02-26 08:30:37.033000+00:00;44;22;1253;811.9;9683
2025-02-26 08:31:33.436000+00:00;12;17;1253;1671.7;9683
2025-02-26 08:36:34.130000+00:00;14;14;1253;2432.0;9683
2025-02-26 08:40:29.539000+00:00;81;15;1253;557.3;9683
2025-02-26 08:41:29.421000+00:00;22;30;1253;21.2;9683
2025-02-26 08:41:34.374000+00:00;44;27;1253;38.0;9683
2025-02-26 08:42:39.680000+00:00;12;23;1253;32.8;9683
2025-02-26 08:42:55.784000+00:00;7;25;1253;2171.8;9683
2025-02-26 08:43:12.609000+00:00;23;19;1253;29.2;9683
2025-02-26 08:43:15.442000+00:00;81;16;1253;29.2;9683
2025-02-26 08:45:40.332000+00:00;81;17;1253;27.1;9683
2025-02-26 08:53:42.703000+00:00;12;29;1253;39.8;9683
2025-02-26 08:56:39.428000+00:00;87;27;1253;1227.8;9683
2025-02-26 08:57:33.925000+00:00;30;27;1253;883.3;9683
2025-02-26 08:59:11.198000+00:00;81;18;1253;700.1;9683
2025-02-26 09:01:01.437000+00:00;27;30;1253;1116.7;9683
2025-02-26 09:02:57.067000+00:00;7;31;1253;499.4;9683
2025-02-26 09:03:35.430000+00:00;30;30;1253;35.3;9683
2025-02-26 09:06:37.211000+00:00;44;32;1253;969.1;9683
2025-02-26 09:07:05.919000+00:00;23;26;1253;744.1;9683
2025-02-26 09:09:09.719000+00:00;22;37;1253;980.2;9683
2025-02-26 09:09:10.863000+00:00;7;34;1253;28.4;9683
2025-02-26 09:10:27.194000+00:00;27;35;1253;26.4;9683
2025-02-26 09:10:30.019000+00:00;81;24;1253;25.8;9683
2025-02-26 09:13:28.710000+00:00;22;39;1253;33.7;9683
2025-02-26 09:17:12.142000+00:00;23;31;1253;27.7;9683
2025-02-26 09:17:37.248000+00:00;44;37;1253;32.8;9683
2025-02-26 09:20:09.888000+00:00;22;42;1253;49.6;9683
2025-02-26 09:23:59.939000+00:00;7;37;1253;533.3;9683
2025-02-26 09:24:08.297000+00:00;12;35;1253;1217.8;9683
2025-02-26 09:29:55.647000+00:00;12;38;1253;29.9;9683
2025-02-26 09:30:07.924000+00:00;7;40;1253;28.3;9683
2025-02-26 09:38:39.168000+00:00;87;42;1253;1050.3;9683
2025-02-26 09:42:38.443000+00:00;81;34;1253;972.4;9683
2025-02-26 09:45:17.681000+00:00;27;43;1253;1304.9;9683
2025-02-26 09:47:28.832000+00:00;14;20;1253;3601.9;9683
2025-02-26 09:49:11.923000+00:00;30;40;1253;1690.8;9683
2025-02-26 09:53:57.248000+00:00;14;22;1253;198.2;9683
2025-02-26 09:54:03.647000+00:00;44;42;1253;1662.1;9683
2025-02-26 09:54:14.887000+00:00;81;40;1253;38.6;9683
2025-02-26 09:54:32.268000+00:00;7;43;1253;1139.8;9683
2025-02-26 09:54:44.544000+00:00;27;48;1253;27.8;9683
2025-02-26 09:56:07.241000+00:00;22;49;1253;1471.2;9683
2025-02-26 09:57:50.761000+00:00;30;44;1253;47.7;9683
2025-02-26 10:00:23.955000+00:00;23;40;1253;1710.2;9683
2025-02-26 10:01:43.880000+00:00;7;45;1253;212.5;9683
2025-02-26 10:02:29.952000+00:00;12;51;1253;674.7;9683
2025-02-26 10:08:25.924000+00:00;22;55;1253;37.3;9683
2025-02-26 10:08:28.688000+00:00;12;54;1253;37.9;9683
2025-02-26 10:15:27.295000+00:00;14;30;1253;443.7;9683
2025-02-26 10:19:55.813000+00:00;30;46;1253;1037.0;9683
2025-02-26 10:20:10.611000+00:00;23;45;1253;640.0;9683
2025-02-26 10:22:03.573000+00:00;44;52;1253;677.1;9683
2025-02-26 10:23:37.276000+00:00;87;57;1253;1223.3;9683
2025-02-26 10:24:26.353000+00:00;7;53;1253;571.5;9683
2025-02-26 10:26:09.822000+00:00;30;49;1253;34.6;9683
2025-02-26 10:27:59.238000+00:00;22;62;1253;481.4;9683
2025-02-26 10:35:02.259000+00:00;81;50;1253;1495.6;9683
2025-02-26 10:35:26.853000+00:00;23;50;1253;439.5;9683
2025-02-26 10:39:39.635000+00:00;12;67;1253;595.3;9683
2025-02-26 10:40:01.354000+00:00;22;68;1253;35.6;9683
2025-02-26 10:40:27.308000+00:00;14;39;1253;537.6;9683
2025-02-26 10:45:55.567000+00:00;12;70;1253;42.0;9683
2025-02-26 10:46:47.022000+00:00;7;61;1253;518.9;9683
2025-02-26 10:47:31.663000+00:00;44;62;1253;518.6;9683
2025-02-26 10:48:40.571000+00:00;81;57;1253;40.7;9683
2025-02-26 10:49:03.575000+00:00;23;57;1253;30.2;9683
2025-02-26 10:57:28.917000+00:00;22;75;1253;367.5;9683
2025-02-26 12:19:44.456000+00:00;6;1;1253;;9683
2025-02-26 12:20:22.523000+00:00;31;1;1253;;9683
2025-02-26 12:25:12.803000+00:00;1;1;1253;;9683
2025-02-26 12:27:46.994000+00:00;10;1;1253;;9683
2025-02-26 12:28:38.034000+00:00;5;1;1253;;9683
2025-02-26 12:30:00.537000+00:00;16;1;1253;;9683
2025-02-26 12:37:22.045000+00:00;1;5;1253;257.5;9683
2025-02-26 12:39:36.403000+00:00;5;3;1253;437.5;9683
2025-02-26 12:39:39.527000+00:00;18;1;1253;;9683
2025-02-26 12:41:31.175000+00:00;31;2;1253;1130.8;9683
2025-02-26 12:41:38.451000+00:00;6;5;1253;878.0;9683
2025-02-26 12:42:11.726000+00:00;10;6;1253;369.1;9683
2025-02-26 12:47:17.882000+00:00;1;10;1253;21.9;9683
2025-02-26 12:49:56.329000+00:00;63;1;1253;;9683
2025-02-26 12:50:49.920000+00:00;5;5;1253;444.0;9683
2025-02-26 12:50:57.846000+00:00;16;6;1253;731.5;9683
2025-02-26 12:55:31.342000+00:00;55;1;1253;;9683
2025-02-26 12:57:57.814000+00:00;18;3;1253;897.0;9683
2025-02-26 12:59:43.597000+00:00;16;11;1253;35.7;9683
2025-02-26 13:01:09.167000+00:00;55;4;1253;26.9;9683
2025-02-26 13:01:18.614000+00:00;10;12;1253;459.9;9683
2025-02-26 13:02:02.602000+00:00;6;9;1253;778.6;9683
2025-02-26 13:03:22.320000+00:00;4;1;1253;;9683
2025-02-26 13:04:00.565000+00:00;5;7;1253;549.0;9683
2025-02-26 13:07:32.461000+00:00;10;15;1253;30.6;9683
2025-02-26 13:08:23.851000+00:00;55;6;1253;231.4;9683
2025-02-26 13:08:29.563000+00:00;31;12;1253;619.1;9683
2025-02-26 13:10:39.956000+00:00;16;12;1253;539.0;9683
2025-02-26 13:11:05.218000+00:00;63;5;1253;863.1;9683
2025-02-26 13:11:10.811000+00:00;6;13;1253;114.5;9683
2025-02-26 13:13:35.314000+00:00;18;8;1253;385.9;9683
2025-02-26 13:13:49.071000+00:00;4;3;1253;422.8;9683
2025-02-26 13:14:03.359000+00:00;5;9;1253;362.7;9683
2025-02-26 13:16:59.980000+00:00;63;8;1253;32.2;9683
2025-02-26 13:20:18.145000+00:00;16;17;1253;33.1;9683
2025-02-26 13:21:18.381000+00:00;6;18;1253;38.3;9683
2025-02-26 13:21:49.173000+00:00;55;13;1253;22.8;9683
2025-02-26 13:22:59.026000+00:00;10;18;1253;605.3;9683
2025-02-26 13:25:19.704000+00:00;5;11;1253;453.8;9683
2025-02-26 13:29:12.100000+00:00;10;21;1253;29.7;9683
2025-02-26 13:32:41.677000+00:00;1;19;1253;1858.0;9683
2025-02-26 13:37:21.619000+00:00;5;13;1253;488.9;9683
2025-02-26 13:38:46.844000+00:00;18;14;1253;870.2;9683
2025-02-26 13:38:52.840000+00:00;1;22;1253;21.2;9683
2025-02-26 13:39:49.408000+00:00;16;22;1253;655.2;9683
2025-02-26 13:43:18.969000+00:00;4;5;1253;1564.7;9683
2025-02-26 13:48:29.307000+00:00;31;27;1253;919.2;9683
2025-02-26 13:48:36.046000+00:00;5;15;1253;462.5;9683
2025-02-26 13:50:46.470000+00:00;6;28;1253;788.2;9683
2025-02-26 13:51:52.959000+00:00;16;28;1253;38.4;9683
2025-02-26 13:53:20.229000+00:00;4;7;1253;402.3;9683
2025-02-26 13:54:25.053000+00:00;55;20;1253;1251.5;9683
2025-02-26 13:57:35.551000+00:00;10;23;1253;1498.1;9683
2025-02-26 14:02:08.837000+00:00;5;17;1253;602.8;9683
2025-02-26 14:02:33.379000+00:00;6;34;1253;47.9;9683
2025-02-26 14:02:33.488000+00:00;18;21;1253;668.8;9683
2025-02-26 14:02:35.904000+00:00;63;20;1253;1567.0;9683
2025-02-26 14:03:33.966000+00:00;10;26;1253;29.1;9683
2025-02-26 14:03:36.361000+00:00;55;25;1253;27.0;9683
2025-02-26 15:10:03.931000+00:00;10;27;1253;4019.1;9683
2025-02-26 15:10:16.212000+00:00;4;13;1253;5018.3;9683
2025-02-26 15:10:27.426000+00:00;6;35;1253;4122.1;9683
2025-02-26 15:10:32.951000+00:00;5;18;1253;4706.9;9683
2025-02-26 15:10:35.937000+00:00;1;32;1253;4540.4;9683
2025-02-26 15:11:12.710000+00:00;55;26;1253;4083.4;9683
2025-02-26 15:11:46.291000+00:00;31;37;1253;5916.1;9683
2025-02-26 15:12:23.465000+00:00;63;21;1253;5754.5;9683
2025-02-26 15:15:38.114000+00:00;16;33;1253;4517.7;9683
2025-02-26 15:16:26.232000+00:00;63;23;1253;25.9;9683
2025-02-26 15:20:31.240000+00:00;1;37;1253;21.6;9683
2025-02-26 15:22:31.204000+00:00;6;41;1253;45.0;9683
2025-02-26 15:22:46.627000+00:00;63;26;1253;35.6;9683
2025-02-26 15:25:27.687000+00:00;16;38;1253;32.3;9683
2025-02-26 15:28:08.018000+00:00;55;31;1253;467.4;9683
2025-02-26 15:32:12.384000+00:00;4;19;1253;649.7;9683
2025-02-26 15:33:59.215000+00:00;55;34;1253;28.5;9683
2025-02-26 15:37:17.867000+00:00;31;47;1253;544.4;9683
2025-02-26 15:38:18.153000+00:00;4;22;1253;25.6;9683
2025-02-26 15:39:32.905000+00:00;55;37;1253;22.3;9683
2025-02-26 15:42:06.341000+00:00;10;40;1253;654.3;9683
2025-02-26 15:43:13.339000+00:00;16;43;1253;568.5;9683
2025-02-26 15:44:13.995000+00:00;6;48;1253;616.0;9683
2025-02-26 15:48:21.621000+00:00;5;31;1253;960.3;9683
2025-02-26 15:57:17.930000+00:00;4;34;1253;24.1;9683
2025-02-26 16:00:04.443000+00:00;16;53;1253;30.1;9683
2025-02-26 16:00:16.998000+00:00;1;46;1253;1525.0;9683
2025-02-26 16:01:42.904000+00:00;63;38;1253;1152.0;9683
2025-02-26 16:05:49.499000+00:00;1;49;1253;21.1;9683
2025-02-26 16:07:07.462000+00:00;31;65;1253;27.4;9683
2025-02-26 16:07:40.771000+00:00;63;41;1253;30.9;9683
2025-02-26 16:08:08.527000+00:00;4;35;1253;558.0;9683
2025-02-26 16:09:49.444000+00:00;18;22;1253;8304.8;9683
2025-02-26 16:12:56.910000+00:00;10;53;1253;589.7;9683
2025-02-26 16:13:54.410000+00:00;55;46;1253;1171.9;9683
2025-02-26 16:14:38.296000+00:00;6;54;1253;1160.3;9683
2025-02-26 16:17:11.257000+00:00;16;54;1253;879.3;9683
2025-02-26 16:24:30.434000+00:00;31;66;1253;920.4;9683
2025-02-26 16:25:22.277000+00:00;55;52;1253;31.0;9683
2025-02-26 16:28:07.063000+00:00;5;44;1253;1078.7;9683
2025-02-26 16:28:35.548000+00:00;18;28;1253;521.5;9683
2025-02-26 16:33:19.805000+00:00;6;61;1253;329.1;9683
2025-02-26 16:34:39.062000+00:00;63;53;1253;451.9;9683
2025-02-26 16:34:39.180000+00:00;4;51;1253;34.0;9683
2025-02-26 16:34:45.972000+00:00;1;61;1253;583.9;9683
2025-02-26 16:37:29.337000+00:00;5;49;1253;22.3;9683
2025-02-26 16:38:49.128000+00:00;1;63;1253;21.1;9683
2025-02-26 16:40:23.150000+00:00;63;56;1253;29.9;9683
2025-02-26 16:43:39.751000+00:00;10;66;1253;556.2;9683
2025-02-26 16:46:12.041000+00:00;10;67;1253;28.5;9683
2025-02-26 16:46:43.208000+00:00;55;61;1253;379.7;9683
2025-02-26 16:46:54.346000+00:00;6;69;1253;25.6;9683
2025-02-26 16:47:14.110000+00:00;5;51;1253;375.0;9683
2025-02-26 16:48:19.038000+00:00;10;68;1253;25.4;9683
2025-02-26 16:49:06.564000+00:00;55;62;1253;25.6;9683
2025-02-26 16:49:17.708000+00:00;6;70;1253;25.6;9683
2025-02-26 16:49:19.989000+00:00;18;34;1253;630.0;9683
2025-02-26 16:50:29.147000+00:00;16;64;1253;1003.9;9683
2025-02-26 16:50:29.341000+00:00;10;69;1253;27.5;9683
2025-02-26 16:51:24.238000+00:00;55;63;1253;25.3;9683
2025-02-26 16:51:36.978000+00:00;6;71;1253;24.5;9683
2025-02-26 16:53:11.539000+00:00;5;54;1253;31.2;9683
2025-02-26 16:53:47.890000+00:00;55;64;1253;25.4;9683
2025-02-26 16:53:59.061000+00:00;6;72;1253;24.7;9683
2025-02-26 16:54:12.029000+00:00;10;71;1253;28.6;9683
2025-02-26 16:54:18.531000+00:00;31;84;1253;22.2;9683
2025-02-26 16:55:47.945000+00:00;4;52;1253;1155.5;9683
2025-02-26 16:56:06.455000+00:00;55;65;1253;24.9;9683
2025-02-26 16:56:21.503000+00:00;6;73;1253;24.3;9683
2025-02-26 16:56:28.930000+00:00;10;72;1253;37.4;9683
2025-02-26 16:56:47.699000+00:00;31;85;1253;26.5;9683
2025-02-26 16:58:36.524000+00:00;55;66;1253;38.8;9683
2025-02-26 16:58:40.139000+00:00;6;74;1253;24.4;9683
2025-02-26 16:58:59.294000+00:00;31;86;1253;26.8;9683
2025-02-27 07:00:03.247000+00:00;27;1;1253;;9684
2025-02-27 07:00:07.161000+00:00;63;1;1253;;9684
2025-02-27 07:01:06.975000+00:00;10;1;1253;;9684
2025-02-27 07:02:02.321000+00:00;14;1;1253;;9684
2025-02-27 07:02:26.126000+00:00;81;1;1253;;9684
2025-02-27 07:04:07.684000+00:00;31;1;1253;;9684
2025-02-27 07:04:17.773000+00:00;30;1;1253;;9684
2025-02-27 07:04:54.395000+00:00;81;2;1253;30.0;9684
2025-02-27 07:05:53.667000+00:00;44;1;1253;;9684
2025-02-27 07:06:22.990000+00:00;22;1;1253;;9684
2025-02-27 07:07:09.635000+00:00;55;1;1253;;9684
2025-02-27 07:10:19.224000+00:00;31;4;1253;42.7;9684
2025-02-27 07:13:25.212000+00:00;10;2;1253;585.9;9684
2025-02-27 07:21:10.068000+00:00;81;3;1253;862.0;9684
2025-02-27 07:21:48.762000+00:00;22;4;1253;583.3;9684
2025-02-27 07:23:28.129000+00:00;55;3;1253;773.8;9684
2025-02-27 07:23:31.211000+00:00;63;7;1253;783.0;9684
2025-02-27 07:23:43.007000+00:00;30;5;1253;754.7;9684
2025-02-27 07:23:47.640000+00:00;44;6;1253;544.8;9684
2025-02-27 07:24:03.756000+00:00;31;7;1253;521.5;9684
2025-02-27 07:26:07.773000+00:00;14;3;1253;1214.7;9684
2025-02-27 07:29:17.548000+00:00;63;10;1253;31.1;9684
2025-02-27 07:29:56.638000+00:00;30;8;1253;35.5;9684
2025-02-27 07:31:37.186000+00:00;81;4;1253;514.8;9684
2025-02-27 07:31:41.857000+00:00;10;3;1253;964.5;9684
2025-02-27 07:33:03.002000+00:00;31;12;1253;22.4;9684
2025-02-27 07:38:19.725000+00:00;55;5;1253;658.4;9684
2025-02-27 07:40:45.192000+00:00;10;4;1253;435.8;9684
2025-02-27 07:42:43.802000+00:00;44;12;1253;458.2;9684
2025-02-27 07:44:03.429000+00:00;81;5;1253;620.5;9684
2025-02-27 07:46:31.324000+00:00;10;7;1253;28.1;9684
2025-02-27 07:47:23.971000+00:00;55;7;1253;334.8;9684
2025-02-27 07:49:24.142000+00:00;31;13;1253;862.1;9684
2025-02-27 07:49:34.150000+00:00;27;8;1253;2272.3;9684
2025-02-27 07:59:17.391000+00:00;27;13;1253;21.8;9684
2025-02-27 08:00:01.755000+00:00;63;22;1253;688.4;9684
2025-02-27 08:04:27.937000+00:00;55;12;1253;470.8;9684
2025-02-27 08:06:18.416000+00:00;81;6;1253;1220.0;9684
2025-02-27 08:06:31.892000+00:00;14;10;1253;1726.3;9684
2025-02-27 08:08:05.792000+00:00;63;26;1253;32.5;9684
2025-02-27 08:08:58.793000+00:00;22;6;1253;2599.6;9684
2025-02-27 08:09:16.221000+00:00;31;25;1253;22.4;9684
2025-02-27 08:16:06.108000+00:00;22;9;1253;56.2;9684
2025-02-27 08:16:30.639000+00:00;44;17;1253;1451.9;9684
2025-02-27 08:40:06.730000+00:00;31;26;1253;1728.1;9684
2025-02-27 08:42:41.321000+00:00;31;27;1253;24.1;9684
2025-02-27 08:45:18.160000+00:00;31;28;1253;23.2;9684
2025-02-27 09:07:15.106000+00:00;63;29;1253;3212.4;9684
2025-02-27 09:11:37.002000+00:00;27;22;1253;3404.2;9684
2025-02-27 09:17:07.171000+00:00;27;25;1253;22.4;9684
2025-02-27 09:17:51.232000+00:00;22;12;1253;3350.1;9684
2025-02-27 09:19:31.125000+00:00;27;26;1253;26.1;9684
2025-02-27 09:19:47.901000+00:00;81;8;1253;4179.4;9684
2025-02-27 09:21:31.320000+00:00;30;16;1253;5901.1;9684
2025-02-27 09:24:40.097000+00:00;10;15;1253;5075.9;9684
2025-02-27 09:24:49.549000+00:00;30;17;1253;27.1;9684
2025-02-27 09:25:38.278000+00:00;27;29;1253;32.5;9684
2025-02-27 09:25:40.549000+00:00;14;15;1253;4250.1;9684
2025-02-27 09:25:53.585000+00:00;31;29;1253;2302.3;9684
2025-02-27 09:26:09.770000+00:00;44;18;1253;4045.9;9684
2025-02-27 09:30:02.513000+00:00;55;15;1253;4785.1;9684
2025-02-27 09:38:07.906000+00:00;31;32;1253;418.9;9684
2025-02-27 09:44:58.257000+00:00;55;21;1253;267.0;9684
2025-02-27 09:45:20.909000+00:00;10;23;1253;434.5;9684
2025-02-27 09:46:45.587000+00:00;27;32;1253;921.8;9684
2025-02-27 09:47:11.474000+00:00;63;43;1253;1005.1;9684
2025-02-27 09:47:46.973000+00:00;44;26;1253;389.6;9684
2025-02-27 09:48:11.875000+00:00;31;36;1253;195.7;9684
2025-02-27 09:51:10.510000+00:00;14;25;1253;561.6;9684
2025-02-27 09:51:31.542000+00:00;10;26;1253;28.7;9684
2025-02-27 09:53:07.906000+00:00;81;21;1253;774.5;9684
2025-02-27 09:53:16.592000+00:00;63;46;1253;37.6;9684
2025-02-27 09:54:58.329000+00:00;22;28;1253;531.7;9684
2025-02-27 09:56:19.922000+00:00;27;37;1253;22.2;9684
2025-02-27 10:01:32.414000+00:00;81;25;1253;63.6;9684
2025-02-27 10:06:20.568000+00:00;55;27;1253;650.8;9684
2025-02-27 10:09:59.576000+00:00;44;31;1253;770.8;9684
2025-02-27 10:12:51.150000+00:00;31;51;1253;22.0;9684
2025-02-27 10:19:19.800000+00:00;22;33;1253;905.2;9684
2025-02-27 10:21:04.146000+00:00;63;57;1253;594.7;9684
2025-02-27 10:22:00.097000+00:00;81;31;1253;654.4;9684
2025-02-27 10:23:48.721000+00:00;27;46;1253;782.9;9684
2025-02-27 10:24:20.340000+00:00;55;32;1253;561.9;9684
2025-02-27 10:26:58.799000+00:00;31;52;1253;726.4;9684
2025-02-27 10:29:00.568000+00:00;63;61;1253;30.8;9684
2025-02-27 10:29:30.070000+00:00;81;33;1253;228.2;9684
2025-02-27 10:29:42.924000+00:00;14;35;1253;1327.2;9684
2025-02-27 10:31:17.333000+00:00;27;47;1253;334.4;9684
2025-02-27 10:31:31.146000+00:00;44;36;1253;751.5;9684
2025-02-27 10:36:20.179000+00:00;22;38;1253;490.0;9684
2025-02-27 10:39:59.683000+00:00;10;32;1253;2286.6;9684
2025-02-27 10:41:40.723000+00:00;81;37;1253;279.7;9684
2025-02-27 10:41:58.191000+00:00;27;49;1253;421.7;9684
2025-02-27 10:42:33.358000+00:00;22;41;1253;34.3;9684
2025-02-27 10:46:23.921000+00:00;55;39;1253;638.6;9684
2025-02-27 10:46:25.276000+00:00;10;35;1253;29.2;9684
2025-02-27 10:46:42.697000+00:00;14;41;1253;367.2;9684
2025-02-27 10:48:11.573000+00:00;22;44;1253;21.2;9684
2025-02-27 10:49:24.441000+00:00;81;41;1253;42.7;9684
2025-02-27 10:50:48.813000+00:00;22;45;1253;21.8;9684
2025-02-27 10:51:32.099000+00:00;27;54;1253;21.9;9684
2025-02-27 10:52:55.714000+00:00;44;44;1253;494.5;9684
2025-02-27 10:53:11.262000+00:00;22;46;1253;22.8;9684
2025-02-27 10:53:30.775000+00:00;31;68;1253;22.3;9684
2025-02-27 10:55:13.126000+00:00;63;71;1253;603.8;9684
2025-02-27 12:03:33.265000+00:00;6;1;1253;;9684
2025-02-27 12:04:34.329000+00:00;55;45;1253;5329.2;9684
2025-02-27 12:13:19.007000+00:00;16;1;1253;;9684
2025-02-27 12:13:51.492000+00:00;87;1;1253;;9684
2025-02-27 12:14:57.116000+00:00;12;1;1253;;9684
2025-02-27 12:15:12.148000+00:00;6;2;1253;562.0;9684
2025-02-27 12:17:17.418000+00:00;7;1;1253;;9684
2025-02-27 12:19:35.527000+00:00;55;50;1253;348.6;9684
2025-02-27 12:21:05.692000+00:00;12;4;1253;20.1;9684
2025-02-27 12:21:09.675000+00:00;30;29;1253;9406.9;9684
2025-02-27 12:24:57.421000+00:00;30;31;1253;29.2;9684
2025-02-27 12:27:29.989000+00:00;87;6;1253;333.4;9684
2025-02-27 12:33:35.344000+00:00;16;8;1253;467.1;9684
2025-02-27 12:33:39.111000+00:00;5;1;1253;;9684
2025-02-27 12:37:22.528000+00:00;55;55;1253;510.3;9684
2025-02-27 12:38:29.696000+00:00;18;1;1253;;9684
2025-02-27 12:39:49.237000+00:00;7;9;1253;463.5;9684
2025-02-27 12:43:50.920000+00:00;12;8;1253;921.6;9684
2025-02-27 12:49:17.008000+00:00;6;13;1253;944.8;9684
2025-02-27 12:49:54.999000+00:00;12;11;1253;29.2;9684
2025-02-27 12:50:34.552000+00:00;16;13;1253;462.5;9684
2025-02-27 12:51:54.298000+00:00;6;14;1253;26.8;9684
2025-02-27 12:52:39.636000+00:00;18;3;1253;643.4;9684
2025-02-27 12:52:46.118000+00:00;55;60;1253;387.8;9684
2025-02-27 12:56:04.674000+00:00;5;8;1253;579.9;9684
2025-02-27 12:56:13.289000+00:00;4;1;1253;;9684
2025-02-27 12:57:20.964000+00:00;30;51;1253;30.4;9684
2025-02-27 13:00:41.627000+00:00;7;15;1253;573.9;9684
2025-02-27 13:01:11.183000+00:00;12;13;1253;454.4;9684
2025-02-27 13:05:38.120000+00:00;55;64;1253;337.2;9684
2025-02-27 13:07:24.058000+00:00;5;13;1253;163.6;9684
2025-02-27 13:09:00.416000+00:00;4;5;1253;339.7;9684
2025-02-27 13:09:19.750000+00:00;16;19;1253;410.9;9684
2025-02-27 13:11:03.794000+00:00;12;18;1253;19.1;9684
2025-02-27 13:11:55.153000+00:00;87;21;1253;1218.8;9684
2025-02-27 13:13:44.022000+00:00;18;5;1253;1057.5;9684
2025-02-27 13:15:29.298000+00:00;12;20;1253;33.7;9684
2025-02-27 13:15:49.521000+00:00;7;18;1253;575.9;9684
2025-02-27 13:20:07.171000+00:00;6;31;1253;31.9;9684
2025-02-27 13:28:29.721000+00:00;12;23;1253;470.5;9684
2025-02-27 13:28:41.572000+00:00;4;8;1253;861.0;9684
2025-02-27 13:29:15.179000+00:00;7;21;1253;464.3;9684
2025-02-27 13:30:30.463000+00:00;16;24;1253;697.3;9684
2025-02-27 13:39:49.064000+00:00;5;17;1253;1483.4;9684
2025-02-27 13:40:17.567000+00:00;55;69;1253;1513.2;9684
2025-02-27 13:41:42.905000+00:00;4;10;1253;570.5;9684
2025-02-27 13:43:33.566000+00:00;12;24;1253;780.5;9684
2025-02-27 13:43:51.329000+00:00;4;11;1253;26.7;9684
2025-02-27 13:47:08.060000+00:00;18;12;1253;1252.5;9684
2025-02-27 13:49:53.376000+00:00;30;75;1253;833.9;9684
2025-02-27 13:52:32.003000+00:00;12;27;1253;237.4;9684
2025-02-27 13:56:05.525000+00:00;30;78;1253;29.5;9684
2025-02-27 13:58:58.911000+00:00;7;23;1253;1540.4;9684
2025-02-27 14:00:37.700000+00:00;6;56;1253;29.5;9684
2025-02-27 14:04:20.400000+00:00;87;32;1253;2067.8;9684
2025-02-27 14:05:17.788000+00:00;5;20;1253;1219.9;9684
2025-02-27 14:05:59.671000+00:00;55;79;1253;569.6;9684
2025-02-27 14:06:50.950000+00:00;18;17;1253;641.6;9684
2025-02-27 14:10:19.412000+00:00;16;26;1253;2123.8;9684
2025-02-27 14:12:45.228000+00:00;16;27;1253;23.9;9684
2025-02-27 14:14:20.950000+00:00;7;27;1253;488.3;9684
2025-02-27 14:16:31.997000+00:00;5;22;1253;453.1;9684
2025-02-27 14:16:46.787000+00:00;4;31;1253;35.3;9684
2025-02-27 14:17:20.274000+00:00;7;28;1253;29.5;9684
2025-02-27 14:18:41.856000+00:00;30;79;1253;1243.6;9684
2025-02-27 14:19:00.078000+00:00;5;23;1253;21.7;9684
2025-02-27 14:22:06.107000+00:00;12;30;1253;1425.9;9684
2025-02-27 14:24:50.338000+00:00;12;31;1253;24.8;9684
2025-02-27 14:26:51.393000+00:00;18;23;1253;512.3;9684
2025-02-27 14:31:19.973000+00:00;55;89;1253;496.5;9684
2025-02-27 14:40:42.437000+00:00;5;36;1253;25.0;9684
2025-02-27 14:40:47.640000+00:00;16;44;1253;24.7;9684
2025-02-27 14:45:40.847000+00:00;4;49;1253;34.5;9684
2025-02-27 14:46:34.382000+00:00;7;45;1253;38.2;9684
2025-02-27 14:47:27.757000+00:00;18;28;1253;702.3;9684
2025-02-27 14:48:32.296000+00:00;30;83;1253;1309.8;9684
2025-02-27 14:53:05.051000+00:00;6;72;1253;1612.2;9684
2025-02-27 14:55:27.800000+00:00;87;51;1253;1240.3;9684
2025-02-27 14:56:52.748000+00:00;55;99;1253;541.8;9684
2025-02-27 14:58:04.458000+00:00;12;51;1253;25.7;9684
2025-02-27 15:06:16.141000+00:00;6;77;1253;246.0;9684
2025-02-27 15:09:38.192000+00:00;16;62;1253;24.7;9684
2025-02-27 15:11:01.383000+00:00;7;60;1253;34.4;9684
2025-02-27 15:13:27.518000+00:00;5;56;1253;40.6;9684
2025-02-27 15:15:44.277000+00:00;18;38;1253;704.2;9684
2025-02-27 15:20:32.886000+00:00;30;87;1253;1458.2;9684
2025-02-27 15:22:12.127000+00:00;12;66;1253;25.6;9684
2025-02-27 15:22:15.565000+00:00;55;109;1253;535.5;9684
2025-02-27 15:22:18.706000+00:00;87;64;1253;341.8;9684
2025-02-27 15:23:05.246000+00:00;6;82;1253;449.5;9684
2025-02-27 15:31:04.260000+00:00;4;69;1253;859.2;9684
2025-02-27 15:35:46.091000+00:00;4;70;1253;175.0;9684
2025-02-27 15:37:38.634000+00:00;18;48;1253;317.6;9684
2025-02-27 15:38:07.620000+00:00;6;87;1253;366.8;9684
2025-02-27 15:39:24.256000+00:00;4;72;1253;24.4;9684
2025-02-27 15:44:08.045000+00:00;7;75;1253;541.0;9684
2025-02-27 15:44:33.352000+00:00;4;73;1253;214.2;9684
2025-02-27 15:46:35.685000+00:00;7;76;1253;26.1;9684
2025-02-27 15:47:04.625000+00:00;6;90;1253;242.3;9684
2025-02-27 15:47:15.273000+00:00;55;124;1253;26.2;9684
2025-02-27 15:48:38.813000+00:00;7;77;1253;24.2;9684
2025-02-27 15:49:24.396000+00:00;6;91;1253;23.9;9684
2025-02-27 15:49:45.058000+00:00;55;125;1253;25.5;9684
2025-02-27 15:50:40.508000+00:00;7;78;1253;25.6;9684
2025-02-27 15:51:34.411000+00:00;6;92;1253;24.4;9684
2025-02-27 15:52:04.784000+00:00;55;126;1253;26.3;9684
2025-02-27 15:52:40.166000+00:00;4;75;1253;290.4;9684
2025-02-27 15:52:42.377000+00:00;7;79;1253;24.0;9684
2025-02-27 15:53:36.931000+00:00;6;93;1253;24.6;9684
2025-02-27 15:53:48.530000+00:00;30;90;1253;1660.3;9684
2025-02-27 15:54:32.722000+00:00;55;127;1253;25.6;9684
2025-02-27 15:54:44.115000+00:00;7;80;1253;24.1;9684
2025-02-28 07:00:02.930000+00:00;1;1;1253;;9685
2025-02-28 07:00:12.803000+00:00;6;1;1253;;9685
2025-02-28 07:00:20.191000+00:00;87;1;1253;;9685
2025-02-28 07:00:23.203000+00:00;5;1;1253;;9685
2025-02-28 07:00:29.369000+00:00;7;1;1253;;9685
2025-02-28 07:00:36.929000+00:00;16;1;1253;;9685
2025-02-28 07:00:52.030000+00:00;23;1;1253;;9685
2025-02-28 07:01:02.263000+00:00;14;1;1253;;9685
2025-02-28 07:01:53.029000+00:00;12;1;1253;;9685
2025-02-28 07:02:53.451000+00:00;4;1;1253;;9685
2025-02-28 07:03:38.501000+00:00;7;2;1253;30.4;9685
2025-02-28 07:07:43.817000+00:00;1;5;1253;62.3;9685
2025-02-28 07:07:56.064000+00:00;12;4;1253;19.2;9685
2025-02-28 07:12:08.797000+00:00;6;4;1253;332.9;9685
2025-02-28 07:12:50.632000+00:00;14;3;1253;454.2;9685
2025-02-28 07:15:44.883000+00:00;12;8;1253;19.2;9685
2025-02-28 07:17:25.891000+00:00;4;3;1253;624.5;9685
2025-02-28 07:20:05.140000+00:00;23;3;1253;946.0;9685
2025-02-28 07:22:56.546000+00:00;16;8;1253;549.3;9685
2025-02-28 07:24:14.893000+00:00;87;6;1253;937.8;9685
2025-02-28 07:27:08.444000+00:00;12;11;1253;354.6;9685
2025-02-28 07:28:59.657000+00:00;16;11;1253;30.1;9685
2025-02-28 07:30:03.319000+00:00;23;6;1253;301.7;9685
2025-02-28 07:30:09.507000+00:00;14;5;1253;825.6;9685
2025-02-28 07:30:48.439000+00:00;4;5;1253;552.6;9685
2025-02-28 07:31:02.497000+00:00;5;7;1253;1164.8;9685
2025-02-28 07:31:03.108000+00:00;7;11;1253;621.4;9685
2025-02-28 07:32:57.185000+00:00;1;9;1253;1116.8;9685
2025-02-28 07:35:38.723000+00:00;6;7;1253;1054.1;9685
2025-02-28 07:37:25.350000+00:00;7;14;1253;28.4;9685
2025-02-28 07:39:08.541000+00:00;1;12;1253;32.6;9685
2025-02-28 07:41:27.379000+00:00;4;7;1253;383.8;9685
2025-02-28 07:41:38.364000+00:00;6;10;1253;33.4;9685
2025-02-28 07:46:54.563000+00:00;5;11;1253;502.6;9685
2025-02-28 07:52:37.729000+00:00;4;9;1253;424.8;9685
2025-02-28 07:53:45.429000+00:00;6;13;1253;429.8;9685
2025-02-28 07:57:05.945000+00:00;5;16;1253;26.3;9685
2025-02-28 07:58:06.380000+00:00;23;11;1253;1134.9;9685
2025-02-28 07:59:17.597000+00:00;16;14;1253;1501.6;9685
2025-02-28 08:00:09.546000+00:00;6;16;1253;34.9;9685
2025-02-28 08:03:10.293000+00:00;4;11;1253;388.1;9685
2025-02-28 08:12:26.858000+00:00;7;20;1253;1428.3;9685
2025-02-28 08:18:51.558000+00:00;4;13;1253;695.4;9685
2025-02-28 08:19:07.175000+00:00;16;19;1253;617.4;9685
2025-02-28 08:20:55.335000+00:00;1;15;1253;2185.0;9685
2025-02-28 08:23:06.813000+00:00;6;22;1253;689.7;9685
2025-02-28 08:23:15.735000+00:00;23;18;1253;740.6;9685
2025-02-28 08:25:03.228000+00:00;1;17;1253;29.0;9685
2025-02-28 08:25:17.465000+00:00;14;12;1253;2578.8;9685
2025-02-28 08:31:31.620000+00:00;5;22;1253;1468.5;9685
2025-02-28 08:31:49.467000+00:00;7;27;1253;346.2;9685
2025-02-28 08:36:00.696000+00:00;4;18;1253;437.1;9685
2025-02-28 08:37:50.584000+00:00;7;30;1253;28.1;9685
2025-02-28 08:38:29.261000+00:00;16;24;1253;619.9;9685
2025-02-28 08:38:34.823000+00:00;23;23;1253;361.5;9685
2025-02-28 08:43:34.413000+00:00;87;9;1253;4315.0;9685
2025-02-28 08:44:55.606000+00:00;6;28;1253;609.3;9685
2025-02-28 08:49:45.490000+00:00;87;12;1253;36.3;9685
2025-02-28 08:51:25.519000+00:00;6;31;1253;37.7;9685
2025-02-28 08:52:02.059000+00:00;7;33;1253;514.2;9685
2025-02-28 08:52:49.486000+00:00;14;19;1253;942.6;9685
2025-02-28 08:54:29.047000+00:00;12;14;1253;4918.8;9685
2025-02-28 08:59:06.235000+00:00;16;28;1253;778.2;9685
2025-02-28 09:01:42.384000+00:00;1;20;1253;1824.1;9685
2025-02-28 09:03:26.180000+00:00;12;17;1253;225.1;9685
2025-02-28 09:04:32.077000+00:00;4;27;1253;610.7;9685
2025-02-28 09:05:35.818000+00:00;87;19;1253;237.7;9685
2025-02-28 09:05:52.776000+00:00;6;34;1253;515.2;9685
2025-02-28 09:12:04.036000+00:00;6;37;1253;40.3;9685
2025-02-28 09:12:05.892000+00:00;87;22;1253;35.7;9685
2025-02-28 09:12:08.742000+00:00;12;20;1253;204.5;9685
2025-02-28 09:18:29.379000+00:00;6;40;1253;43.6;9685
2025-02-28 09:21:20.971000+00:00;1;25;1253;546.9;9685
2025-02-28 09:23:30.874000+00:00;14;26;1253;1152.0;9685
2025-02-28 09:24:12.259000+00:00;23;27;1253;2277.6;9685
2025-02-28 09:24:52.143000+00:00;6;43;1253;54.6;9685
2025-02-28 09:28:13.666000+00:00;12;23;1253;647.0;9685
2025-02-28 09:30:28.579000+00:00;4;33;1253;819.1;9685
2025-02-28 09:30:28.590000+00:00;7;39;1253;1600.2;9685
2025-02-28 09:31:29.698000+00:00;16;33;1253;1385.7;9685
2025-02-28 09:35:17.988000+00:00;87;25;1253;1075.6;9685
2025-02-28 09:37:44.873000+00:00;87;26;1253;22.7;9685
2025-02-28 09:46:33.045000+00:00;6;45;1253;1079.4;9685
2025-02-28 09:46:52.750000+00:00;87;31;1253;39.8;9685
2025-02-28 09:49:15.419000+00:00;6;46;1253;24.3;9685
2025-02-28 09:50:27.543000+00:00;7;45;1253;501.5;9685
2025-02-28 09:51:26.380000+00:00;14;32;1253;998.3;9685
2025-02-28 09:53:44.245000+00:00;4;43;1253;405.4;9685
2025-02-28 10:00:30.154000+00:00;12;37;1253;549.3;9685
2025-02-28 10:03:26.726000+00:00;16;43;1253;919.4;9685
2025-02-28 10:03:45.683000+00:00;23;39;1253;1166.4;9685
2025-02-28 10:21:03.003000+00:00;12;45;1253;1782.0;9685
2025-02-28 10:24:03.582000+00:00;7;51;1253;1318.3;9685
2025-02-28 10:24:04.400000+00:00;4;53;1253;842.0;9685
2025-02-28 10:24:05.359000+00:00;12;46;1253;1964.5;9685
2025-02-28 10:24:06.706000+00:00;14;38;1253;1294.8;9685
2025-02-28 10:24:08.219000+00:00;87;47;1253;2275.2;9685
2025-02-28 10:24:17.870000+00:00;1;37;1253;2596.6;9685
2025-02-28 10:25:06.049000+00:00;5;23;1253;6683.3;9685
2025-02-28 10:26:09.776000+00:00;16;49;1253;2282.4;9685
2025-02-28 10:28:17.840000+00:00;23;45;1253;2638.9;9685
2025-02-28 10:29:21.961000+00:00;5;25;1253;40.2;9685
2025-02-28 10:34:07.800000+00:00;6;61;1253;2716.7;9685
2025-02-28 10:36:43.894000+00:00;6;62;1253;24.0;9685
2025-02-28 10:41:19.305000+00:00;12;53;1253;336.6;9685
2025-02-28 10:43:24.325000+00:00;16;59;1253;51.1;9685
2025-02-28 10:45:41.920000+00:00;14;44;1253;681.3;9685
2025-02-28 10:46:27.397000+00:00;5;31;1253;390.9;9685
2025-02-28 10:48:41.941000+00:00;16;62;1253;24.0;9685
2025-02-28 11:26:03.357000+00:00;1;1;1253;;9685
2025-02-28 11:26:06.233000+00:00;6;1;1253;;9685
2025-02-28 11:26:06.732000+00:00;87;1;1253;;9685
2025-02-28 11:26:06.955000+00:00;5;1;1253;;9685
2025-02-28 11:26:07.214000+00:00;7;1;1253;;9685
2025-02-28 11:26:07.695000+00:00;16;1;1253;;9685
2025-02-28 11:26:08.751000+00:00;23;1;1253;;9685
2025-02-28 11:26:09.331000+00:00;14;1;1253;;9685
2025-02-28 11:26:12.549000+00:00;12;1;1253;;9685
2025-02-28 11:26:16.988000+00:00;4;1;1253;;9685
2025-02-28 11:26:19.109000+00:00;7;2;1253;30.4;9685
2025-02-28 11:26:34.423000+00:00;1;5;1253;62.3;9685
2025-02-28 11:26:35.229000+00:00;12;4;1253;19.2;9685
2025-02-28 11:26:51.068000+00:00;6;4;1253;332.9;9685
2025-02-28 11:26:53.598000+00:00;14;3;1253;454.2;9685
2025-02-28 12:00:04.788000+00:00;31;1;1253;;9685
2025-02-28 12:01:26.092000+00:00;10;1;1253;;9685
2025-02-28 12:06:38.100000+00:00;31;4;1253;34.3;9685
2025-02-28 12:07:35.628000+00:00;22;1;1253;;9685
2025-02-28 12:11:09.995000+00:00;31;5;1253;306.1;9685
2025-02-28 12:11:28.683000+00:00;10;5;1253;;9685
2025-02-28 12:11:35.248000+00:00;44;1;1253;;9685
2025-02-28 12:12:11.612000+00:00;22;2;1253;;9685
2025-02-28 12:15:59.720000+00:00;63;1;1253;;9685
2025-02-28 12:21:52.499000+00:00;10;8;1253;314.0;9685
2025-02-28 12:21:55.130000+00:00;63;4;1253;33.5;9685
2025-02-28 12:25:46.273000+00:00;31;10;1253;332.1;9685
2025-02-28 12:26:11.685000+00:00;27;1;1253;;9685
2025-02-28 12:32:18.492000+00:00;18;1;1253;;9685
2025-02-28 12:36:33.224000+00:00;22;8;1253;872.4;9685
2025-02-28 12:38:18.189000+00:00;81;1;1253;;9685
2025-02-28 12:38:49.923000+00:00;22;9;1253;21.4;9685
2025-02-28 12:39:14.876000+00:00;44;8;1253;860.1;9685
2025-02-28 12:40:12.412000+00:00;23;59;1253;6515.2;9685
2025-02-28 12:42:42.377000+00:00;27;6;1253;450.4;9685
2025-02-28 12:43:08.798000+00:00;63;10;1253;678.6;9685
2025-02-28 12:43:11.038000+00:00;81;3;1253;90.9;9685
2025-02-28 12:43:57.245000+00:00;31;16;1253;385.7;9685
2025-02-28 12:47:16.869000+00:00;18;4;1253;570.8;9685
2025-02-28 12:48:44.408000+00:00;10;14;1253;930.7;9685
2025-02-28 12:50:31.768000+00:00;31;19;1253;33.9;9685
2025-02-28 12:55:29.447000+00:00;63;13;1253;408.3;9685
2025-02-28 12:59:17.208000+00:00;27;10;1253;536.4;9685
2025-02-28 13:01:15.237000+00:00;63;16;1253;32.2;9685
2025-02-28 13:02:06.590000+00:00;81;9;1253;466.7;9685
2025-02-28 13:02:23.426000+00:00;18;9;1253;349.5;9685
2025-02-28 13:04:24.582000+00:00;44;13;1253;913.0;9685
2025-02-28 13:04:33.330000+00:00;31;22;1253;510.8;9685
2025-02-28 13:07:43.765000+00:00;81;12;1253;27.2;9685
2025-02-28 13:10:32.572000+00:00;10;19;1253;748.2;9685
2025-02-28 13:10:43.657000+00:00;44;16;1253;29.7;9685
2025-02-28 13:11:43.659000+00:00;1;48;1253;8991.2;9685
2025-02-28 13:16:35.019000+00:00;23;81;1253;30.0;9685
2025-02-28 13:22:16.849000+00:00;18;14;1253;632.9;9685
2025-02-28 13:22:26.832000+00:00;44;18;1253;471.5;9685
2025-02-28 13:23:13.031000+00:00;27;16;1253;752.1;9685
2025-02-28 13:24:25.018000+00:00;22;27;1253;965.8;9685
2025-02-28 13:26:35.023000+00:00;63;22;1253;901.2;9685
2025-02-28 13:26:40.177000+00:00;22;28;1253;21.5;9685
2025-02-28 13:27:48.680000+00:00;81;15;1253;875.0;9685
2025-02-28 13:29:18.902000+00:00;1;54;1253;361.6;9685
2025-02-28 13:30:26.181000+00:00;81;16;1253;28.7;9685
2025-02-28 13:35:28.596000+00:00;31;29;1253;1017.3;9685
2025-02-28 13:36:11.298000+00:00;63;25;1253;257.6;9685
2025-02-28 13:38:03.232000+00:00;31;30;1253;21.5;9685
2025-02-28 13:43:08.428000+00:00;44;22;1253;770.1;9685
2025-02-28 13:49:20.076000+00:00;10;25;1253;1658.1;9685
2025-02-28 13:49:53.071000+00:00;18;19;1253;1138.9;9685
2025-02-28 13:50:21.071000+00:00;1;57;1253;933.7;9685
2025-02-28 13:57:42.015000+00:00;44;27;1253;305.6;9685
2025-02-28 14:00:26.459000+00:00;81;34;1253;33.4;9685
2025-02-28 14:04:23.418000+00:00;1;60;1253;528.8;9685
2025-02-28 14:04:58.457000+00:00;31;46;1253;43.5;9685
2025-02-28 14:07:10.822000+00:00;18;24;1253;514.3;9685
2025-02-28 14:07:38.692000+00:00;27;22;1253;1956.3;9685
2025-02-28 14:10:48.458000+00:00;23;98;1253;1609.8;9685
2025-02-28 14:12:31.277000+00:00;63;28;1253;1837.0;9685
2025-02-28 14:15:13.234000+00:00;63;29;1253;24.2;9685
2025-02-28 14:16:20.984000+00:00;22;46;1253;1219.5;9685
2025-02-28 14:18:32.643000+00:00;22;47;1253;21.2;9685
2025-02-28 14:24:52.370000+00:00;44;30;1253;1309.9;9685
2025-02-28 14:27:19.938000+00:00;44;31;1253;22.4;9685
2025-02-28 14:27:46.821000+00:00;23;101;1253;690.5;9685
2025-02-28 14:30:28.784000+00:00;10;39;1253;1129.3;9685
2025-02-28 14:31:04.611000+00:00;1;63;1253;1298.5;9685
2025-02-28 14:34:20.386000+00:00;81;55;1253;33.7;9685
2025-02-28 14:36:02.831000+00:00;31;65;1253;38.2;9685
2025-02-28 14:42:30.562000+00:00;23;106;1253;359.1;9685
2025-02-28 14:46:51.872000+00:00;63;48;1253;26.6;9685
2025-02-28 14:48:47.824000+00:00;27;35;1253;1171.0;9685
2025-02-28 14:51:21.486000+00:00;14;50;1253;14142.3;9685
2025-02-28 14:51:52.115000+00:00;23;109;1253;252.1;9685
2025-02-28 14:56:37.739000+00:00;14;53;1253;25.5;9685
2025-02-28 15:01:24.965000+00:00;10;53;1253;528.2;9685
2025-02-28 15:02:08.399000+00:00;1;66;1253;1564.8;9685
2025-02-28 15:02:13.484000+00:00;23;113;1253;183.6;9685
2025-02-28 15:06:58.798000+00:00;22;65;1253;1140.6;9685
2025-02-28 15:08:27.787000+00:00;81;67;1253;921.1;9685
2025-02-28 15:09:52.508000+00:00;44;43;1253;1373.5;9685
2025-02-28 15:12:14.307000+00:00;81;69;1253;28.6;9685
2025-02-28 15:14:35.127000+00:00;81;70;1253;30.3;9685
2025-02-28 15:16:39.924000+00:00;1;69;1253;572.7;9685
2025-02-28 15:18:35.543000+00:00;23;116;1253;666.5;9685
2025-02-28 15:22:01.358000+00:00;22;71;1253;250.8;9685
2025-02-28 15:22:42.730000+00:00;14;64;1253;495.7;9685
2025-02-28 15:23:50.749000+00:00;63;71;1253;24.4;9685
2025-02-28 15:26:30.910000+00:00;81;74;1253;275.5;9685
2025-02-28 15:27:12.543000+00:00;27;48;1253;1028.6;9685
2025-02-28 15:44:32.963000+00:00;31;94;1253;25.4;9685
2025-02-28 15:46:39.511000+00:00;23;127;1253;604.3;9685
2025-02-28 15:46:44.872000+00:00;31;95;1253;26.8;9685
2025-02-28 15:46:49.782000+00:00;22;79;1253;246.0;9685
2025-02-28 15:48:00.598000+00:00;14;75;1253;448.3;9685
2025-02-28 15:48:50.710000+00:00;81;80;1253;365.5;9685
2025-02-28 15:48:54.810000+00:00;1;74;1253;512.4;9685
2025-02-28 15:49:02.291000+00:00;31;96;1253;32.7;9685
2025-02-28 15:49:59.072000+00:00;63;84;1253;344.6;9685
2025-02-28 15:52:54.806000+00:00;22;82;1253;49.3;9685
2025-02-28 15:53:18.674000+00:00;10;79;1253;28.9;9685
2025-02-28 15:54:41.883000+00:00;31;99;1253;31.9;9685
2025-02-28 15:54:53.846000+00:00;22;83;1253;24.1;9685
2025-02-28 15:55:25.495000+00:00;63;87;1253;27.4;9685
2025-02-28 15:55:40.517000+00:00;10;80;1253;27.3;9685
2025-02-28 15:56:52.223000+00:00;22;84;1253;24.5;9685
2025-02-28 15:57:05.607000+00:00;31;100;1253;26.8;9685
2025-02-28 15:57:51.249000+00:00;10;81;1253;28.4;9685
2025-02-28 15:58:09.068000+00:00;14;80;1253;127.1;9685
2025-02-28 15:58:43.445000+00:00;27;67;1253;24.8;9685
2025-02-28 15:58:52.389000+00:00;22;85;1253;24.1;9685
2025-02-28 15:59:24.430000+00:00;81;83;1253;329.2;9685
2025-02-28 15:59:26.809000+00:00;31;101;1253;33.5;9685
2025-03-14 01:30:03.187000+00:00;27;1;1254;;9686
2025-03-14 01:30:14.530000+00:00;6;1;1254;;9686
2025-03-14 01:30:15.871000+00:00;4;1;1254;;9686
2025-03-14 01:30:19.204000+00:00;5;1;1254;;9686
2025-03-14 01:30:28.407000+00:00;10;1;1254;;9686
2025-03-14 01:30:33.174000+00:00;7;1;1254;;9686
2025-03-14 01:30:38.774000+00:00;18;1;1254;;9686
2025-03-14 01:30:46.868000+00:00;22;1;1254;;9686
2025-03-14 01:30:56.223000+00:00;1;1;1254;;9686
2025-03-14 01:31:06.337000+00:00;44;1;1254;;9686
2025-03-14 01:31:13.571000+00:00;16;1;1254;;9686
2025-03-14 01:31:20.193000+00:00;30;1;1254;;9686
2025-03-14 01:31:26.405000+00:00;87;1;1254;;9686
2025-03-14 01:31:29.674000+00:00;81;1;1254;;9686
2025-03-14 01:31:38.356000+00:00;12;1;1254;;9686
2025-03-14 01:31:53.442000+00:00;63;1;1254;;9686
2025-03-14 01:32:07.814000+00:00;27;2;1254;21.9;9686
2025-03-14 01:32:11.414000+00:00;14;1;1254;;9686
2025-03-14 01:33:19.290000+00:00;55;1;1254;;9686
2025-03-14 01:34:10.468000+00:00;31;1;1254;;9686
2025-03-14 01:34:17.778000+00:00;27;3;1254;30.8;9686
2025-03-14 01:37:20.365000+00:00;23;1;1254;;9686
2025-03-14 01:40:23.379000+00:00;22;6;1254;24.6;9686
2025-03-14 01:42:02.141000+00:00;63;7;1254;21.3;9686
2025-03-14 01:42:50.762000+00:00;10;8;1254;22.5;9686
2025-03-14 01:43:04.659000+00:00;12;7;1254;12.9;9686
2025-03-14 01:43:10.712000+00:00;27;4;1254;434.9;9686
2025-03-14 01:44:13.515000+00:00;30;8;1254;28.1;9686
2025-03-14 01:44:17.442000+00:00;6;9;1254;27.0;9686
2025-03-14 01:46:57.084000+00:00;5;6;1254;475.4;9686
2025-03-14 01:47:49.484000+00:00;7;11;1254;21.3;9686
2025-03-14 01:48:02.636000+00:00;81;6;1254;478.3;9686
2025-03-14 01:55:03.450000+00:00;81;7;1254;899.1;9686
2025-03-14 01:55:05.026000+00:00;4;8;1254;792.5;9686
2025-03-14 01:55:05.065000+00:00;16;8;1254;726.0;9686
2025-03-14 01:55:10.001000+00:00;44;8;1254;750.5;9686
2025-03-14 01:55:21.588000+00:00;22;9;1254;572.6;9686
2025-03-14 01:55:22.465000+00:00;5;7;1254;980.8;9686
2025-03-14 01:55:30.593000+00:00;6;12;1254;699.9;9686
2025-03-14 01:56:10.692000+00:00;1;8;1254;771.8;9686
2025-03-14 01:56:21.032000+00:00;27;8;1254;1225.2;9686
2025-03-14 01:56:33.061000+00:00;23;4;1254;860.4;9686
2025-03-14 01:57:31.146000+00:00;12;10;1254;574.6;9686
2025-03-14 01:57:35.073000+00:00;14;8;1254;857.9;9686
2025-03-14 01:57:44.030000+00:00;63;11;1254;963.1;9686
2025-03-14 01:58:19.342000+00:00;55;10;1254;;9686
2025-03-14 01:58:35.447000+00:00;18;8;1254;977.4;9686
2025-03-14 02:00:55.415000+00:00;10;10;1254;917.3;9686
2025-03-14 02:01:14.604000+00:00;30;11;1254;1049.2;9686
2025-03-14 02:01:45.990000+00:00;1;11;1254;23.8;9686
2025-03-14 02:03:20.745000+00:00;31;8;1254;1021.2;9686
2025-03-14 02:04:10.369000+00:00;16;11;1254;261.8;9686
2025-03-14 02:04:39.444000+00:00;87;11;1254;1012.1;9686
2025-03-14 02:05:01.748000+00:00;12;14;1254;12.9;9686
2025-03-14 02:06:52.721000+00:00;44;11;1254;432.4;9686
2025-03-14 02:06:55.159000+00:00;10;13;1254;12.9;9686
2025-03-14 02:07:12.294000+00:00;22;14;1254;275.2;9686
2025-03-14 02:18:25.886000+00:00;7;12;1254;1857.4;9686
2025-03-14 02:19:02.061000+00:00;63;17;1254;2240.9;9686
2025-03-14 02:19:03.345000+00:00;4;13;1254;953.0;9686
2025-03-14 02:19:05.712000+00:00;81;12;1254;972.3;9686
2025-03-14 02:19:09.130000+00:00;5;14;1254;703.4;9686
2025-03-14 02:19:10.166000+00:00;22;15;1254;993.1;9686
2025-03-14 02:19:13.702000+00:00;30;15;1254;2128.3;9686
2025-03-14 02:19:17.967000+00:00;44;12;1254;1177.6;9686
2025-03-14 02:19:20.494000+00:00;12;16;1254;871.3;9686
2025-03-14 02:19:23.815000+00:00;10;14;1254;761.3;9686
2025-03-14 02:19:24.612000+00:00;6;17;1254;1000.0;9686
2025-03-14 02:19:25.939000+00:00;23;11;1254;2233.2;9686
2025-03-14 02:19:27.816000+00:00;55;16;1254;;9686
2025-03-14 02:19:29.957000+00:00;27;11;1254;1094.8;9686
2025-03-14 02:19:52.589000+00:00;1;13;1254;863.4;9686
2025-03-14 02:20:06.628000+00:00;16;14;1254;1218.0;9686
2025-03-14 02:20:19.381000+00:00;14;15;1254;2222.2;9686
2025-03-14 02:21:55.783000+00:00;18;14;1254;2377.7;9686
2025-03-14 02:24:45.619000+00:00;31;11;1254;2306.1;9686
2025-03-14 02:25:25.253000+00:00;23;14;1254;21.7;9686
2025-03-14 02:25:36.915000+00:00;22;19;1254;38.1;9686
2025-03-14 02:26:16.759000+00:00;6;21;1254;52.3;9686
2025-03-14 02:27:48.444000+00:00;44;17;1254;18.3;9686
2025-03-14 05:00:24.386000+00:00;5;1;1254;;9686
2025-03-14 05:00:24.386000+00:00;5;1;1254;;9687
2025-03-14 05:00:33.495000+00:00;10;1;1254;;9686
2025-03-14 05:00:33.495000+00:00;10;1;1254;;9687
2025-03-14 05:00:39.186000+00:00;6;1;1254;;9686
2025-03-14 05:00:39.186000+00:00;6;1;1254;;9687
2025-03-14 05:00:42.217000+00:00;4;1;1254;;9686
2025-03-14 05:00:42.217000+00:00;4;1;1254;;9687
2025-03-14 05:00:42.599000+00:00;22;1;1254;;9686
2025-03-14 05:00:42.599000+00:00;22;1;1254;;9687
2025-03-14 05:00:45.957000+00:00;81;1;1254;;9686
2025-03-14 05:00:45.957000+00:00;81;1;1254;;9687
2025-03-14 05:00:49.225000+00:00;14;1;1254;;9686
2025-03-14 05:00:49.225000+00:00;14;1;1254;;9687
2025-03-14 05:00:54.483000+00:00;18;1;1254;;9686
2025-03-14 05:00:54.483000+00:00;18;1;1254;;9687
2025-03-14 05:01:00.059000+00:00;1;1;1254;;9686
2025-03-14 05:01:00.059000+00:00;1;1;1254;;9687
2025-03-14 05:01:04.043000+00:00;30;1;1254;;9686
2025-03-14 05:01:04.043000+00:00;30;1;1254;;9687
2025-03-14 05:01:12.726000+00:00;7;1;1254;;9686
2025-03-14 05:01:12.726000+00:00;7;1;1254;;9687
2025-03-14 05:01:17.518000+00:00;63;1;1254;;9686
2025-03-14 05:01:17.518000+00:00;63;1;1254;;9687
2025-03-14 05:01:24.473000+00:00;12;1;1254;;9686
2025-03-14 05:01:24.473000+00:00;12;1;1254;;9687
2025-03-14 05:01:25.643000+00:00;44;1;1254;;9686
2025-03-14 05:01:25.643000+00:00;44;1;1254;;9687
2025-03-14 05:01:31.771000+00:00;16;1;1254;;9686
2025-03-14 05:01:31.771000+00:00;16;1;1254;;9687
2025-03-14 05:01:47.918000+00:00;27;1;1254;;9686
2025-03-14 05:01:47.918000+00:00;27;1;1254;;9687
2025-03-14 05:02:22.045000+00:00;31;1;1254;;9686
2025-03-14 05:02:22.045000+00:00;31;1;1254;;9687
2025-03-14 05:03:50.068000+00:00;55;1;1254;;9686
2025-03-14 05:03:50.068000+00:00;55;1;1254;;9687
2025-03-14 05:04:02.518000+00:00;27;2;1254;20.0;9686
2025-03-14 05:04:02.518000+00:00;27;2;1254;20.0;9687
2025-03-14 05:04:13.489000+00:00;23;1;1254;;9686
2025-03-14 05:04:13.489000+00:00;23;1;1254;;9687
2025-03-14 05:11:03.295000+00:00;12;6;1254;13.0;9686
2025-03-14 05:11:03.295000+00:00;12;6;1254;13.0;9687
2025-03-14 05:11:10.631000+00:00;16;6;1254;27.0;9686
2025-03-14 05:11:10.631000+00:00;16;6;1254;27.0;9687
2025-03-14 05:11:20.156000+00:00;44;6;1254;33.4;9686
2025-03-14 05:11:20.156000+00:00;44;6;1254;33.4;9687
2025-03-14 05:12:32.419000+00:00;55;6;1254;18.7;9686
2025-03-14 05:12:32.419000+00:00;55;6;1254;18.7;9687
2025-03-14 05:20:36.290000+00:00;30;8;1254;402.8;9686
2025-03-14 05:20:36.290000+00:00;30;8;1254;402.8;9687
2025-03-14 05:21:06.250000+00:00;18;6;1254;693.4;9686
2025-03-14 05:21:06.250000+00:00;18;6;1254;693.4;9687
2025-03-14 05:21:17.874000+00:00;14;6;1254;737.0;9686
2025-03-14 05:21:17.874000+00:00;14;6;1254;737.0;9687
2025-03-14 05:21:22.853000+00:00;63;8;1254;472.4;9686
2025-03-14 05:21:22.853000+00:00;63;8;1254;472.4;9687
2025-03-14 05:21:57.227000+00:00;4;9;1254;396.3;9686
2025-03-14 05:21:57.227000+00:00;4;9;1254;396.3;9687
2025-03-14 05:22:21.427000+00:00;12;9;1254;344.5;9686
2025-03-14 05:22:21.427000+00:00;12;9;1254;344.5;9687
2025-03-14 05:22:50.437000+00:00;22;7;1254;695.0;9686
2025-03-14 05:22:50.437000+00:00;22;7;1254;695.0;9687
2025-03-14 05:23:11.988000+00:00;6;10;1254;407.4;9686
2025-03-14 05:23:11.988000+00:00;6;10;1254;407.4;9687
2025-03-14 05:23:22.616000+00:00;10;9;1254;510.4;9686
2025-03-14 05:23:22.616000+00:00;10;9;1254;510.4;9687
2025-03-14 05:23:27.829000+00:00;31;10;1254;334.2;9686
2025-03-14 05:23:27.829000+00:00;31;10;1254;334.2;9687
2025-03-14 05:23:32.623000+00:00;81;9;1254;501.4;9686
2025-03-14 05:23:32.623000+00:00;81;9;1254;501.4;9687
2025-03-14 05:23:44.500000+00:00;55;9;1254;398.3;9686
2025-03-14 05:23:44.500000+00:00;55;9;1254;398.3;9687
2025-03-14 05:23:56.914000+00:00;5;10;1254;435.5;9686
2025-03-14 05:23:56.914000+00:00;5;10;1254;435.5;9687
2025-03-14 05:25:55.100000+00:00;16;11;1254;389.0;9686
2025-03-14 05:25:55.100000+00:00;16;11;1254;389.0;9687
2025-03-14 05:26:02.141000+00:00;30;11;1254;22.9;9686
2025-03-14 05:26:02.141000+00:00;30;11;1254;22.9;9687
2025-03-14 05:26:13.939000+00:00;1;6;1254;985.5;9686
2025-03-14 05:26:13.939000+00:00;1;6;1254;985.5;9687
2025-03-14 05:26:43.960000+00:00;23;9;1254;546.0;9686
2025-03-14 05:26:43.960000+00:00;23;9;1254;546.0;9687
2025-03-14 05:27:03.056000+00:00;44;11;1254;418.6;9686
2025-03-14 05:27:03.056000+00:00;44;11;1254;418.6;9687
2025-03-14 05:27:31.393000+00:00;63;11;1254;67.1;9686
2025-03-14 05:27:31.393000+00:00;63;11;1254;67.1;9687
2025-03-14 05:27:52.237000+00:00;7;10;1254;637.3;9686
2025-03-14 05:27:52.237000+00:00;7;10;1254;637.3;9687
2025-03-14 05:28:11.525000+00:00;18;10;1254;26.7;9687
2025-03-14 05:28:15.133000+00:00;12;12;1254;41.4;9687
2025-03-14 05:29:00.062000+00:00;27;6;1254;1070.6;9687
2025-03-14 05:29:07.006000+00:00;31;13;1254;24.9;9687
2025-03-14 05:29:21.454000+00:00;55;12;1254;20.5;9687
2025-03-14 05:29:32.282000+00:00;5;13;1254;12.8;9687
2025-03-14 05:30:31.701000+00:00;44;13;1254;21.4;9686
2025-03-14 05:30:31.701000+00:00;44;13;1254;21.4;9687
2025-03-14 05:31:26.354000+00:00;16;14;1254;22.0;9686
2025-03-14 05:31:26.354000+00:00;16;14;1254;22.0;9687
2025-03-14 05:32:05.758000+00:00;23;12;1254;12.6;9686
2025-03-14 05:32:05.758000+00:00;23;12;1254;12.6;9687
2025-03-14 05:35:25.445000+00:00;22;10;1254;451.6;9686
2025-03-14 05:35:25.445000+00:00;22;10;1254;451.6;9687
2025-03-14 05:39:00.145000+00:00;63;14;1254;365.4;9686
2025-03-14 05:39:00.145000+00:00;63;14;1254;365.4;9687
2025-03-14 05:39:01.261000+00:00;22;12;1254;36.9;9686
2025-03-14 05:39:01.261000+00:00;22;12;1254;36.9;9687
2025-03-14 05:40:17.837000+00:00;12;16;1254;312.6;9686
2025-03-14 05:40:17.837000+00:00;12;16;1254;312.6;9687
2025-03-14 05:40:35.697000+00:00;55;15;1254;355.1;9686
2025-03-14 05:40:35.697000+00:00;55;15;1254;355.1;9687
2025-03-14 05:40:58.992000+00:00;6;16;1254;436.4;9686
2025-03-14 05:40:58.992000+00:00;6;16;1254;436.4;9687
2025-03-14 05:41:17.321000+00:00;10;16;1254;342.9;9686
2025-03-14 05:41:17.321000+00:00;10;16;1254;342.9;9687
2025-03-14 05:41:32.023000+00:00;16;17;1254;324.4;9686
2025-03-14 05:41:32.023000+00:00;16;17;1254;324.4;9687
2025-03-14 05:41:52.320000+00:00;7;16;1254;261.4;9686
2025-03-14 05:41:52.320000+00:00;7;16;1254;261.4;9687
2025-03-14 05:42:06.352000+00:00;14;13;1254;548.4;9686
2025-03-14 05:42:06.352000+00:00;14;13;1254;548.4;9687
2025-03-14 05:42:08.110000+00:00;18;14;1254;438.4;9686
2025-03-14 05:42:08.110000+00:00;18;14;1254;438.4;9687
2025-03-14 05:42:41.960000+00:00;44;17;1254;346.7;9686
2025-03-14 05:42:41.960000+00:00;44;17;1254;346.7;9687
2025-03-14 05:42:57.168000+00:00;6;17;1254;18.1;9686
2025-03-14 05:42:57.168000+00:00;6;17;1254;18.1;9687
2025-03-14 05:43:17.742000+00:00;5;16;1254;512.7;9687
2025-03-14 05:43:23.348000+00:00;4;17;1254;462.8;9687
2025-03-14 05:43:35.053000+00:00;30;17;1254;403.7;9687
2025-03-14 05:43:57.605000+00:00;23;16;1254;318.0;9687
2025-03-14 05:44:10.263000+00:00;81;17;1254;409.1;9687
2025-03-14 05:44:37.548000+00:00;31;19;1254;332.9;9687
2025-03-14 05:44:56.841000+00:00;27;12;1254;375.5;9687
2025-03-14 05:46:19.649000+00:00;23;17;1254;45.9;9686
2025-03-14 05:46:19.649000+00:00;23;17;1254;45.9;9687
2025-03-14 05:46:53.011000+00:00;5;18;1254;19.5;9686
2025-03-14 05:46:53.011000+00:00;5;18;1254;19.5;9687
2025-03-14 05:50:01.751000+00:00;1;13;1254;684.6;9686
2025-03-14 05:50:01.751000+00:00;1;13;1254;684.6;9687
2025-03-14 05:53:57.335000+00:00;23;22;1254;21.0;9686
2025-03-14 05:53:57.335000+00:00;23;22;1254;21.0;9687
2025-03-14 05:58:41.072000+00:00;6;28;1254;28.4;9687
2025-03-14 05:58:48.134000+00:00;4;28;1254;18.6;9687
2025-03-14 05:58:51.030000+00:00;10;28;1254;27.1;9687
2025-03-14 05:58:52.629000+00:00;12;29;1254;20.9;9687
2025-03-14 05:59:35.833000+00:00;55;28;1254;36.4;9687
2025-03-14 05:59:36.832000+00:00;81;28;1254;19.4;9687
2025-03-15 01:30:02.717000+00:00;87;1;1254;;9688
2025-03-15 01:30:32.932000+00:00;44;1;1254;;9688
2025-03-15 01:30:42.499000+00:00;81;1;1254;;9688
2025-03-15 01:30:46.921000+00:00;16;1;1254;;9688
2025-03-15 01:30:55.064000+00:00;6;1;1254;;9688
2025-03-15 01:31:44.344000+00:00;22;1;1254;;9688
2025-03-15 01:31:47.761000+00:00;4;1;1254;;9688
2025-03-15 01:32:51.501000+00:00;44;2;1254;20.9;9688
2025-03-15 01:41:02.966000+00:00;16;2;1254;501.3;9688
2025-03-15 01:41:04.706000+00:00;44;3;1254;514.1;9688
2025-03-15 01:41:09.152000+00:00;31;1;1254;;9688
2025-03-15 01:41:12.832000+00:00;7;1;1254;;9688
2025-03-15 01:41:13.145000+00:00;18;1;1254;;9688
2025-03-15 01:41:16.600000+00:00;14;1;1254;;9688
2025-03-15 01:43:17.294000+00:00;16;3;1254;22.5;9688
2025-03-15 01:43:26.823000+00:00;18;2;1254;19.4;9688
2025-03-15 01:43:40.671000+00:00;14;2;1254;21.7;9688
2025-03-15 01:44:40.283000+00:00;30;1;1254;;9688
2025-03-15 01:45:41.841000+00:00;1;1;1254;;9688
2025-03-15 01:46:46.373000+00:00;55;1;1254;;9688
2025-03-15 01:46:57.024000+00:00;5;1;1254;;9688
2025-03-15 01:47:02.321000+00:00;7;4;1254;21.9;9688
2025-03-15 01:47:08.903000+00:00;4;2;1254;;9688
2025-03-15 01:48:06.426000+00:00;12;1;1254;;9688
2025-03-15 01:48:38.609000+00:00;18;3;1254;204.4;9688
2025-03-15 01:48:58.170000+00:00;81;2;1254;980.2;9688
2025-03-15 01:49:16.559000+00:00;14;3;1254;228.1;9688
2025-03-15 01:49:32.057000+00:00;16;4;1254;266.0;9688
2025-03-15 01:49:36.749000+00:00;44;4;1254;393.4;9688
2025-03-15 01:49:59.004000+00:00;23;1;1254;;9688
2025-03-15 01:50:23.141000+00:00;10;1;1254;;9688
2025-03-15 01:51:13.527000+00:00;1;4;1254;12.6;9688
2025-03-15 01:52:03.562000+00:00;31;7;1254;23.9;9688
2025-03-15 01:52:15.526000+00:00;27;1;1254;;9688
2025-03-15 01:52:21.710000+00:00;5;4;1254;13.5;9688
2025-03-15 01:52:25.929000+00:00;63;1;1254;;9688
2025-03-15 01:52:47.156000+00:00;7;7;1254;23.8;9688
2025-03-15 01:52:52.199000+00:00;4;5;1254;21.4;9688
2025-03-15 01:54:13.333000+00:00;6;2;1254;1286.3;9688
2025-03-15 01:54:22.828000+00:00;22;2;1254;;9688
2025-03-15 01:54:27.902000+00:00;12;4;1254;71.5;9688
2025-03-15 01:55:15.525000+00:00;16;7;1254;21.7;9688
2025-03-15 01:55:33.131000+00:00;55;6;1254;22.1;9688
2025-03-15 01:57:15.333000+00:00;1;7;1254;12.6;9688
2025-03-15 01:57:18.986000+00:00;31;10;1254;14.5;9688
2025-03-15 01:57:39.129000+00:00;27;4;1254;12.7;9688
2025-03-15 01:57:40.789000+00:00;44;8;1254;23.8;9688
2025-03-15 01:58:37.274000+00:00;23;6;1254;22.5;9688
2025-03-15 01:58:38.514000+00:00;5;7;1254;24.7;9688
2025-03-15 01:58:45.232000+00:00;63;4;1254;52.7;9688
2025-03-15 02:00:01.550000+00:00;10;6;1254;25.5;9688
2025-03-15 02:00:55.396000+00:00;16;10;1254;15.0;9688
2025-03-15 02:01:12.252000+00:00;12;7;1254;87.8;9688
2025-03-15 02:03:02.833000+00:00;27;7;1254;24.0;9688
2025-03-15 02:04:06.297000+00:00;63;6;1254;62.1;9688
2025-03-15 02:04:13.517000+00:00;18;10;1254;258.8;9688
2025-03-15 02:05:26.513000+00:00;1;10;1254;188.7;9688
2025-03-15 02:06:11.606000+00:00;6;9;1254;18.0;9688
2025-03-15 02:06:11.944000+00:00;14;10;1254;358.4;9688
2025-03-15 02:06:14.118000+00:00;4;8;1254;493.2;9688
2025-03-15 02:09:36.138000+00:00;14;12;1254;24.1;9688
2025-03-15 02:09:58.768000+00:00;23;10;1254;279.2;9688
2025-03-15 02:11:12.370000+00:00;55;12;1254;334.7;9688
2025-03-15 02:12:27.722000+00:00;1;11;1254;338.8;9688
2025-03-15 02:13:21.712000+00:00;81;8;1254;863.9;9688
2025-03-15 02:13:42.310000+00:00;4;11;1254;172.3;9688
2025-03-15 02:14:22.814000+00:00;63;9;1254;329.7;9688
2025-03-15 02:14:31.236000+00:00;5;10;1254;631.6;9688
2025-03-15 02:15:26.622000+00:00;12;11;1254;443.4;9688
2025-03-15 02:15:37.961000+00:00;10;13;1254;201.1;9688
2025-03-15 02:16:16.081000+00:00;7;9;1254;1192.1;9688
2025-03-15 02:16:29.801000+00:00;44;13;1254;595.0;9688
2025-03-15 02:16:35.549000+00:00;6;10;1254;521.3;9688
2025-03-15 02:16:40.508000+00:00;16;13;1254;632.8;9688
2025-03-15 02:16:56.078000+00:00;22;10;1254;511.6;9688
2025-03-15 02:19:12.125000+00:00;27;8;1254;867.1;9688
2025-03-15 02:19:51.440000+00:00;5;13;1254;13.1;9688
2025-03-15 02:20:32.225000+00:00;18;15;1254;493.9;9688
2025-03-15 02:20:54.516000+00:00;14;15;1254;407.7;9688
2025-03-15 02:20:57.239000+00:00;31;11;1254;1310.9;9688
2025-03-15 02:21:40.559000+00:00;10;16;1254;22.0;9688
2025-03-15 02:21:49.328000+00:00;7;12;1254;26.7;9688
2025-03-15 02:22:25.803000+00:00;16;16;1254;21.8;9688
2025-03-15 02:22:43.741000+00:00;1;14;1254;311.3;9688
2025-03-15 02:23:20.826000+00:00;23;16;1254;180.2;9688
2025-03-15 02:23:29.485000+00:00;63;12;1254;257.9;9688
2025-03-15 02:23:35.440000+00:00;12;15;1254;59.6;9688
2025-03-15 02:24:34.127000+00:00;6;13;1254;177.7;9688
2025-03-15 02:24:36.412000+00:00;55;18;1254;191.3;9688
2025-03-15 02:24:40.313000+00:00;44;17;1254;24.0;9688
2025-03-15 02:24:41.640000+00:00;27;11;1254;33.1;9688
2025-03-15 02:25:58.640000+00:00;22;13;1254;230.2;9688
2025-03-15 02:27:40.345000+00:00;10;19;1254;13.1;9688
2025-03-15 02:27:45.879000+00:00;14;19;1254;27.3;9688
2025-03-15 02:27:49.532000+00:00;7;15;1254;15.8;9688
2025-03-15 02:28:08.621000+00:00;16;19;1254;21.1;9688
2025-03-15 02:28:19.414000+00:00;1;16;1254;146.0;9688
2025-03-15 02:28:33.462000+00:00;23;19;1254;21.8;9688
2025-03-15 02:28:44.421000+00:00;5;16;1254;223.4;9688
2025-03-15 02:28:58.586000+00:00;63;15;1254;19.1;9688
2025-03-15 02:29:01.389000+00:00;81;14;1254;365.1;9688
2025-03-15 02:29:23.091000+00:00;55;21;1254;14.2;9688
2025-03-15 02:29:31.620000+00:00;4;18;1254;233.6;9688
2025-03-15 02:29:47.074000+00:00;12;18;1254;73.6;9688
2025-03-15 05:00:04.068000+00:00;31;1;1254;;9689
2025-03-15 05:00:11.238000+00:00;87;1;1254;;9689
2025-03-15 05:00:20.366000+00:00;63;1;1254;;9689
2025-03-15 05:00:28.938000+00:00;7;1;1254;;9689
2025-03-15 05:00:38.276000+00:00;27;1;1254;;9689
2025-03-15 05:00:40.041000+00:00;55;1;1254;;9689
2025-03-15 05:00:48.384000+00:00;5;1;1254;;9689
2025-03-15 05:01:01.716000+00:00;14;1;1254;;9689
2025-03-15 05:01:18.975000+00:00;30;1;1254;;9689
2025-03-15 05:01:30.023000+00:00;23;1;1254;;9689
2025-03-15 05:01:38.912000+00:00;18;1;1254;;9689
2025-03-15 05:01:53.256000+00:00;10;1;1254;;9689
2025-03-15 05:01:56.754000+00:00;12;1;1254;;9689
2025-03-15 05:02:04.197000+00:00;16;1;1254;;9689
2025-03-15 05:02:10.862000+00:00;44;1;1254;;9689
2025-03-15 05:02:39.733000+00:00;4;1;1254;;9689
2025-03-15 05:03:23.522000+00:00;81;1;1254;;9689
2025-03-15 05:04:18.343000+00:00;1;1;1254;;9689
2025-03-15 05:04:33.066000+00:00;5;3;1254;12.7;9689
2025-03-15 05:06:11.901000+00:00;6;1;1254;;9689
2025-03-15 05:06:16.800000+00:00;63;4;1254;75.9;9689
2025-03-15 05:06:22.370000+00:00;22;1;1254;;9689
2025-03-15 05:06:32.236000+00:00;27;4;1254;66.8;9689
2025-03-15 05:06:39.255000+00:00;31;4;1254;124.8;9689
2025-03-15 05:07:22.966000+00:00;16;4;1254;20.4;9689
2025-03-15 05:07:34.025000+00:00;14;4;1254;108.2;9689
2025-03-15 05:07:36.826000+00:00;18;4;1254;82.0;9689
2025-03-15 05:07:48.332000+00:00;4;4;1254;21.3;9689
2025-03-15 05:08:00.209000+00:00;44;4;1254;43.9;9689
2025-03-15 05:08:08.468000+00:00;30;4;1254;131.1;9689
2025-03-15 05:08:23.195000+00:00;81;4;1254;12.7;9689
2025-03-15 05:09:25.641000+00:00;12;4;1254;152.6;9689
2025-03-15 05:12:25.020000+00:00;55;7;1254;111.8;9689
2025-03-15 05:13:21.920000+00:00;1;4;1254;269.1;9689
2025-03-15 05:13:27.330000+00:00;30;6;1254;108.9;9689
2025-03-15 05:13:34.073000+00:00;63;7;1254;159.5;9689
2025-03-15 05:13:54.665000+00:00;22;4;1254;160.3;9689
2025-03-15 05:14:09.969000+00:00;10;7;1254;166.5;9689
2025-03-15 05:14:29.043000+00:00;6;4;1254;216.4;9689
2025-03-15 05:14:38.909000+00:00;7;7;1254;275.4;9689
2025-03-15 05:14:44.462000+00:00;31;7;1254;189.7;9689
2025-03-15 05:14:53.326000+00:00;23;7;1254;244.1;9689
2025-03-15 05:15:00.445000+00:00;18;7;1254;161.1;9689
2025-03-15 05:15:02.558000+00:00;4;7;1254;145.8;9689
2025-03-15 05:15:06.228000+00:00;44;7;1254;144.1;9689
2025-03-15 05:15:19.595000+00:00;14;7;1254;189.4;9689
2025-03-15 05:15:49.483000+00:00;27;7;1254;265.4;9689
2025-03-15 05:15:58.885000+00:00;5;6;1254;402.2;9689
2025-03-15 05:16:02.823000+00:00;16;7;1254;239.6;9689
2025-03-15 05:16:05.594000+00:00;81;7;1254;180.8;9689
2025-03-15 05:25:04.608000+00:00;1;6;1254;508.0;9689
2025-03-15 05:25:09.510000+00:00;16;8;1254;444.2;9689
2025-03-15 05:25:16.625000+00:00;44;10;1254;299.0;9689
2025-03-15 05:25:56.591000+00:00;63;10;1254;450.6;9689
2025-03-15 05:26:11.317000+00:00;55;10;1254;545.2;9689
2025-03-15 05:26:16.768000+00:00;23;10;1254;387.5;9689
2025-03-15 05:26:22.708000+00:00;81;8;1254;508.5;9689
2025-03-15 05:26:37.550000+00:00;4;9;1254;475.9;9689
2025-03-15 05:27:05.241000+00:00;14;9;1254;478.2;9689
2025-03-15 05:27:16.423000+00:00;18;10;1254;440.1;9689
2025-03-15 05:28:48.977000+00:00;6;7;1254;572.9;9689
2025-03-15 05:29:04.552000+00:00;10;10;1254;595.4;9689
2025-03-15 05:29:13.553000+00:00;7;10;1254;587.6;9689
2025-03-15 05:29:23.937000+00:00;5;9;1254;517.4;9689
2025-03-15 05:29:36.129000+00:00;22;7;1254;650.0;9689
2025-03-15 05:31:47.614000+00:00;16;11;1254;122.0;9689
2025-03-15 05:31:55.198000+00:00;44;13;1254;107.3;9689
2025-03-15 05:36:04.111000+00:00;5;12;1254;124.3;9689
2025-03-15 05:36:07.207000+00:00;18;13;1254;259.3;9689
2025-03-15 05:36:16.481000+00:00;63;13;1254;345.6;9689
2025-03-15 05:36:34+00:00;7;13;1254;160.4;9689
2025-03-15 05:36:54.514000+00:00;22;10;1254;156.4;9689
2025-03-15 05:37:13.939000+00:00;6;10;1254;227.2;9689
2025-03-15 05:37:16.407000+00:00;55;13;1254;390.7;9689
2025-03-15 05:37:21.530000+00:00;23;13;1254;390.9;9689
2025-03-15 05:37:32.122000+00:00;1;9;1254;474.2;9689
2025-03-15 05:37:39.386000+00:00;4;12;1254;379.4;9689
2025-03-15 05:37:52.719000+00:00;14;11;1254;470.9;9689
2025-03-15 05:38:07.103000+00:00;10;13;1254;258.8;9689
2025-03-15 05:38:11.807000+00:00;16;14;1254;109.1;9689
2025-03-15 05:38:13.304000+00:00;81;11;1254;428.1;9689
2025-03-15 05:48:08.650000+00:00;81;13;1254;393.3;9689
2025-03-15 05:48:13.465000+00:00;4;15;1254;347.3;9689
2025-03-15 05:48:17.315000+00:00;16;16;1254;414.1;9689
2025-03-15 05:48:28.180000+00:00;63;16;1254;420.8;9689
2025-03-15 05:48:37.059000+00:00;44;18;1254;508.1;9689
2025-03-15 05:48:54.514000+00:00;1;12;1254;395.5;9689
2025-03-15 05:49:00.293000+00:00;55;16;1254;418.6;9689
2025-03-15 05:49:18.302000+00:00;10;16;1254;386.2;9689
2025-03-15 05:49:26.714000+00:00;23;16;1254;440.8;9689
2025-03-15 05:49:38.940000+00:00;22;13;1254;470.7;9689
2025-03-15 05:56:09.005000+00:00;81;16;1254;211.5;9689
2025-03-15 05:56:12.087000+00:00;4;18;1254;213.3;9689
2025-03-15 05:56:20.375000+00:00;63;19;1254;191.7;9689
2025-03-15 05:56:37.731000+00:00;1;15;1254;191.0;9689
2025-03-15 05:56:44.553000+00:00;10;19;1254;171.6;9689
2025-03-15 05:56:50.579000+00:00;16;19;1254;233.7;9689
2025-03-15 05:57:08.295000+00:00;44;21;1254;231.2;9689
2025-03-15 05:57:14.085000+00:00;55;19;1254;214.1;9689
2025-03-15 05:57:18.481000+00:00;23;19;1254;200.0;9689
2025-03-15 05:57:33.185000+00:00;22;16;1254;202.9;9689
2025-03-16 04:23:12.761000+00:00;4;2;1254;13.3;9693
2025-03-16 04:23:14.282000+00:00;1;2;1254;13.4;9693
2025-03-16 04:23:15.787000+00:00;81;2;1254;13.0;9693
2025-03-16 04:23:18.291000+00:00;63;2;1254;13.6;9693
2025-03-16 04:23:21.181000+00:00;16;2;1254;14.1;9693
2025-03-16 04:23:24.246000+00:00;22;2;1254;14.9;9693
2025-03-16 04:23:26.497000+00:00;23;2;1254;15.0;9693
2025-03-16 04:23:28.680000+00:00;44;2;1254;15.0;9693
2025-03-16 04:23:31.233000+00:00;10;2;1254;15.1;9693
2025-03-16 04:23:33.032000+00:00;14;2;1254;15.5;9693
2025-03-16 04:23:35.723000+00:00;18;2;1254;15.5;9693
2025-03-16 04:23:37.404000+00:00;27;2;1254;15.1;9693
2025-03-16 04:23:38.906000+00:00;12;2;1254;14.6;9693
2025-03-16 04:23:40.336000+00:00;5;2;1254;14.4;9693
2025-03-16 04:23:42.208000+00:00;31;2;1254;14.3;9693
2025-03-16 04:23:44.866000+00:00;30;2;1254;14.7;9693
2025-03-16 04:23:45.808000+00:00;87;2;1254;14.6;9693
2025-03-16 04:25:54.261000+00:00;4;3;1254;12.9;9693
2025-03-16 04:25:56.710000+00:00;1;3;1254;13.7;9693
2025-03-16 04:25:58.250000+00:00;81;3;1254;13.8;9693
2025-03-16 04:26:00.588000+00:00;63;3;1254;14.1;9693
2025-03-16 04:26:03.317000+00:00;16;3;1254;14.6;9693
2025-03-16 04:26:07.237000+00:00;22;3;1254;15.2;9693
2025-03-16 04:26:11.014000+00:00;23;3;1254;16.9;9693
2025-03-16 04:26:12.947000+00:00;44;3;1254;16.1;9693
2025-03-16 04:26:14.535000+00:00;10;3;1254;15.7;9693
2025-03-16 04:26:16.239000+00:00;14;3;1254;16.2;9693
2025-03-16 04:26:18.773000+00:00;18;3;1254;16.0;9693
2025-03-16 04:26:20.410000+00:00;27;3;1254;15.9;9693
2025-03-16 04:26:22.648000+00:00;12;3;1254;16.3;9693
2025-03-16 04:26:24.517000+00:00;5;3;1254;16.3;9693
2025-03-16 04:26:26.647000+00:00;31;3;1254;16.4;9693
2025-03-16 04:26:29.150000+00:00;30;3;1254;16.3;9693
2025-03-16 04:26:30.064000+00:00;87;3;1254;16.3;9693
2025-03-16 05:15:54.880000+00:00;22;33;1254;18.9;9693
2025-03-16 05:15:55.546000+00:00;23;33;1254;18.5;9693
2025-03-16 05:15:57.301000+00:00;44;33;1254;18.5;9693
2025-03-16 05:16:00.316000+00:00;10;33;1254;19.5;9693
2025-03-16 05:16:04.773000+00:00;12;33;1254;18.9;9693
2025-03-16 05:16:26.408000+00:00;18;33;1254;18.8;9693
2025-03-16 05:16:36.934000+00:00;27;33;1254;21.1;9693
2025-03-16 05:16:41.273000+00:00;4;34;1254;18.4;9693
2025-03-16 05:16:45.940000+00:00;5;33;1254;24.0;9693
2025-03-16 05:16:49.493000+00:00;81;34;1254;19.7;9693
2025-03-16 05:16:53.220000+00:00;30;33;1254;20.0;9693
2025-03-16 05:17:05.864000+00:00;1;34;1254;18.7;9693
2025-03-16 05:17:27.877000+00:00;63;34;1254;19.1;9693
2025-03-16 05:17:35.888000+00:00;16;34;1254;18.1;9693
2025-03-16 05:30:19.227000+00:00;31;39;1254;18.7;9693
2025-03-16 05:30:28.074000+00:00;87;39;1254;22.4;9693
2025-03-16 05:37:14.127000+00:00;4;44;1254;18.0;9693
2025-03-16 05:37:22.212000+00:00;63;44;1254;19.3;9693
2025-03-16 05:37:23.180000+00:00;23;44;1254;18.9;9693
2025-03-16 05:37:26.634000+00:00;18;44;1254;18.9;9693
2025-03-16 05:37:28.705000+00:00;12;44;1254;21.9;9693
2025-03-16 05:37:29.199000+00:00;27;44;1254;20.2;9693
2025-03-16 05:37:44.720000+00:00;5;44;1254;26.2;9693
2025-03-16 05:38:42.285000+00:00;81;44;1254;19.8;9693
2025-03-16 05:38:52.612000+00:00;87;44;1254;19.3;9693
2025-03-16 05:40:24.422000+00:00;1;46;1254;18.7;9693
2025-03-16 05:40:37.586000+00:00;10;46;1254;19.4;9693
2025-03-16 05:41:57.387000+00:00;31;46;1254;19.8;9693
2025-03-16 05:42:48.260000+00:00;44;47;1254;20.8;9693
2025-03-16 05:42:54.048000+00:00;16;47;1254;24.5;9693
2025-03-16 05:42:55.649000+00:00;22;47;1254;19.3;9693
2025-03-21 03:30:04.178000+00:00;87;1;1255;;9988
2025-03-21 03:30:09.384000+00:00;31;1;1255;;9988
2025-03-21 03:30:13.578000+00:00;22;1;1255;;9988
2025-03-21 03:30:18.995000+00:00;6;1;1255;;9988
2025-03-21 03:30:20.350000+00:00;55;1;1255;;9988
2025-03-21 03:30:28.165000+00:00;10;1;1255;;9988
2025-03-21 03:30:38.842000+00:00;7;1;1255;;9988
2025-03-21 03:30:43.821000+00:00;12;1;1255;;9988
2025-03-21 03:30:49.252000+00:00;44;1;1255;;9988
2025-03-21 03:30:56.963000+00:00;1;1;1255;;9988
2025-03-21 03:30:58.315000+00:00;5;1;1255;;9988
2025-03-21 03:31:01.790000+00:00;81;1;1255;;9988
2025-03-21 03:31:05.821000+00:00;16;1;1255;;9988
2025-03-21 03:31:10.416000+00:00;30;1;1255;;9988
2025-03-21 03:31:15.945000+00:00;4;1;1255;;9988
2025-03-21 03:31:23.860000+00:00;23;1;1255;;9988
2025-03-21 03:31:37.984000+00:00;27;1;1255;;9988
2025-03-21 03:31:51.471000+00:00;63;1;1255;;9988
2025-03-21 03:31:55.189000+00:00;14;1;1255;;9988
2025-03-21 03:33:30.750000+00:00;18;1;1255;;9988
2025-03-21 03:42:47.450000+00:00;14;6;1255;55.8;9988
2025-03-21 03:44:51.572000+00:00;18;6;1255;71.2;9988
2025-03-21 03:45:16.521000+00:00;6;8;1255;20.4;9988
2025-03-21 03:50:36.839000+00:00;55;11;1255;41.4;9988
2025-03-21 03:52:37.125000+00:00;5;7;1255;558.3;9988
2025-03-21 03:54:38.700000+00:00;27;6;1255;809.0;9988
2025-03-21 03:55:07.816000+00:00;12;10;1255;390.6;9988
2025-03-21 03:56:27.229000+00:00;1;9;1255;568.1;9988
2025-03-21 03:56:31.443000+00:00;55;12;1255;230.9;9988
2025-03-21 03:57:12.801000+00:00;6;11;1255;372.7;9988
2025-03-21 03:57:23.553000+00:00;23;11;1255;344.2;9988
2025-03-21 03:57:34.720000+00:00;31;11;1255;415.9;9988
2025-03-21 03:57:49.229000+00:00;14;9;1255;555.4;9988
2025-03-21 03:58:14.796000+00:00;44;10;1255;524.5;9988
2025-03-21 03:58:28.607000+00:00;63;11;1255;383.4;9988
2025-03-21 03:58:33.575000+00:00;10;9;1255;666.1;9988
2025-03-21 03:59:16.202000+00:00;4;8;1255;821.4;9988
2025-03-21 03:59:42.744000+00:00;81;9;1255;757.0;9988
2025-03-21 04:00:41.851000+00:00;87;10;1255;779.6;9988
2025-03-21 04:02:02.575000+00:00;18;9;1255;672.1;9988
2025-03-21 04:02:16.131000+00:00;22;13;1255;443.9;9988
2025-03-21 04:02:40.569000+00:00;16;10;1255;760.2;9988
2025-03-21 04:02:58.652000+00:00;7;10;1255;802.8;9988
2025-03-21 04:03:37.246000+00:00;30;11;1255;700.3;9988
2025-03-21 04:04:25.144000+00:00;27;11;1255;19.6;9988
2025-03-21 04:09:44.932000+00:00;23;18;1255;41.9;9988
2025-03-21 04:10:19.429000+00:00;55;20;1255;20.3;9988
2025-03-21 04:22:03.638000+00:00;55;21;1255;581.2;9988
2025-03-21 04:22:09.006000+00:00;23;19;1255;620.2;9988
2025-03-21 04:22:13.208000+00:00;30;18;1255;399.5;9988
2025-03-21 04:22:18.859000+00:00;5;19;1255;469.4;9988
2025-03-21 04:22:21.312000+00:00;63;21;1255;431.0;9988
2025-03-21 04:22:32.268000+00:00;16;16;1255;498.6;9988
2025-03-21 04:22:35.287000+00:00;12;22;1255;449.1;9988
2025-03-21 04:22:46.010000+00:00;44;17;1255;648.3;9988
2025-03-21 04:22:53.338000+00:00;81;19;1255;2147.6;9988
2025-03-21 04:23:00.739000+00:00;87;18;1255;527.3;9988
2025-03-21 04:23:04.565000+00:00;4;18;1255;399.0;9988
2025-03-21 04:23:16.904000+00:00;14;18;1255;580.7;9988
2025-03-21 04:23:23.032000+00:00;31;18;1255;834.7;9988
2025-03-21 04:23:34.008000+00:00;6;18;1255;886.7;9988
2025-03-21 04:23:43.276000+00:00;27;16;1255;660.7;9988
2025-03-21 04:23:49.712000+00:00;10;18;1255;554.0;9988
2025-03-21 04:23:58.267000+00:00;1;20;1255;543.0;9988
2025-03-21 04:24:04.961000+00:00;22;19;1255;692.2;9988
2025-03-21 04:24:19.539000+00:00;18;16;1255;567.1;9988
2025-03-21 04:28:09.015000+00:00;1;22;1255;23.5;9988
2025-03-21 04:28:40.215000+00:00;63;24;1255;28.8;9988
2025-03-21 04:28:47.972000+00:00;12;25;1255;27.5;9988
2025-03-21 04:29:29.992000+00:00;44;20;1255;18.7;9988
2025-03-21 04:29:36.446000+00:00;14;21;1255;28.4;9988
2025-03-21 04:29:36.941000+00:00;23;22;1255;93.9;9988
2025-03-21 04:29:40.789000+00:00;55;24;1255;120.3;9988
2025-03-21 04:29:49.316000+00:00;10;21;1255;25.3;9988
2025-03-21 07:30:04.546000+00:00;12;1;1255;;9989
2025-03-21 07:30:09.808000+00:00;63;1;1255;;9989
2025-03-21 07:30:19.414000+00:00;5;1;1255;;9989
2025-03-21 07:30:27.765000+00:00;22;1;1255;;9989
2025-03-21 07:30:33.552000+00:00;1;1;1255;;9989
2025-03-21 07:30:50.801000+00:00;6;1;1255;;9989
2025-03-21 07:30:59.082000+00:00;10;1;1255;;9989
2025-03-21 07:31:10.920000+00:00;7;1;1255;;9989
2025-03-21 07:31:20.051000+00:00;87;1;1255;;9989
2025-03-21 07:31:28.417000+00:00;31;1;1255;;9989
2025-03-21 07:31:37.523000+00:00;44;1;1255;;9989
2025-03-21 07:31:45.242000+00:00;16;1;1255;;9989
2025-03-21 07:31:52.633000+00:00;55;1;1255;;9989
2025-03-21 07:32:01.814000+00:00;30;1;1255;;9989
2025-03-21 07:32:09.656000+00:00;23;1;1255;;9989
2025-03-21 07:32:20.872000+00:00;4;1;1255;;9989
2025-03-21 07:32:32.700000+00:00;81;1;1255;;9989
2025-03-21 07:32:42.306000+00:00;18;1;1255;;9989
2025-03-21 07:32:56.259000+00:00;14;1;1255;;9989
2025-03-21 07:33:04.679000+00:00;27;1;1255;;9989
2025-03-21 07:38:13.745000+00:00;12;5;1255;47.7;9989
2025-03-21 07:38:16.901000+00:00;55;4;1255;36.5;9989
2025-03-21 07:38:28.292000+00:00;6;4;1255;121.5;9989
2025-03-21 07:38:40.301000+00:00;22;4;1255;145.4;9989
2025-03-21 07:38:43.804000+00:00;5;4;1255;166.9;9989
2025-03-21 07:38:55.148000+00:00;16;4;1255;81.0;9989
2025-03-21 07:39:07.055000+00:00;1;4;1255;171.1;9989
2025-03-21 07:39:16.180000+00:00;87;4;1255;142.5;9989
2025-03-21 07:39:26.570000+00:00;44;4;1255;125.3;9989
2025-03-21 07:39:33.675000+00:00;31;4;1255;141.4;9989
2025-03-21 07:39:49.300000+00:00;27;4;1255;71.2;9989
2025-03-21 07:49:04.136000+00:00;12;8;1255;305.6;9989
2025-03-21 07:49:09.870000+00:00;63;9;1255;236.0;9989
2025-03-21 07:49:19.682000+00:00;5;7;1255;292.2;9989
2025-03-21 07:49:26.948000+00:00;1;7;1255;275.4;9989
2025-03-21 07:49:35.599000+00:00;4;7;1255;348.4;9989
2025-03-21 07:49:42.600000+00:00;81;5;1255;549.0;9989
2025-03-21 07:49:53.115000+00:00;44;7;1255;290.9;9989
2025-03-21 07:50:04.905000+00:00;16;7;1255;330.0;9989
2025-03-21 07:54:12.777000+00:00;55;7;1255;617.5;9989
2025-03-21 07:54:17.167000+00:00;23;7;1255;634.5;9989
2025-03-21 07:55:10.621000+00:00;6;7;1255;667.0;9989
2025-03-21 07:55:20.371000+00:00;22;7;1255;663.4;9989
2025-03-21 07:55:26.433000+00:00;18;7;1255;677.9;9989
2025-03-21 07:55:37.043000+00:00;14;6;1255;768.6;9989
2025-03-21 07:55:44.462000+00:00;87;7;1255;646.0;9989
2025-03-21 07:56:10.518000+00:00;5;10;1255;47.9;9989
2025-03-21 08:06:19.691000+00:00;81;9;1255;542.6;9989
2025-03-21 08:06:30.472000+00:00;4;10;1255;685.5;9989
2025-03-21 08:06:36.441000+00:00;12;15;1255;265.5;9989
2025-03-21 08:06:48.066000+00:00;63;16;1255;272.8;9989
2025-03-21 08:09:25.833000+00:00;23;11;1255;457.9;9989
2025-03-21 08:09:35.271000+00:00;44;13;1255;507.2;9989
2025-03-21 08:09:43.521000+00:00;16;13;1255;510.6;9989
2025-03-21 08:09:47.055000+00:00;18;10;1255;521.5;9989
2025-03-21 08:10:58.442000+00:00;1;10;1255;957.4;9989
2025-03-21 08:11:37.464000+00:00;22;10;1255;639.7;9989
2025-03-22 03:22:20.557000+00:00;55;11;1255;22.4;9993
2025-03-22 07:00:03.193000+00:00;18;1;1255;;9994
2025-03-22 07:00:09.082000+00:00;27;1;1255;;9994
2025-03-22 07:00:17.661000+00:00;5;1;1255;;9994
2025-03-22 07:00:22.969000+00:00;14;1;1255;;9994
2025-03-22 07:00:29.672000+00:00;22;1;1255;;9994
2025-03-22 07:00:31.375000+00:00;55;1;1255;;9994
2025-03-22 07:00:40.512000+00:00;87;1;1255;;9994
2025-03-22 07:00:51.986000+00:00;6;1;1255;;9994
2025-03-22 07:00:56.940000+00:00;31;1;1255;;9994
2025-03-22 07:01:04.991000+00:00;10;1;1255;;9994
2025-03-22 07:01:12.616000+00:00;7;1;1255;;9994
2025-03-22 07:01:30.725000+00:00;30;1;1255;;9994
2025-03-22 07:01:40.788000+00:00;4;1;1255;;9994
2025-03-22 07:01:47.210000+00:00;16;1;1255;;9994
2025-03-22 07:02:01.179000+00:00;44;1;1255;;9994
2025-03-22 07:02:08.719000+00:00;81;1;1255;;9994
2025-03-22 07:02:12.673000+00:00;23;1;1255;;9994
2025-03-22 07:03:11.539000+00:00;12;1;1255;;9994
2025-03-22 07:03:20.209000+00:00;63;1;1255;;9994
2025-03-22 07:04:42.563000+00:00;1;1;1255;;9994
2025-03-22 07:05:46.015000+00:00;18;4;1255;23.5;9994
2025-03-22 07:05:56.733000+00:00;6;3;1255;93.8;9994
2025-03-22 07:06:00.812000+00:00;14;4;1255;30.6;9994
2025-03-22 07:06:10.952000+00:00;22;3;1255;129.8;9994
2025-03-22 07:06:11.015000+00:00;5;4;1255;38.3;9994
2025-03-22 07:06:13.218000+00:00;7;3;1255;64.7;9994
2025-03-22 07:06:15.952000+00:00;55;4;1255;26.8;9994
2025-03-22 07:06:36.359000+00:00;23;3;1255;36.0;9994
2025-03-22 07:07:02.160000+00:00;30;3;1255;111.6;9994
2025-03-22 07:07:07.913000+00:00;10;4;1255;34.9;9994
2025-03-22 07:07:14.054000+00:00;27;4;1255;99.5;9994
2025-03-22 07:07:53.164000+00:00;31;4;1255;82.6;9994
2025-03-22 07:08:03.319000+00:00;87;4;1255;117.0;9994
2025-03-22 07:08:54.760000+00:00;44;4;1255;94.9;9994
2025-03-22 07:09:02.394000+00:00;16;4;1255;109.4;9994
2025-03-22 07:09:11.788000+00:00;63;4;1255;36.8;9994
2025-03-22 07:09:23.882000+00:00;81;4;1255;111.9;9994
2025-03-22 07:09:33.210000+00:00;4;4;1255;149.3;9994
2025-03-22 07:09:35.928000+00:00;12;4;1255;66.4;9994
2025-03-22 07:14:28.112000+00:00;18;7;1255;203.1;9994
2025-03-22 07:14:30.566000+00:00;27;7;1255;115.1;9994
2025-03-22 07:14:32.097000+00:00;14;7;1255;189.1;9994
2025-03-22 07:14:35.394000+00:00;5;7;1255;181.0;9994
2025-03-22 07:15:00.200000+00:00;22;6;1255;199.7;9994
2025-03-22 07:15:15.185000+00:00;6;6;1255;240.1;9994
2025-03-22 07:15:19.144000+00:00;55;7;1255;208.7;9994
2025-03-22 07:15:27.254000+00:00;23;6;1255;203.9;9994
2025-03-22 07:15:35.316000+00:00;30;6;1255;200.2;9994
2025-03-22 07:15:47.476000+00:00;10;7;1255;193.5;9994
2025-03-22 07:15:55.741000+00:00;7;6;1255;248.6;9994
2025-03-22 07:16:02.444000+00:00;31;7;1255;154.5;9994
2025-03-22 07:16:08.578000+00:00;87;7;1255;159.8;9994
2025-03-22 07:26:20.947000+00:00;31;10;1255;287.4;9994
2025-03-22 07:26:22.635000+00:00;12;10;1255;301.6;9994
2025-03-22 07:26:26.681000+00:00;63;10;1255;334.9;9994
2025-03-22 07:26:30.635000+00:00;55;10;1255;324.0;9994
2025-03-22 07:26:54.034000+00:00;6;9;1255;353.4;9994
2025-03-22 07:27:01.691000+00:00;18;10;1255;426.5;9994
2025-03-22 07:27:13.173000+00:00;22;9;1255;391.4;9994
2025-03-22 07:27:24.720000+00:00;14;10;1255;423.6;9994
2025-03-22 07:27:30.782000+00:00;81;9;1255;521.3;9994
2025-03-22 07:27:37.454000+00:00;4;10;1255;393.0;9994
2025-03-22 07:27:47.720000+00:00;44;10;1255;452.3;9994
2025-03-22 07:27:56.204000+00:00;16;10;1255;442.1;9994
2025-03-22 07:28:07.925000+00:00;1;4;1255;1081.3;9994
2025-03-22 07:28:10.862000+00:00;23;9;1255;413.6;9994
2025-03-22 07:28:27.030000+00:00;27;10;1255;510.9;9994
2025-03-22 07:34:52.811000+00:00;12;13;1255;173.7;9994
2025-03-22 07:35:04.670000+00:00;63;13;1255;183.7;9994
2025-03-22 07:35:17.163000+00:00;1;7;1255;105.8;9994
2025-03-22 07:35:22.616000+00:00;27;13;1255;108.6;9994
2025-03-22 07:35:26.881000+00:00;81;12;1255;158.0;9994
2025-03-22 07:35:37.522000+00:00;44;13;1255;156.1;9994
2025-03-22 07:35:48.241000+00:00;16;13;1255;151.2;9994
2025-03-22 07:35:55.185000+00:00;31;13;1255;241.3;9994
2025-03-22 07:36:15.186000+00:00;6;12;1255;236.7;9994
2025-03-22 07:36:25.391000+00:00;22;12;1255;222.0;9994
2025-03-22 07:36:33.672000+00:00;18;13;1255;239.1;9994
2025-03-22 07:36:47.302000+00:00;14;13;1255;235.0;9994
2025-03-22 07:36:50.021000+00:00;23;12;1255;200.3;9994
2025-03-22 07:36:53.834000+00:00;55;13;1255;287.8;9994
2025-03-22 07:48:03.726000+00:00;1;10;1255;446.8;9994
2025-03-22 07:48:04.945000+00:00;63;16;1255;457.4;9994
2025-03-22 07:48:07.695000+00:00;12;17;1255;351.0;9994
2025-03-22 07:48:21.007000+00:00;6;15;1255;394.2;9994
2025-03-22 07:48:29.538000+00:00;22;15;1255;390.0;9994
2025-03-22 07:48:34.570000+00:00;23;15;1255;373.3;9994
2025-03-22 07:48:44.148000+00:00;81;15;1255;470.7;9994
2025-03-22 07:48:56.275000+00:00;44;16;1255;459.3;9994
2025-03-22 07:49:03.128000+00:00;16;16;1255;457.4;9994
2025-03-22 07:49:20.841000+00:00;4;13;1255;974.5;9994
2025-03-22 07:55:58.394000+00:00;23;18;1255;120.8;9994
2025-03-22 07:56:00.864000+00:00;12;20;1255;149.8;9994
2025-03-22 07:56:13.166000+00:00;6;18;1255;153.0;9994
2025-03-22 07:56:23.088000+00:00;1;13;1255;188.5;9994
2025-03-22 07:56:33.641000+00:00;4;16;1255;122.6;9994
2025-03-22 07:56:40.719000+00:00;44;19;1255;136.5;9994
2025-03-22 07:56:49.665000+00:00;81;18;1255;165.9;9994
2025-03-22 07:56:59.607000+00:00;22;18;1255;194.5;9994
2025-03-22 07:57:05.638000+00:00;16;19;1255;156.7;9994
2025-03-22 07:57:33.183000+00:00;63;20;1255;150.4;9994
2025-03-23 07:06:04.340000+00:00;5;1;1255;23.3;9998
2025-03-23 07:20:43.797000+00:00;10;10;1255;23.1;9998
2025-03-23 07:22:18.499000+00:00;22;11;1255;22.5;9998
2025-03-23 07:22:21.442000+00:00;31;11;1255;23.1;9998
2025-03-23 07:22:27.138000+00:00;7;11;1255;22.7;9998
2025-03-23 07:23:56.527000+00:00;12;12;1255;22.6;9998
2025-03-23 07:23:58.830000+00:00;6;12;1255;22.8;9998
2025-03-23 07:25:25.961000+00:00;44;13;1255;22.3;9998
2025-03-23 07:25:31.428000+00:00;1;13;1255;22.4;9998
2025-03-23 07:26:57.330000+00:00;81;14;1255;23.9;9998
2025-03-23 07:27:01.301000+00:00;63;14;1255;22.3;9998
2025-03-23 07:28:37.122000+00:00;4;15;1255;22.2;9998
2025-03-23 07:28:42.400000+00:00;16;15;1255;22.1;9998
2025-03-23 07:32:20.876000+00:00;55;17;1255;22.7;9998
2025-03-23 07:34:04.511000+00:00;30;18;1255;22.5;9998
2025-03-23 07:37:11.934000+00:00;23;20;1255;23.3;9998
2025-03-23 07:37:39.712000+00:00;27;20;1255;22.9;9998
2025-03-23 07:47:11.717000+00:00;87;26;1255;22.8;9998
2025-03-23 07:47:46.464000+00:00;5;26;1255;22.7;9998
2025-03-23 07:54:02.377000+00:00;30;30;1255;22.3;9998
2025-03-23 07:58:46.013000+00:00;6;33;1255;22.2;9998
2025-03-23 08:01:56.363000+00:00;22;35;1255;22.5;9998
2025-03-23 08:03:32.315000+00:00;18;36;1255;22.9;9998
2025-03-23 08:04:48.698000+00:00;44;37;1255;22.3;9998
2025-03-23 08:20:25.204000+00:00;22;46;1255;38.1;9998
2025-04-04 02:30:03.442000+00:00;87;1;1256;;9999
2025-04-04 02:30:06.792000+00:00;81;1;1256;;9999
2025-04-04 02:30:12.886000+00:00;16;1;1256;;9999
2025-04-04 02:30:24.224000+00:00;44;1;1256;;9999
2025-04-04 02:30:29.133000+00:00;6;1;1256;;9999
2025-04-04 02:30:34.995000+00:00;30;1;1256;;9999
2025-04-04 02:30:43.215000+00:00;1;1;1256;;9999
2025-04-04 02:30:46.306000+00:00;55;1;1256;;9999
2025-04-04 02:31:00.205000+00:00;22;1;1256;;9999
2025-04-04 02:31:10.039000+00:00;23;1;1256;;9999
2025-04-04 02:31:12.610000+00:00;27;1;1256;;9999
2025-04-04 02:31:18.793000+00:00;5;1;1256;;9999
2025-04-04 02:31:22.825000+00:00;31;1;1256;;9999
2025-04-04 02:31:32.086000+00:00;62;1;1256;;9999
2025-04-04 02:31:37.568000+00:00;14;1;1256;;9999
2025-04-04 02:31:38.191000+00:00;12;1;1256;;9999
2025-04-04 02:32:12.352000+00:00;18;1;1256;;9999
2025-04-04 02:32:46.610000+00:00;4;1;1256;;9999
2025-04-04 02:32:50.417000+00:00;63;1;1256;;9999
2025-04-04 02:34:11.189000+00:00;10;1;1256;;9999
2025-04-04 02:36:29.485000+00:00;63;3;1256;27.3;9999
2025-04-04 02:40:14.217000+00:00;27;2;1256;424.0;9999
2025-04-04 02:40:25.115000+00:00;30;6;1256;33.5;9999
2025-04-04 02:41:32.064000+00:00;23;6;1256;43.6;9999
2025-04-04 02:42:16.346000+00:00;87;2;1256;613.1;9999
2025-04-04 02:44:29.399000+00:00;55;8;1256;19.0;9999
2025-04-04 02:45:47.391000+00:00;14;8;1256;57.7;9999
2025-04-04 02:46:04.512000+00:00;6;9;1256;31.3;9999
2025-04-04 02:46:51.111000+00:00;55;9;1256;39.5;9999
2025-04-04 02:47:03.108000+00:00;18;8;1256;55.7;9999
2025-04-04 02:48:36.163000+00:00;1;6;1256;434.8;9999
2025-04-04 02:54:50.077000+00:00;63;10;1256;249.8;9999
2025-04-04 02:55:11.854000+00:00;4;8;1256;523.7;9999
2025-04-04 02:55:42.701000+00:00;81;8;1256;749.7;9999
2025-04-04 02:55:52.385000+00:00;5;8;1256;681.3;9999
2025-04-04 02:56:00.149000+00:00;55;12;1256;240.6;9999
2025-04-04 02:56:08.284000+00:00;12;10;1256;387.6;9999
2025-04-04 02:57:19.517000+00:00;23;11;1256;384.6;9999
2025-04-04 02:57:38.206000+00:00;22;10;1256;463.1;9999
2025-04-04 02:57:56.131000+00:00;31;10;1256;508.3;9999
2025-04-04 02:58:00.206000+00:00;16;10;1256;620.8;9999
2025-04-04 03:00:11.696000+00:00;1;9;1256;378.9;9999
2025-04-04 03:00:28.711000+00:00;44;10;1256;655.1;9999
2025-04-04 03:01:39.767000+00:00;81;11;1256;28.2;9999
2025-04-04 03:01:59.185000+00:00;30;14;1256;390.7;9999
2025-04-04 03:02:07.976000+00:00;6;14;1256;442.8;9999
2025-04-04 03:02:09.858000+00:00;5;11;1256;34.6;9999
2025-04-04 03:02:12.691000+00:00;55;15;1256;33.9;9999
2025-04-04 03:02:16.220000+00:00;4;10;1256;222.0;9999
2025-04-04 03:02:35.913000+00:00;12;13;1256;30.8;9999
2025-04-04 03:02:50.021000+00:00;10;10;1256;722.0;9999
2025-04-04 03:03:00.036000+00:00;62;11;1256;719.7;9999
2025-04-04 03:03:36.626000+00:00;23;14;1256;26.9;9999
2025-04-04 03:04:08.560000+00:00;31;13;1256;30.3;9999
2025-04-04 03:05:01.533000+00:00;14;13;1256;579.7;9999
2025-04-04 03:05:07.100000+00:00;18;13;1256;499.6;9999
2025-04-04 03:05:56.335000+00:00;27;9;1256;772.9;9999
2025-04-04 03:08:04.142000+00:00;30;17;1256;31.7;9999
2025-04-04 03:08:18.565000+00:00;55;18;1256;27.1;9999
2025-04-04 03:08:26.135000+00:00;6;17;1256;29.6;9999
2025-04-04 03:08:56.738000+00:00;87;11;1256;533.3;9999
2025-04-04 03:09:04.236000+00:00;62;14;1256;34.3;9999
2025-04-04 03:11:33.059000+00:00;14;16;1256;34.2;9999
2025-04-04 03:11:51.711000+00:00;18;16;1256;28.1;9999
2025-04-04 03:12:04.946000+00:00;63;16;1256;330.3;9999
2025-04-04 03:12:12.817000+00:00;27;12;1256;33.3;9999
2025-04-04 03:12:24.368000+00:00;5;14;1256;290.7;9999
2025-04-04 03:13:08.809000+00:00;12;16;1256;280.5;9999
2025-04-04 03:14:28.810000+00:00;1;12;1256;505.1;9999
2025-04-04 03:14:46.921000+00:00;81;14;1256;458.3;9999
2025-04-04 03:15:25.504000+00:00;16;16;1256;338.6;9999
2025-04-04 03:17:22.076000+00:00;4;15;1256;320.1;9999
2025-04-04 03:17:50.353000+00:00;22;16;1256;466.4;9999
2025-04-04 03:17:58.087000+00:00;30;19;1256;375.9;9999
2025-04-04 03:18:17.390000+00:00;44;16;1256;348.1;9999
2025-04-04 03:18:51.167000+00:00;6;20;1256;313.2;9999
2025-04-04 03:20:18.662000+00:00;10;16;1256;360.5;9999
2025-04-04 03:20:20.485000+00:00;30;20;1256;29.0;9999
2025-04-04 03:20:40.588000+00:00;62;17;1256;353.1;9999
2025-04-04 03:21:07.948000+00:00;6;21;1256;23.2;9999
2025-04-04 03:21:16.308000+00:00;55;21;1256;451.7;9999
2025-04-04 03:21:58.239000+00:00;27;14;1256;375.9;9999
2025-04-04 03:22:06.275000+00:00;18;19;1256;273.7;9999
2025-04-04 03:22:18.344000+00:00;14;19;1256;311.6;9999
2025-04-04 03:22:26.266000+00:00;23;19;1256;549.2;9999
2025-04-04 03:22:39.686000+00:00;31;16;1256;759.4;9999
2025-04-04 03:27:41.607000+00:00;87;14;1256;779.3;9999
2025-04-04 06:00:08.727000+00:00;7;1;1256;;10000
2025-04-04 06:00:11.415000+00:00;55;1;1256;;10000
2025-04-04 06:00:16.696000+00:00;10;1;1256;;10000
2025-04-04 06:00:23.618000+00:00;30;1;1256;;10000
2025-04-04 06:00:30.305000+00:00;23;1;1256;;10000
2025-04-04 06:00:34.118000+00:00;5;1;1256;;10000
2025-04-04 06:00:36.852000+00:00;16;1;1256;;10000
2025-04-04 06:00:40.477000+00:00;22;1;1256;;10000
2025-04-04 06:00:43.430000+00:00;31;1;1256;;10000
2025-04-04 06:00:44.196000+00:00;27;1;1256;;10000
2025-04-04 06:00:53.759000+00:00;87;1;1256;;10000
2025-04-04 06:00:59.017000+00:00;6;1;1256;;10000
2025-04-04 06:01:08.881000+00:00;44;1;1256;;10000
2025-04-04 06:01:12.303000+00:00;14;1;1256;;10000
2025-04-04 06:01:27.131000+00:00;18;1;1256;;10000
2025-04-04 06:01:29.334000+00:00;12;1;1256;;10000
2025-04-04 06:01:35.240000+00:00;81;1;1256;;10000
2025-04-04 06:02:34.272000+00:00;63;1;1256;;10000
2025-04-04 06:03:54.554000+00:00;4;1;1256;;10000
2025-04-04 06:04:29.054000+00:00;1;1;1256;;10000
2025-04-04 06:30:05.101000+00:00;4;3;1256;;10000
2025-04-04 06:30:12.070000+00:00;81;4;1256;;10000
2025-04-04 06:30:17.852000+00:00;12;4;1256;;10000
2025-04-04 06:30:24.773000+00:00;63;4;1256;;10000
2025-04-04 06:30:34.898000+00:00;22;5;1256;;10000
2025-04-04 06:30:41.445000+00:00;18;4;1256;;10000
2025-04-04 06:30:41.805000+00:00;16;5;1256;;10000
2025-04-04 06:30:49.367000+00:00;44;5;1256;;10000
2025-04-04 06:30:58.305000+00:00;14;4;1256;;10000
2025-04-04 06:30:59.914000+00:00;55;2;1256;1737.7;10000
2025-04-04 06:31:04.742000+00:00;30;5;1256;;10000
2025-04-04 06:31:15.086000+00:00;10;5;1256;;10000
2025-04-04 06:31:23.399000+00:00;31;5;1256;;10000
2025-04-04 06:31:33.196000+00:00;23;5;1256;;10000
2025-04-04 06:31:42.383000+00:00;5;5;1256;;10000
2025-04-04 06:31:58.087000+00:00;87;4;1256;;10000
2025-04-04 06:32:10.165000+00:00;6;5;1256;;10000
2025-04-04 06:32:19.384000+00:00;27;5;1256;;10000
2025-04-04 06:33:21.306000+00:00;1;3;1256;;10000
2025-04-04 06:33:47.150000+00:00;4;5;1256;29.0;10000
2025-04-04 06:41:02.906000+00:00;16;8;1256;;10000
2025-04-04 06:41:04.656000+00:00;10;7;1256;;10000
2025-04-04 06:41:07.203000+00:00;1;4;1256;;10000
2025-04-04 06:41:10.203000+00:00;44;7;1256;;10000
2025-04-04 06:41:11.031000+00:00;63;6;1256;;10000
2025-04-04 06:41:13.078000+00:00;5;7;1256;;10000
2025-04-04 06:41:16.375000+00:00;6;6;1256;;10000
2025-04-04 06:41:38.531000+00:00;18;6;1256;;10000
2025-04-04 06:41:46.688000+00:00;30;7;1256;;10000
2025-04-04 06:41:52.859000+00:00;31;7;1256;;10000
2025-04-04 06:42:09.828000+00:00;27;6;1256;;10000
2025-04-04 06:42:13.219000+00:00;55;4;1256;2411.0;10000
2025-04-04 06:42:20.922000+00:00;81;7;1256;;10000
2025-04-04 06:42:35.047000+00:00;4;6;1256;557.0;10000
2025-04-04 06:42:41.532000+00:00;12;7;1256;;10000
2025-04-04 06:42:50.797000+00:00;87;5;1256;;10000
2025-04-04 06:43:39.423000+00:00;22;7;1256;;10000
2025-04-04 06:44:40.424000+00:00;23;7;1256;;10000
2025-04-04 06:53:02.814000+00:00;16;11;1256;;10000
2025-04-04 06:53:04.814000+00:00;63;9;1256;418.8;10000
2025-04-04 06:53:06.798000+00:00;81;10;1256;;10000
2025-04-04 06:53:09.001000+00:00;44;10;1256;;10000
2025-04-04 06:53:12.439000+00:00;18;9;1256;;10000
2025-04-04 06:53:14.220000+00:00;4;9;1256;1195.8;10000
2025-04-04 06:53:18.142000+00:00;10;10;1256;;10000
2025-04-04 06:53:22.251000+00:00;22;9;1256;;10000
2025-04-04 06:53:33.798000+00:00;6;9;1256;;10000
2025-04-04 06:53:36.548000+00:00;23;8;1256;;10000
2025-04-04 06:53:51.811000+00:00;30;10;1256;;10000
2025-04-04 06:53:58.233000+00:00;31;10;1256;;10000
2025-04-04 06:54:02.748000+00:00;55;7;1256;3120.4;10000
2025-04-04 06:54:05.358000+00:00;12;10;1256;;10000
2025-04-04 06:54:17.561000+00:00;27;9;1256;;10000
2025-04-04 06:54:27.170000+00:00;5;10;1256;;10000
2025-04-04 06:54:35.717000+00:00;87;7;1256;;10000
2025-04-04 06:55:05.139000+00:00;1;7;1256;;10000
2025-04-05 02:30:07.317000+00:00;7;1;1256;;10001
2025-04-05 02:30:10.817000+00:00;1;1;1256;;10001
2025-04-05 02:30:14.551000+00:00;63;1;1256;;10001
2025-04-05 02:30:23.848000+00:00;6;1;1256;;10001
2025-04-05 02:30:28.286000+00:00;30;1;1256;;10001
2025-04-05 02:30:32.083000+00:00;5;1;1256;;10001
2025-04-05 02:30:38.583000+00:00;18;1;1256;;10001
2025-04-05 02:30:44.317000+00:00;87;1;1256;;10001
2025-04-05 02:30:46.458000+00:00;4;1;1256;;10001
2025-04-05 02:30:51.939000+00:00;12;1;1256;;10001
2025-04-05 02:30:53.783000+00:00;14;1;1256;;10001
2025-04-05 02:31:01.892000+00:00;22;1;1256;;10001
2025-04-05 02:31:25.474000+00:00;81;1;1256;;10001
2025-04-05 02:31:27.255000+00:00;55;1;1256;;10001
2025-04-05 02:32:14.896000+00:00;27;1;1256;;10001
2025-04-05 02:33:16.491000+00:00;18;2;1256;25.4;10001
2025-04-05 02:33:42.660000+00:00;14;2;1256;28.8;10001
2025-04-05 02:34:26.051000+00:00;31;1;1256;;10001
2025-04-05 02:34:30.488000+00:00;23;1;1256;;10001
2025-04-05 02:35:06.051000+00:00;44;1;1256;;10001
2025-04-05 02:44:03.364000+00:00;4;2;1256;685.1;10001
2025-04-05 02:44:05.586000+00:00;18;3;1256;526.4;10001
2025-04-05 02:44:12.993000+00:00;16;1;1256;;10001
2025-04-05 02:44:16.466000+00:00;12;4;1256;;10001
2025-04-05 02:44:23.089000+00:00;31;2;1256;;10001
2025-04-05 02:44:38.015000+00:00;30;4;1256;514.6;10001
2025-04-05 02:44:39.403000+00:00;55;4;1256;;10001
2025-04-05 02:44:43.679000+00:00;14;3;1256;521.5;10001
2025-04-05 02:44:46.414000+00:00;81;2;1256;678.0;10001
2025-04-05 02:44:47.773000+00:00;10;1;1256;;10001
2025-04-05 02:44:53.831000+00:00;87;2;1256;704.4;10001
2025-04-05 02:45:07.886000+00:00;23;2;1256;;10001
2025-04-05 02:45:10.870000+00:00;1;5;1256;;10001
2025-04-05 02:45:14.542000+00:00;22;4;1256;;10001
2025-04-05 02:45:19.651000+00:00;44;2;1256;;10001
2025-04-05 02:45:22.683000+00:00;27;4;1256;;10001
2025-04-05 02:45:27.526000+00:00;5;4;1256;;10001
2025-04-05 02:46:08.370000+00:00;6;3;1256;705.8;10001
2025-04-05 02:48:25.481000+00:00;63;2;1256;976.3;10001
2025-04-05 02:49:03.453000+00:00;7;5;1256;;10001
2025-04-05 02:50:40.441000+00:00;16;4;1256;28.8;10001
2025-04-05 02:52:09.442000+00:00;44;5;1256;31.1;10001
2025-04-05 02:52:11.208000+00:00;22;7;1256;28.6;10001
2025-04-05 02:52:59.805000+00:00;12;7;1256;176.6;10001
2025-04-05 02:53:33.187000+00:00;23;6;1256;26.3;10001
2025-04-05 02:54:58.953000+00:00;63;5;1256;27.2;10001
2025-04-05 02:55:22.422000+00:00;30;7;1256;325.2;10001
2025-04-05 02:55:29.141000+00:00;10;6;1256;28.5;10001
2025-04-05 02:56:46.654000+00:00;5;6;1256;411.0;10001
2025-04-05 02:57:15.920000+00:00;27;7;1256;365.8;10001
2025-04-05 02:58:48.389000+00:00;22;10;1256;20.0;10001
2025-04-05 02:59:12.967000+00:00;55;11;1256;40.2;10001
2025-04-05 02:59:27.936000+00:00;18;8;1256;337.5;10001
2025-04-05 02:59:37.514000+00:00;31;7;1256;344.9;10001
2025-04-05 03:00:30.159000+00:00;87;7;1256;325.0;10001
2025-04-05 03:01:34.956000+00:00;63;8;1256;28.0;10001
2025-04-05 03:01:55.019000+00:00;6;9;1256;282.2;10001
2025-04-05 03:02:29.129000+00:00;14;9;1256;363.5;10001
2025-04-05 03:03:08.629000+00:00;44;8;1256;303.0;10001
2025-04-05 03:03:52.301000+00:00;16;7;1256;445.2;10001
2025-04-05 03:10:36.101000+00:00;22;13;1256;369.3;10001
2025-04-05 03:11:47.555000+00:00;4;12;1256;635.2;10001
2025-04-05 03:12:11.633000+00:00;1;16;1256;512.3;10001
2025-04-05 03:13:05.837000+00:00;81;12;1256;651.8;10001
2025-04-05 03:13:55.665000+00:00;10;11;1256;544.4;10001
2025-04-05 03:14:19.869000+00:00;7;11;1256;832.6;10001
2025-04-05 03:14:41.884000+00:00;63;11;1256;463.1;10001
2025-04-05 03:14:44.509000+00:00;12;16;1256;441.7;10001
2025-04-05 03:15:22.400000+00:00;55;19;1256;201.5;10001
2025-04-05 03:15:26.604000+00:00;23;16;1256;329.9;10001
2025-04-05 03:16:51.292000+00:00;6;14;1256;399.1;10001
2025-04-05 03:17:08.917000+00:00;16;10;1256;494.0;10001
2025-04-05 03:17:17.948000+00:00;44;11;1256;541.7;10001
2025-04-05 03:17:44.792000+00:00;30;17;1256;362.4;10001
2025-04-05 03:18:16.652000+00:00;5;12;1256;637.0;10001
2025-04-05 03:18:54.746000+00:00;81;15;1256;26.9;10001
2025-04-05 03:18:59.309000+00:00;1;19;1256;26.1;10001
2025-04-05 03:20:05.481000+00:00;31;16;1256;361.0;10001
2025-04-05 03:20:10.465000+00:00;10;14;1256;32.6;10001
2025-04-05 03:20:49.888000+00:00;87;16;1256;347.4;10001
2025-04-05 03:21:25.122000+00:00;18;16;1256;386.9;10001
2025-04-05 03:21:31.669000+00:00;27;16;1256;599.5;10001
2025-04-05 03:21:42.576000+00:00;55;22;1256;37.2;10001
2025-04-05 03:21:45.982000+00:00;14;17;1256;345.4;10001
2025-04-05 06:00:03.895000+00:00;31;1;1256;;10002
2025-04-05 06:00:12.224000+00:00;87;1;1256;;10002
2025-04-05 06:00:18.005000+00:00;7;1;1256;;10002
2025-04-05 06:00:21.411000+00:00;55;1;1256;;10002
2025-04-05 06:00:41.880000+00:00;27;1;1256;;10002
2025-04-05 06:00:56.521000+00:00;5;1;1256;;10002
2025-04-05 06:01:06.240000+00:00;16;1;1256;;10002
2025-04-05 06:01:16.927000+00:00;44;1;1256;;10002
2025-04-05 06:01:28.990000+00:00;4;1;1256;;10002
2025-04-05 06:01:37.256000+00:00;23;1;1256;;10002
2025-04-05 06:01:57.396000+00:00;22;1;1256;;10002
2025-04-05 06:02:48.772000+00:00;1;1;1256;;10002
2025-04-05 06:03:23.897000+00:00;81;1;1256;;10002
2025-04-05 06:03:31.256000+00:00;18;1;1256;;10002
2025-04-05 06:03:41.569000+00:00;14;1;1256;;10002
2025-04-05 06:03:48.804000+00:00;63;1;1256;;10002
2025-04-05 06:03:53.288000+00:00;12;1;1256;;10002
2025-04-05 06:04:42.523000+00:00;10;1;1256;;10002
2025-04-05 06:04:51.757000+00:00;6;1;1256;;10002
2025-04-05 06:05:03.054000+00:00;30;1;1256;;10002
2025-04-05 06:06:16.039000+00:00;27;4;1256;25.9;10002
2025-04-05 06:06:30.023000+00:00;5;4;1256;26.9;10002
2025-04-05 06:06:49.977000+00:00;7;4;1256;76.2;10002
2025-04-05 06:07:02.242000+00:00;16;4;1256;35.9;10002
2025-04-05 06:07:07.196000+00:00;31;4;1256;115.5;10002
2025-04-05 06:07:30.727000+00:00;87;4;1256;138.1;10002
2025-04-05 06:08:08.962000+00:00;44;4;1256;118.9;10002
2025-04-05 06:11:12.092000+00:00;23;4;1256;270.3;10002
2025-04-05 06:13:24.666000+00:00;1;4;1256;303.9;10002
2025-04-05 06:13:29.399000+00:00;22;4;1256;350.5;10002
2025-04-05 06:13:32.676000+00:00;81;4;1256;281.7;10002
2025-04-05 06:13:38.836000+00:00;63;4;1256;262.6;10002
2025-04-05 06:13:42.178000+00:00;12;4;1256;259.7;10002
2025-04-05 06:13:52.992000+00:00;18;4;1256;293.6;10002
2025-04-05 06:14:18.174000+00:00;14;4;1256;315.1;10002
2025-04-05 06:14:22.111000+00:00;55;7;1256;191.1;10002
2025-04-05 06:14:31.071000+00:00;10;4;1256;267.7;10002
2025-04-05 06:14:39.914000+00:00;7;7;1256;167.3;10002
2025-04-05 06:14:58.731000+00:00;6;4;1256;290.6;10002
2025-04-05 06:15:05.169000+00:00;31;7;1256;158.1;10002
2025-04-05 06:15:19.294000+00:00;27;7;1256;232.8;10002
2025-04-05 06:15:31.341000+00:00;5;7;1256;226.2;10002
2025-04-05 06:15:44.341000+00:00;30;4;1256;331.1;10002
2025-04-05 06:15:45.278000+00:00;87;7;1256;197.5;10002
2025-04-05 06:25:03.192000+00:00;1;7;1256;381.8;10002
2025-04-05 06:25:11.286000+00:00;87;10;1256;254.2;10002
2025-04-05 06:25:24.411000+00:00;10;7;1256;322.6;10002
2025-04-05 06:25:33.598000+00:00;22;7;1256;380.7;10002
2025-04-05 06:25:40.895000+00:00;16;7;1256;795.7;10002
2025-04-05 06:25:49.255000+00:00;44;10;1256;394.6;10002
2025-04-05 06:26:04.005000+00:00;4;7;1256;829.6;10002
2025-04-05 06:26:21.224000+00:00;30;7;1256;329.5;10002
2025-04-05 06:26:36.055000+00:00;14;7;1256;406.8;10002
2025-04-05 06:26:47.936000+00:00;6;7;1256;401.2;10002
2025-04-05 06:26:55.561000+00:00;81;7;1256;468.9;10002
2025-04-05 06:27:02.233000+00:00;63;7;1256;462.3;10002
2025-04-05 06:27:05.905000+00:00;12;7;1256;464.3;10002
2025-04-05 06:27:33.249000+00:00;55;10;1256;471.4;10002
2025-04-05 06:27:43.968000+00:00;23;7;1256;677.0;10002
2025-04-05 06:39:04.848000+00:00;44;13;1256;475.5;10002
2025-04-05 06:39:10.223000+00:00;16;10;1256;485.4;10002
2025-04-05 06:40:17.474000+00:00;23;10;1256;1430.5;10002
2025-04-05 06:41:52.653000+00:00;22;10;1256;655.9;10002
2025-04-05 06:42:07.606000+00:00;12;10;1256;1366.4;10002
2025-04-05 06:42:15.872000+00:00;63;10;1256;1376.2;10002
2025-04-05 06:42:24.872000+00:00;6;10;1256;1338.0;10002
2025-04-05 06:42:36.935000+00:00;30;10;1256;676.4;10002
2025-04-05 06:42:50.841000+00:00;14;10;1256;1381.7;10002
2025-04-05 06:43:00.716000+00:00;87;13;1256;753.3;10002
2025-04-05 06:43:08.951000+00:00;10;10;1256;744.4;10002
2025-04-05 06:43:22.279000+00:00;1;10;1256;772.2;10002
2025-04-05 06:43:35.826000+00:00;81;10;1256;1469.4;10002
2025-04-05 06:43:39.107000+00:00;55;13;1256;1437.2;10002
2025-04-05 06:44:01.435000+00:00;23;12;1256;28.5;10002
2025-04-05 06:44:53.283000+00:00;16;13;1256;34.3;10002
2025-04-05 06:45:06.424000+00:00;44;16;1256;43.3;10002
2025-04-05 06:56:03.147000+00:00;87;16;1256;464.9;10002
2025-04-05 06:56:09.225000+00:00;12;13;1256;524.5;10002
2025-04-05 06:56:16.225000+00:00;63;12;1256;618.0;10002
2025-04-05 06:56:28.069000+00:00;6;13;1256;522.3;10002
2025-04-05 06:56:40.913000+00:00;1;12;1256;582.5;10002
2025-04-05 06:56:47.960000+00:00;81;13;1256;469.5;10002
2025-04-05 06:56:58.241000+00:00;4;10;1256;1533.2;10002
2025-04-05 06:57:09.413000+00:00;44;18;1256;498.7;10002
2025-04-05 06:57:13.007000+00:00;23;15;1256;482.2;10002
2025-04-05 06:57:26.918000+00:00;16;16;1256;432.1;10002
2025-04-05 07:03:57.679000+00:00;87;19;1256;177.6;10002
2025-04-05 07:04:03.398000+00:00;12;16;1256;165.2;10002
2025-04-05 07:04:08.086000+00:00;63;15;1256;163.6;10002
2025-04-05 07:04:20.648000+00:00;6;16;1256;172.5;10002
2025-04-05 07:04:30.070000+00:00;4;13;1256;144.9;10002
2025-04-05 07:04:43.742000+00:00;44;21;1256;151.7;10002
2025-04-05 07:04:47.867000+00:00;23;18;1256;147.9;10002
2025-04-05 07:05:04.383000+00:00;16;19;1256;154.2;10002
2025-04-05 07:05:20.055000+00:00;1;15;1256;217.4;10002
2025-04-05 07:05:26.196000+00:00;81;16;1256;203.1;10002
2025-04-06 05:28:10.894000+00:00;7;15;1256;23.3;10006
2025-04-06 05:33:59.151000+00:00;63;19;1256;23.1;10006
2025-04-06 05:35:27.240000+00:00;81;20;1256;23.0;10006
2025-04-06 05:36:57.801000+00:00;1;21;1256;24.3;10006
2025-04-06 05:36:57.941000+00:00;4;21;1256;23.2;10006
2025-04-06 05:37:04.066000+00:00;16;21;1256;23.3;10006
2025-04-06 05:39:09.177000+00:00;27;22;1256;23.5;10006
2025-04-06 05:40:33.084000+00:00;87;23;1256;24.8;10006
2025-04-06 05:40:38.849000+00:00;22;23;1256;24.1;10006
2025-04-06 05:41:59.678000+00:00;23;24;1256;23.0;10006
2025-04-06 05:42:11.422000+00:00;14;24;1256;25.7;10006
2025-04-06 05:42:14.929000+00:00;10;24;1256;26.0;10006
2025-04-06 05:43:29.757000+00:00;6;25;1256;23.3;10006
2025-04-06 05:51:11.930000+00:00;44;30;1256;22.9;10006
2025-04-06 05:52:06.619000+00:00;18;30;1256;23.6;10006
2025-04-06 05:52:41.258000+00:00;12;31;1256;24.3;10006
2025-04-06 05:53:22.478000+00:00;5;31;1256;23.4;10006
2025-04-06 05:54:54.863000+00:00;31;32;1256;24.4;10006
2025-04-06 05:56:25.345000+00:00;30;33;1256;23.6;10006
2025-04-06 05:56:27.189000+00:00;55;33;1256;23.3;10006
2025-04-11 11:30:05.941000+00:00;37;1;1257;;10007
2025-04-11 11:30:13.391000+00:00;46;1;1257;;10007
2025-04-11 11:30:17.869000+00:00;50;1;1257;;10007
2025-04-11 11:30:20.471000+00:00;31;1;1257;;10007
2025-04-11 11:30:22.627000+00:00;5;1;1257;;10007
2025-04-11 11:30:26.592000+00:00;30;1;1257;;10007
2025-04-11 11:30:45.222000+00:00;7;1;1257;;10007
2025-04-11 11:30:48.582000+00:00;72;1;1257;;10007
2025-04-11 11:30:51.720000+00:00;38;1;1257;;10007
2025-04-11 11:30:53.875000+00:00;12;1;1257;;10007
2025-04-11 11:31:02.853000+00:00;44;1;1257;;10007
2025-04-11 11:31:07.062000+00:00;10;1;1257;;10007
2025-04-11 11:31:11.433000+00:00;22;1;1257;;10007
2025-04-11 11:31:15.261000+00:00;4;1;1257;;10007
2025-04-11 11:31:18.392000+00:00;18;1;1257;;10007
2025-04-11 11:31:24.140000+00:00;27;1;1257;;10007
2025-04-11 11:31:25.787000+00:00;34;1;1257;;10007
2025-04-11 11:31:36.227000+00:00;23;1;1257;;10007
2025-04-11 11:31:40.293000+00:00;81;1;1257;;10007
2025-04-11 11:32:11.487000+00:00;6;1;1257;;10007
2025-04-11 11:37:40.549000+00:00;30;4;1257;24.4;10007
2025-04-11 11:41:37.952000+00:00;6;4;1257;206.1;10007
2025-04-11 11:41:56.313000+00:00;7;6;1257;29.9;10007
2025-04-11 11:43:00.455000+00:00;23;6;1257;41.2;10007
2025-04-11 11:43:03.223000+00:00;81;6;1257;19.0;10007
2025-04-11 11:43:07.043000+00:00;46;3;1257;509.3;10007
2025-04-11 11:44:57.987000+00:00;30;7;1257;34.0;10007
2025-04-11 11:46:21.628000+00:00;37;5;1257;540.7;10007
2025-04-11 11:46:35.734000+00:00;10;8;1257;19.0;10007
2025-04-11 11:47:17.336000+00:00;18;8;1257;51.2;10007
2025-04-11 11:48:51.733000+00:00;6;7;1257;45.6;10007
2025-04-11 11:48:56.065000+00:00;7;9;1257;30.0;10007
2025-04-11 11:49:20.619000+00:00;4;6;1257;432.2;10007
2025-04-11 11:49:23.135000+00:00;46;6;1257;33.0;10007
2025-04-11 11:49:44.222000+00:00;22;9;1257;19.4;10007
2025-04-11 11:51:48.786000+00:00;46;7;1257;32.8;10007
2025-04-11 11:52:57.923000+00:00;34;6;1257;655.1;10007
2025-04-11 11:55:35.209000+00:00;72;10;1257;354.0;10007
2025-04-11 11:55:55.934000+00:00;23;12;1257;28.2;10007
2025-04-11 11:56:00.405000+00:00;5;9;1257;539.2;10007
2025-04-11 11:58:30.232000+00:00;50;9;1257;737.8;10007
2025-04-11 11:58:34.268000+00:00;27;11;1257;402.9;10007
2025-04-11 11:59:30.927000+00:00;46;8;1257;349.1;10007
2025-04-11 11:59:56.529000+00:00;37;11;1257;34.1;10007
2025-04-11 12:00:36.251000+00:00;81;9;1257;693.0;10007
2025-04-11 12:01:08.428000+00:00;44;9;1257;804.7;10007
2025-04-11 12:02:05.817000+00:00;6;10;1257;443.3;10007
2025-04-11 12:02:23.505000+00:00;31;9;1257;882.0;10007
2025-04-11 12:02:45.430000+00:00;30;13;1257;316.0;10007
2025-04-11 12:02:49.288000+00:00;5;12;1257;32.0;10007
2025-04-11 12:03:28.264000+00:00;7;11;1257;594.7;10007
2025-04-11 12:03:34.985000+00:00;22;11;1257;586.9;10007
2025-04-11 12:03:36.437000+00:00;23;13;1257;343.7;10007
2025-04-11 12:03:59.534000+00:00;10;11;1257;688.5;10007
2025-04-11 12:05:29.629000+00:00;27;14;1257;34.3;10007
2025-04-11 12:05:51.523000+00:00;50;12;1257;63.2;10007
2025-04-11 12:06:46.483000+00:00;18;13;1257;571.6;10007
2025-04-11 12:07:03.610000+00:00;38;9;1257;1288.8;10007
2025-04-11 12:08:20.064000+00:00;46;10;1257;318.0;10007
2025-04-11 12:09:35.416000+00:00;31;12;1257;22.4;10007
2025-04-11 12:10:13.118000+00:00;7;14;1257;19.0;10007
2025-04-11 12:10:45.720000+00:00;23;16;1257;25.8;10007
2025-04-11 12:10:48.674000+00:00;10;14;1257;25.6;10007
2025-04-11 12:11:18.041000+00:00;81;12;1257;253.2;10007
2025-04-11 12:11:20.164000+00:00;30;16;1257;143.8;10007
2025-04-11 12:11:41.024000+00:00;6;13;1257;188.9;10007
2025-04-11 12:11:46.596000+00:00;4;11;1257;715.0;10007
2025-04-11 12:12:17.715000+00:00;46;12;1257;31.6;10007
2025-04-11 12:14:13.242000+00:00;37;14;1257;500.4;10007
2025-04-11 12:14:38.675000+00:00;46;13;1257;37.6;10007
2025-04-11 12:15:10.152000+00:00;72;16;1257;390.2;10007
2025-04-11 12:18:04.416000+00:00;34;14;1257;478.5;10007
2025-04-11 12:18:09.110000+00:00;5;15;1257;545.3;10007
2025-04-11 12:18:36.760000+00:00;27;16;1257;544.2;10007
2025-04-11 12:19:30.895000+00:00;38;13;1257;288.5;10007
2025-04-11 12:19:53.364000+00:00;22;16;1257;342.7;10007
2025-04-11 12:20:44.797000+00:00;44;17;1257;356.9;10007
2025-04-11 12:20:49.626000+00:00;37;17;1257;32.1;10007
2025-04-11 12:20:59.951000+00:00;46;14;1257;280.4;10007
2025-04-11 12:21:58.121000+00:00;7;17;1257;343.1;10007
2025-04-11 12:22:07.788000+00:00;10;17;1257;300.3;10007
2025-04-11 12:22:26.267000+00:00;6;16;1257;298.7;10007
2025-04-11 12:23:21.223000+00:00;23;19;1257;361.0;10007
2025-04-11 12:24:29.237000+00:00;50;15;1257;782.5;10007
2025-04-11 12:24:31.928000+00:00;31;14;1257;644.3;10007
2025-04-11 12:24:59.048000+00:00;6;17;1257;31.2;10007
2025-04-11 12:25:04.284000+00:00;34;17;1257;31.9;10007
2025-04-11 12:25:10.289000+00:00;18;19;1257;289.8;10007
2025-04-11 12:25:23.627000+00:00;30;19;1257;465.0;10007
2025-04-11 12:28:21.453000+00:00;81;22;1257;25.3;10007
2025-04-11 15:00:03.612000+00:00;16;1;1257;;10008
2025-04-11 15:00:08.300000+00:00;87;1;1257;;10008
2025-04-11 15:00:12.864000+00:00;5;1;1257;;10008
2025-04-11 15:00:15.556000+00:00;31;1;1257;;10008
2025-04-11 15:00:20.400000+00:00;27;1;1257;;10008
2025-04-11 15:00:25.362000+00:00;30;1;1257;;10008
2025-04-11 15:00:29.498000+00:00;7;1;1257;;10008
2025-04-11 15:00:31.325000+00:00;10;1;1257;;10008
2025-04-11 15:00:34.752000+00:00;44;1;1257;;10008
2025-04-11 15:00:37.566000+00:00;23;1;1257;;10008
2025-04-11 15:00:38.969000+00:00;55;1;1257;;10008
2025-04-11 15:00:49.535000+00:00;22;1;1257;;10008
2025-04-11 15:00:50.611000+00:00;14;1;1257;;10008
2025-04-11 15:00:56.409000+00:00;1;1;1257;;10008
2025-04-11 15:01:02.203000+00:00;18;1;1257;;10008
2025-04-11 15:01:15.959000+00:00;12;1;1257;;10008
2025-04-11 15:01:38.617000+00:00;81;1;1257;;10008
2025-04-11 15:01:48.932000+00:00;4;1;1257;;10008
2025-04-11 15:01:56.360000+00:00;6;1;1257;;10008
2025-04-11 15:03:53.215000+00:00;63;1;1257;;10008
2025-04-11 15:07:06.601000+00:00;30;4;1257;32.8;10008
2025-04-11 15:08:00.918000+00:00;12;4;1257;19.3;10008
2025-04-11 15:08:06.331000+00:00;22;4;1257;29.7;10008
2025-04-11 15:10:42.860000+00:00;27;6;1257;27.5;10008
2025-04-11 15:10:47.400000+00:00;10;6;1257;18.9;10008
2025-04-11 15:11:08.408000+00:00;7;6;1257;23.6;10008
2025-04-11 15:11:11.775000+00:00;63;4;1257;37.4;10008
2025-04-11 15:11:57.384000+00:00;44;4;1257;320.0;10008
2025-04-11 15:12:06.676000+00:00;6;4;1257;250.4;10008
2025-04-11 15:13:53.300000+00:00;87;7;1257;49.3;10008
2025-04-11 15:14:12.399000+00:00;55;7;1257;26.0;10008
2025-04-11 15:16:31.044000+00:00;30;7;1257;186.0;10008
2025-04-11 15:18:32.116000+00:00;16;7;1257;378.8;10008
2025-04-11 15:21:01.077000+00:00;23;9;1257;226.0;10008
2025-04-11 15:21:20.302000+00:00;18;8;1257;331.7;10008
2025-04-11 15:21:32.136000+00:00;1;7;1257;439.8;10008
2025-04-11 15:22:32.956000+00:00;5;7;1257;609.5;10008
2025-04-11 15:22:50.393000+00:00;4;8;1257;406.8;10008
2025-04-11 15:23:31.867000+00:00;81;9;1257;319.2;10008
2025-04-11 15:23:45.921000+00:00;10;9;1257;448.4;10008
2025-04-11 15:23:50.873000+00:00;63;7;1257;397.9;10008
2025-04-11 15:23:57.084000+00:00;12;8;1257;455.6;10008
2025-04-11 15:24:04.569000+00:00;7;9;1257;436.1;10008
2025-04-11 15:24:06.228000+00:00;55;10;1257;271.9;10008
2025-04-11 15:24:13.074000+00:00;6;7;1257;397.5;10008
2025-04-11 15:25:08.089000+00:00;16;10;1257;22.4;10008
2025-04-11 15:25:34.215000+00:00;27;8;1257;651.8;10008
2025-04-11 15:26:34.085000+00:00;22;8;1257;604.1;10008
2025-04-11 15:26:41.200000+00:00;30;10;1257;282.0;10008
2025-04-11 15:26:56.628000+00:00;87;10;1257;464.0;10008
2025-04-11 15:27:06.919000+00:00;31;10;1257;403.8;10008
2025-04-11 15:28:46.738000+00:00;5;10;1257;19.0;10008
2025-04-11 15:30:47.604000+00:00;10;12;1257;34.0;10008
2025-04-11 15:30:56.918000+00:00;14;3;1257;1502.5;10008
2025-04-11 15:31:00.347000+00:00;7;12;1257;42.8;10008
2025-04-11 15:31:42.411000+00:00;44;9;1257;603.8;10008
2025-04-11 15:32:42.168000+00:00;27;11;1257;49.7;10008
2025-04-11 15:33:13.508000+00:00;23;12;1257;388.0;10008
2025-04-11 15:33:39.679000+00:00;16;13;1257;171.6;10008
2025-04-11 15:33:50.305000+00:00;4;11;1257;337.3;10008
2025-04-11 15:34:02.826000+00:00;1;10;1257;423.9;10008
2025-04-11 15:34:13.128000+00:00;81;12;1257;312.0;10008
2025-04-11 15:34:41.909000+00:00;12;11;1257;301.4;10008
2025-04-11 15:36:23.644000+00:00;63;10;1257;415.1;10008
2025-04-11 15:37:52.817000+00:00;6;10;1257;464.5;10008
2025-04-11 15:38:37.026000+00:00;87;13;1257;331.8;10008
2025-04-11 15:38:41.745000+00:00;5;11;1257;476.4;10008
2025-04-11 15:38:50.975000+00:00;30;13;1257;391.8;10008
2025-04-11 15:39:09.360000+00:00;14;7;1257;53.3;10008
2025-04-11 15:40:14.086000+00:00;18;14;1257;377.2;10008
2025-04-11 15:40:16.849000+00:00;55;15;1257;378.7;10008
2025-04-11 15:41:01.683000+00:00;22;12;1257;356.2;10008
2025-04-11 15:41:33.031000+00:00;10;15;1257;310.2;10008
2025-04-11 15:42:20.607000+00:00;7;15;1257;333.2;10008
2025-04-11 15:43:39.693000+00:00;44;12;1257;399.2;10008
2025-04-11 15:43:40.811000+00:00;23;18;1257;24.2;10008
2025-04-11 15:44:22.518000+00:00;16;16;1257;305.6;10008
2025-04-11 15:44:29.931000+00:00;31;16;1257;302.9;10008
2025-04-11 15:45:29.563000+00:00;10;17;1257;26.8;10008
2025-04-11 15:45:55.131000+00:00;14;10;1257;32.3;10008
2025-04-11 15:46:08.553000+00:00;55;18;1257;24.9;10008
2025-04-11 15:46:15.439000+00:00;27;14;1257;471.9;10008
2025-04-11 15:51:16.995000+00:00;81;22;1257;26.5;10008
2025-04-11 15:56:06.395000+00:00;44;19;1257;36.5;10008
2025-04-11 15:57:41.853000+00:00;5;22;1257;25.8;10008
2025-04-11 15:58:31.074000+00:00;6;22;1257;24.4;10008
2025-04-11 15:58:40.074000+00:00;12;25;1257;25.0;10008
2025-04-11 15:58:58.265000+00:00;63;23;1257;26.7;10008
2025-04-11 15:59:05.729000+00:00;4;26;1257;24.2;10008
2025-04-12 12:30:54.115000+00:00;87;1;1257;;10009
2025-04-12 12:33:04.198000+00:00;31;1;1257;;10009
2025-04-12 12:33:48.845000+00:00;44;1;1257;;10009
2025-04-12 12:38:14.462000+00:00;87;4;1257;41.6;10009
2025-04-12 12:38:17.055000+00:00;44;3;1257;33.5;10009
2025-04-12 12:39:44.716000+00:00;16;1;1257;;10009
2025-04-12 12:40:13.080000+00:00;31;4;1257;34.1;10009
2025-04-12 12:41:09.611000+00:00;7;1;1257;;10009
2025-04-12 12:41:48.212000+00:00;10;1;1257;;10009
2025-04-12 12:43:41.951000+00:00;5;1;1257;;10009
2025-04-12 12:44:47.749000+00:00;22;1;1257;;10009
2025-04-12 12:45:51.999000+00:00;4;1;1257;;10009
2025-04-12 12:46:15.024000+00:00;27;1;1257;;10009
2025-04-12 12:46:56.158000+00:00;1;1;1257;;10009
2025-04-12 12:47:45.862000+00:00;7;4;1257;29.4;10009
2025-04-12 12:48:29.316000+00:00;18;1;1257;;10009
2025-04-12 12:48:35.695000+00:00;14;1;1257;;10009
2025-04-12 12:48:43.446000+00:00;10;4;1257;37.3;10009
2025-04-12 12:49:17.667000+00:00;81;1;1257;;10009
2025-04-12 12:50:40.635000+00:00;16;4;1257;283.7;10009
2025-04-12 12:51:04.962000+00:00;87;7;1257;380.2;10009
2025-04-12 12:51:06.356000+00:00;55;1;1257;;10009
2025-04-12 12:51:14.573000+00:00;23;1;1257;;10009
2025-04-12 12:51:58.003000+00:00;22;4;1257;30.1;10009
2025-04-12 12:52:32.226000+00:00;27;4;1257;20.6;10009
2025-04-12 12:52:44.549000+00:00;4;4;1257;30.1;10009
2025-04-12 12:53:29.360000+00:00;6;1;1257;;10009
2025-04-12 12:53:43.930000+00:00;30;1;1257;;10009
2025-04-12 12:54:09.691000+00:00;12;1;1257;;10009
2025-04-12 12:54:35.119000+00:00;7;7;1257;29.8;10009
2025-04-12 12:55:15.481000+00:00;18;4;1257;30.0;10009
2025-04-12 12:55:42.408000+00:00;10;7;1257;31.1;10009
2025-04-12 12:55:59.597000+00:00;81;4;1257;19.0;10009
2025-04-12 12:56:03.587000+00:00;44;6;1257;677.1;10009
2025-04-12 12:56:46.555000+00:00;5;4;1257;423.7;10009
2025-04-12 12:57:37.075000+00:00;55;4;1257;28.1;10009
2025-04-12 12:57:48.634000+00:00;23;4;1257;29.7;10009
2025-04-12 12:57:55.490000+00:00;16;7;1257;38.7;10009
2025-04-12 12:58:20.273000+00:00;22;7;1257;18.9;10009
2025-04-12 12:58:26.011000+00:00;63;1;1257;;10009
2025-04-12 12:59:04.369000+00:00;1;3;1257;502.5;10009
2025-04-12 12:59:08.299000+00:00;27;7;1257;26.9;10009
2025-04-12 12:59:59.994000+00:00;31;7;1257;812.1;10009
2025-04-12 13:01:12.148000+00:00;12;4;1257;32.9;10009
2025-04-12 13:03:05.027000+00:00;23;6;1257;19.0;10009
2025-04-12 13:03:16.023000+00:00;6;4;1257;221.1;10009
2025-04-12 13:03:34.875000+00:00;30;4;1257;229.9;10009
2025-04-12 13:08:10.776000+00:00;55;6;1257;402.3;10009
2025-04-12 13:08:46.209000+00:00;5;7;1257;324.9;10009
2025-04-12 13:09:22.243000+00:00;6;7;1257;24.1;10009
2025-04-12 13:10:05.162000+00:00;30;7;1257;27.3;10009
2025-04-12 13:10:23.275000+00:00;63;6;1257;28.3;10009
2025-04-12 13:13:05.493000+00:00;22;8;1257;756.3;10009
2025-04-12 13:13:17.170000+00:00;14;10;1257;397.5;10009
2025-04-12 13:14:26.277000+00:00;23;9;1257;355.5;10009
2025-04-12 13:15:21.167000+00:00;4;11;1257;563.0;10009
2025-04-12 13:15:22.483000+00:00;5;10;1257;21.1;10009
2025-04-12 13:15:30.951000+00:00;1;7;1257;494.7;10009
2025-04-12 13:15:41.496000+00:00;10;10;1257;814.1;10009
2025-04-12 13:15:46.367000+00:00;87;13;1257;844.2;10009
2025-04-12 13:15:51.684000+00:00;7;10;1257;917.8;10009
2025-04-12 13:16:08.505000+00:00;81;8;1257;698.0;10009
2025-04-12 13:16:20.672000+00:00;6;8;1257;306.5;10009
2025-04-12 13:16:23.278000+00:00;12;7;1257;524.4;10009
2025-04-12 13:16:45.447000+00:00;30;8;1257;262.5;10009
2025-04-12 13:16:56.488000+00:00;18;10;1257;522.1;10009
2025-04-12 13:17:08.603000+00:00;31;12;1257;436.2;10009
2025-04-12 13:18:41.640000+00:00;63;8;1257;229.1;10009
2025-04-12 13:19:54.950000+00:00;55;9;1257;348.3;10009
2025-04-12 13:19:55.910000+00:00;14;13;1257;29.5;10009
2025-04-12 13:20:06.839000+00:00;4;13;1257;28.4;10009
2025-04-12 13:20:26.337000+00:00;16;13;1257;608.5;10009
2025-04-12 13:20:38.600000+00:00;44;13;1257;641.5;10009
2025-04-12 13:22:39.300000+00:00;10;13;1257;31.8;10009
2025-04-12 13:23:01.130000+00:00;7;13;1257;19.0;10009
2025-04-12 13:23:15.354000+00:00;5;12;1257;222.4;10009
2025-04-12 13:25:14.169000+00:00;6;11;1257;183.5;10009
2025-04-12 13:25:16.081000+00:00;18;12;1257;235.3;10009
2025-04-12 13:25:25.709000+00:00;23;12;1257;278.2;10009
2025-04-12 13:25:34.189000+00:00;5;13;1257;22.2;10009
2025-04-12 13:25:44.624000+00:00;22;11;1257;331.2;10009
2025-04-12 13:26:06.994000+00:00;30;11;1257;183.5;10009
2025-04-12 13:27:17.855000+00:00;1;10;1257;347.1;10009
2025-04-12 13:27:34.262000+00:00;16;16;1257;25.8;10009
2025-04-12 13:27:37.692000+00:00;6;12;1257;26.6;10009
2025-04-12 13:27:42.761000+00:00;55;12;1257;122.4;10009
2025-04-12 13:27:52.493000+00:00;5;14;1257;22.5;10009
2025-04-12 13:28:19.981000+00:00;12;10;1257;350.6;10009
2025-04-12 13:28:28.232000+00:00;44;16;1257;29.2;10009
2025-04-12 13:28:36.586000+00:00;81;11;1257;405.6;10009
2025-04-12 13:28:43.486000+00:00;87;16;1257;413.1;10009
2025-04-12 13:28:46.179000+00:00;14;16;1257;197.8;10009
2025-04-12 13:28:54.667000+00:00;31;15;1257;344.3;10009
2025-04-12 13:29:18.624000+00:00;63;11;1257;277.8;10009
2025-04-12 13:29:23.302000+00:00;7;16;1257;30.4;10009
2025-04-12 13:29:32.473000+00:00;4;16;1257;215.5;10009
2025-04-12 16:00:04.007000+00:00;18;1;1257;;10010
2025-04-12 16:00:11.432000+00:00;27;1;1257;;10010
2025-04-12 16:00:24.286000+00:00;14;1;1257;;10010
2025-04-12 16:03:14.726000+00:00;1;1;1257;;10010
2025-04-12 16:03:20.780000+00:00;22;1;1257;;10010
2025-04-12 16:03:28.957000+00:00;10;1;1257;;10010
2025-04-12 16:03:35.838000+00:00;7;1;1257;;10010
2025-04-12 16:03:50.101000+00:00;87;1;1257;;10010
2025-04-12 16:03:56.393000+00:00;30;1;1257;;10010
2025-04-12 16:04:09.194000+00:00;6;1;1257;;10010
2025-04-12 16:04:17.579000+00:00;55;1;1257;;10010
2025-04-12 16:04:27.668000+00:00;23;1;1257;;10010
2025-04-12 16:04:50.353000+00:00;44;1;1257;;10010
2025-04-12 16:05:06.712000+00:00;16;1;1257;;10010
2025-04-12 16:05:13.113000+00:00;5;1;1257;;10010
2025-04-12 16:05:24.009000+00:00;81;1;1257;;10010
2025-04-12 16:05:42.585000+00:00;4;1;1257;;10010
2025-04-12 16:06:03.513000+00:00;18;4;1257;28.2;10010
2025-04-12 16:06:07.712000+00:00;12;1;1257;;10010
2025-04-12 16:06:16.177000+00:00;63;1;1257;;10010
2025-04-12 16:06:27.988000+00:00;14;4;1257;33.7;10010
2025-04-12 16:07:33.918000+00:00;31;1;1257;;10010
2025-04-12 16:07:42.076000+00:00;27;4;1257;125.9;10010
2025-04-12 16:13:05.854000+00:00;12;4;1257;83.4;10010
2025-04-12 16:13:09.984000+00:00;87;4;1257;237.7;10010
2025-04-12 16:13:12.705000+00:00;5;4;1257;131.3;10010
2025-04-12 16:13:20.680000+00:00;18;7;1257;100.9;10010
2025-04-12 16:13:33.605000+00:00;6;4;1257;234.9;10010
2025-04-12 16:13:49.292000+00:00;55;4;1257;232.4;10010
2025-04-12 16:13:59.989000+00:00;10;4;1257;298.9;10010
2025-04-12 16:14:06.222000+00:00;7;4;1257;300.0;10010
2025-04-12 16:14:30.634000+00:00;30;4;1257;295.2;10010
2025-04-12 16:14:40.272000+00:00;44;4;1257;256.9;10010
2025-04-12 16:14:49.421000+00:00;81;4;1257;220.0;10010
2025-04-12 16:14:59.286000+00:00;1;3;1257;496.0;10010
2025-04-12 16:15:18.959000+00:00;22;4;1257;393.7;10010
2025-04-12 16:15:24.660000+00:00;4;4;1257;246.3;10010
2025-04-12 16:15:30.360000+00:00;63;4;1257;215.4;10010
2025-04-12 16:15:35.476000+00:00;31;4;1257;159.3;10010
2025-04-12 16:15:44.068000+00:00;14;7;1257;222.3;10010
2025-04-12 16:15:46.902000+00:00;23;4;1257;346.7;10010
2025-04-12 16:15:48.434000+00:00;27;7;1257;168.9;10010
2025-04-12 16:26:08.768000+00:00;22;7;1257;320.4;10010
2025-04-12 16:26:10.208000+00:00;27;10;1257;289.2;10010
2025-04-12 16:26:12.938000+00:00;31;7;1257;296.5;10010
2025-04-12 16:26:14.646000+00:00;12;7;1257;458.2;10010
2025-04-12 16:26:20.999000+00:00;63;7;1257;312.5;10010
2025-04-12 16:26:45.578000+00:00;44;7;1257;386.4;10010
2025-04-12 16:27:01.557000+00:00;55;7;1257;446.5;10010
2025-04-12 16:27:05.861000+00:00;10;7;1257;442.5;10010
2025-04-12 16:27:11.182000+00:00;7;7;1257;440.1;10010
2025-04-12 16:27:42.254000+00:00;6;7;1257;489.6;10010
2025-04-12 16:27:52.717000+00:00;16;4;1257;1022.4;10010
2025-04-12 16:28:02.877000+00:00;1;6;1257;439.7;10010
2025-04-12 16:28:16.840000+00:00;4;6;1257;538.4;10010
2025-04-12 16:28:28.298000+00:00;14;10;1257;428.5;10010
2025-04-12 16:28:33.675000+00:00;81;6;1257;570.8;10010
2025-04-12 16:37:04.703000+00:00;12;9;1257;1108.2;10010
2025-04-12 16:37:09.822000+00:00;63;9;1257;961.3;10010
2025-04-12 16:37:27.053000+00:00;27;12;1257;966.0;10010
2025-04-12 16:37:29.098000+00:00;55;8;1257;1073.9;10010
2025-04-12 16:37:49.698000+00:00;6;8;1257;1096.8;10010
2025-04-12 16:37:54.549000+00:00;10;8;1257;1091.0;10010
2025-04-12 16:38:04.417000+00:00;4;7;1257;1126.0;10010
2025-04-12 16:38:13.264000+00:00;81;7;1257;1150.2;10010
2025-04-12 16:38:23.703000+00:00;1;7;1257;1060.4;10010
2025-04-12 16:38:32.532000+00:00;44;8;1257;1093.3;10010
2025-04-12 16:38:41.312000+00:00;16;5;1257;1671.0;10010
2025-04-12 16:38:42.900000+00:00;14;11;1257;1043.2;10010
2025-04-12 16:38:49.276000+00:00;7;8;1257;1138.4;10010
2025-04-12 16:42:58.021000+00:00;12;12;1257;26.7;10010
2025-04-12 16:43:10.864000+00:00;63;12;1257;28.1;10010
2025-04-12 16:43:28.520000+00:00;22;9;1257;1360.2;10010
2025-04-12 16:43:33.160000+00:00;44;10;1257;93.5;10010
2025-04-12 16:43:48.044000+00:00;6;10;1257;146.9;10010
2025-04-12 16:43:55.087000+00:00;10;11;1257;38.0;10010
2025-04-12 16:44:17.690000+00:00;1;9;1257;153.3;10010
2025-04-12 16:44:25.146000+00:00;14;13;1257;138.2;10010
2025-04-12 16:44:31.351000+00:00;55;11;1257;78.6;10010
2025-04-12 16:44:41.021000+00:00;27;15;1257;117.2;10010
2025-04-12 16:44:48.912000+00:00;7;11;1257;39.7;10010
2025-04-12 16:45:12.115000+00:00;16;8;1257;79.2;10010
2025-04-12 16:45:36.938000+00:00;4;10;1257;129.6;10010
2025-04-12 16:57:04.921000+00:00;22;12;1257;485.9;10010
2025-04-12 16:57:17.112000+00:00;1;12;1257;455.8;10010
2025-04-12 16:57:23.020000+00:00;12;15;1257;539.0;10010
2025-04-12 16:57:26.099000+00:00;55;14;1257;441.3;10010
2025-04-12 16:57:42.194000+00:00;63;15;1257;534.2;10010
2025-04-12 16:57:49.668000+00:00;10;14;1257;499.5;10010
2025-04-12 16:58:06.596000+00:00;44;13;1257;540.1;10010
2025-04-12 16:58:26.570000+00:00;16;11;1257;457.1;10010
2025-04-12 16:58:41.886000+00:00;81;10;1257;890.7;10010
2025-04-12 16:58:59.679000+00:00;4;13;1257;488.0;10010
2025-04-12 17:05:16.473000+00:00;22;15;1257;177.5;10010
2025-04-12 17:05:21.351000+00:00;12;18;1257;144.7;10010
2025-04-12 17:05:34.720000+00:00;63;18;1257;125.9;10010
2025-04-12 17:05:46.649000+00:00;44;16;1257;132.4;10010
2025-04-12 17:05:57.533000+00:00;16;14;1257;123.2;10010
2025-04-12 17:06:06.906000+00:00;10;17;1257;153.6;10010
2025-04-12 17:06:22.376000+00:00;1;15;1257;235.5;10010
2025-04-12 17:06:27.494000+00:00;81;13;1257;139.3;10010
2025-04-12 17:06:32.921000+00:00;4;16;1257;141.3;10010
2025-04-12 17:06:45.584000+00:00;55;17;1257;221.9;10010
2025-04-13 15:12:43.873000+00:00;27;5;1257;24.2;10014
2025-04-13 15:14:22.184000+00:00;6;6;1257;25.2;10014
2025-04-13 15:17:35.756000+00:00;31;8;1257;24.8;10014
2025-04-13 15:19:15.755000+00:00;7;9;1257;24.7;10014
2025-04-13 15:20:47.938000+00:00;4;10;1257;29.8;10014
2025-04-13 15:20:49.900000+00:00;10;10;1257;25.0;10014
2025-04-13 15:20:52.254000+00:00;1;10;1257;26.5;10014
2025-04-13 15:22:35.431000+00:00;22;11;1257;26.4;10014
2025-04-13 15:24:07.042000+00:00;12;12;1257;24.8;10014
2025-04-13 15:24:25.031000+00:00;18;12;1257;24.6;10014
2025-04-13 15:25:38.504000+00:00;63;13;1257;24.0;10014
2025-04-13 15:26:07.063000+00:00;5;13;1257;24.1;10014
2025-04-13 15:27:13.344000+00:00;81;14;1257;24.4;10014
2025-04-13 15:27:36.036000+00:00;55;14;1257;24.6;10014
2025-04-13 15:27:38.560000+00:00;87;14;1257;24.5;10014
2025-04-13 15:27:44.917000+00:00;30;14;1257;25.2;10014
2025-04-13 15:47:39.342000+00:00;1;26;1257;28.0;10014
2025-04-13 15:49:11.397000+00:00;31;27;1257;24.8;10014
2025-04-13 15:49:11.833000+00:00;12;27;1257;24.5;10014
2025-04-13 15:49:32.563000+00:00;27;27;1257;24.2;10014
2025-04-13 15:50:43.726000+00:00;10;28;1257;24.9;10014
2025-04-13 15:50:56.204000+00:00;7;28;1257;25.0;10014
2025-04-13 15:51:07.535000+00:00;6;28;1257;24.6;10014
2025-04-13 15:57:04.041000+00:00;81;32;1257;24.9;10014
2025-04-13 15:57:12.763000+00:00;63;32;1257;24.1;10014
2025-04-13 15:57:14.316000+00:00;16;32;1257;24.2;10014
2025-04-13 15:57:16.810000+00:00;4;32;1257;24.0;10014
2025-04-13 15:57:30.119000+00:00;44;32;1257;24.3;10014
2025-04-13 15:57:56.684000+00:00;55;32;1257;24.3;10014
2025-04-13 15:57:58.263000+00:00;22;32;1257;24.7;10014
2025-04-13 15:58:03.317000+00:00;87;32;1257;24.8;10014
2025-04-13 15:58:03.706000+00:00;23;32;1257;25.9;10014
2025-04-13 15:58:06.812000+00:00;12;32;1257;24.6;10014
2025-04-13 15:58:10.052000+00:00;14;32;1257;24.8;10014
2025-04-13 15:58:20.841000+00:00;30;32;1257;24.1;10014
2025-04-13 15:58:22.181000+00:00;18;32;1257;24.5;10014
2025-04-13 15:58:30.413000+00:00;5;32;1257;25.3;10014
2025-04-13 16:19:49.060000+00:00;55;44;1257;37.1;10014
2025-04-18 13:30:04.250000+00:00;4;1;1258;;10015
2025-04-18 13:30:04.625000+00:00;31;1;1258;;10015
2025-04-18 13:30:08.079000+00:00;12;1;1258;;10015
2025-04-18 13:30:08.360000+00:00;23;1;1258;;10015
2025-04-18 13:30:20.079000+00:00;55;1;1258;;10015
2025-04-18 13:30:27.954000+00:00;30;1;1258;;10015
2025-04-18 13:30:30.657000+00:00;87;1;1258;;10015
2025-04-18 13:30:31.579000+00:00;1;1;1258;;10015
2025-04-18 13:30:35.891000+00:00;16;1;1258;;10015
2025-04-18 13:30:37.501000+00:00;44;1;1258;;10015
2025-04-18 13:30:39.970000+00:00;22;1;1258;;10015
2025-04-18 13:30:41.376000+00:00;5;1;1258;;10015
2025-04-18 13:30:58.829000+00:00;10;1;1258;;10015
2025-04-18 13:31:02.204000+00:00;81;1;1258;;10015
2025-04-18 13:31:12.439000+00:00;14;1;1258;;10015
2025-04-18 13:31:23.470000+00:00;6;1;1258;;10015
2025-04-18 13:31:41.299000+00:00;7;1;1258;;10015
2025-04-18 13:31:58.736000+00:00;27;1;1258;;10015
2025-04-18 13:32:12.908000+00:00;63;1;1258;;10015
2025-04-18 13:32:18.940000+00:00;18;1;1258;;10015
2025-04-18 13:38:26.457000+00:00;23;2;1258;365.0;10015
2025-04-18 13:41:19.592000+00:00;31;3;1258;444.2;10015
2025-04-18 13:41:45.710000+00:00;10;6;1258;28.4;10015
2025-04-18 13:42:32.336000+00:00;27;6;1258;25.2;10015
2025-04-18 13:42:48.305000+00:00;6;6;1258;28.4;10015
2025-04-18 13:43:58.933000+00:00;12;7;1258;15.8;10015
2025-04-18 13:44:34.324000+00:00;7;7;1258;26.7;10015
2025-04-18 13:46:42.148000+00:00;22;8;1258;24.8;10015
2025-04-18 13:51:09.135000+00:00;7;10;1258;24.9;10015
2025-04-18 13:53:28.523000+00:00;55;10;1258;354.3;10015
2025-04-18 13:55:50.712000+00:00;81;8;1258;637.5;10015
2025-04-18 13:56:28.248000+00:00;27;9;1258;521.3;10015
2025-04-18 13:56:37.284000+00:00;4;8;1258;770.3;10015
2025-04-18 13:57:02.863000+00:00;1;9;1258;609.1;10015
2025-04-18 13:57:26.137000+00:00;16;11;1258;333.4;10015
2025-04-18 13:57:45.349000+00:00;44;11;1258;321.9;10015
2025-04-18 13:57:50.052000+00:00;63;8;1258;674.7;10015
2025-04-18 13:58:17.208000+00:00;87;7;1258;900.1;10015
2025-04-18 13:59:56.262000+00:00;22;11;1258;464.8;10015
2025-04-18 14:00:51.013000+00:00;23;10;1258;377.4;10015
2025-04-18 14:01:10.422000+00:00;5;9;1258;824.6;10015
2025-04-18 14:01:31.359000+00:00;12;10;1258;717.4;10015
2025-04-18 14:02:12.135000+00:00;14;11;1258;637.1;10015
2025-04-18 14:02:42.872000+00:00;27;12;1258;28.1;10015
2025-04-18 14:02:48.181000+00:00;55;13;1258;239.3;10015
2025-04-18 14:03:01.392000+00:00;4;11;1258;31.3;10015
2025-04-18 14:03:50.941000+00:00;10;12;1258;608.8;10015
2025-04-18 14:03:54.641000+00:00;18;10;1258;824.6;10015
2025-04-18 14:04:02.887000+00:00;7;13;1258;451.2;10015
2025-04-18 14:04:20.970000+00:00;16;14;1258;21.5;10015
2025-04-18 14:04:32.583000+00:00;63;11;1258;26.1;10015
2025-04-18 14:04:45.344000+00:00;87;10;1258;26.8;10015
2025-04-18 14:05:11.360000+00:00;44;14;1258;24.6;10015
2025-04-18 14:06:32.844000+00:00;22;14;1258;25.3;10015
2025-04-18 14:07:32.954000+00:00;31;10;1258;807.1;10015
2025-04-18 14:07:45.705000+00:00;5;12;1258;27.9;10015
2025-04-18 14:07:49.142000+00:00;12;13;1258;16.2;10015
2025-04-18 14:08:53.740000+00:00;14;14;1258;26.2;10015
2025-04-18 14:09:33.834000+00:00;55;16;1258;22.4;10015
2025-04-18 14:09:36.006000+00:00;87;12;1258;33.8;10015
2025-04-18 14:10:37.195000+00:00;10;15;1258;27.7;10015
2025-04-18 14:10:50.946000+00:00;7;16;1258;33.2;10015
2025-04-18 14:12:27.209000+00:00;1;14;1258;326.1;10015
2025-04-18 14:13:45.639000+00:00;31;13;1258;28.4;10015
2025-04-18 14:14:31.890000+00:00;4;14;1258;360.4;10015
2025-04-18 14:15:21.260000+00:00;16;17;1258;310.7;10015
2025-04-18 14:15:37.933000+00:00;27;15;1258;454.8;10015
2025-04-18 14:17:35.750000+00:00;63;13;1258;546.4;10015
2025-04-18 14:17:46.329000+00:00;22;17;1258;325.9;10015
2025-04-18 14:18:06.661000+00:00;81;16;1258;437.1;10015
2025-04-18 14:18:47.179000+00:00;5;15;1258;327.8;10015
2025-04-18 14:18:50.982000+00:00;12;16;1258;291.7;10015
2025-04-18 14:19:54.900000+00:00;10;17;1258;334.2;10015
2025-04-18 14:19:58.619000+00:00;30;12;1258;1608.7;10015
2025-04-18 14:20:05.994000+00:00;6;9;1258;1871.2;10015
2025-04-18 14:20:25.119000+00:00;23;16;1258;423.3;10015
2025-04-18 14:20:43.213000+00:00;55;19;1258;315.8;10015
2025-04-18 14:20:51.916000+00:00;14;17;1258;376.6;10015
2025-04-18 14:21:00.994000+00:00;1;19;1258;23.6;10015
2025-04-18 14:21:31.417000+00:00;44;20;1258;275.6;10015
2025-04-18 14:21:39.870000+00:00;7;19;1258;277.6;10015
2025-04-18 14:22:35.853000+00:00;87;15;1258;445.6;10015
2025-04-18 14:24:26.463000+00:00;18;18;1258;239.5;10015
2025-04-18 14:24:37.713000+00:00;63;17;1258;15.2;10015
2025-04-18 14:25:46.245000+00:00;27;21;1258;24.8;10015
2025-04-18 14:25:58.323000+00:00;31;17;1258;264.3;10015
2025-04-18 14:29:11.666000+00:00;4;23;1258;20.1;10015
2025-04-18 14:29:41.458000+00:00;81;23;1258;20.7;10015
2025-04-18 17:00:04.386000+00:00;31;1;1258;;10016
2025-04-18 17:00:13.033000+00:00;87;1;1258;;10016
2025-04-18 17:00:20.882000+00:00;23;1;1258;;10016
2025-04-18 17:00:27.835000+00:00;30;1;1258;;10016
2025-04-18 17:00:35.071000+00:00;12;1;1258;;10016
2025-04-18 17:00:46.399000+00:00;63;1;1258;;10016
2025-04-18 17:00:56.495000+00:00;7;1;1258;;10016
2025-04-18 17:01:03.948000+00:00;1;1;1258;;10016
2025-04-18 17:01:11.526000+00:00;10;1;1258;;10016
2025-04-18 17:01:19.573000+00:00;55;1;1258;;10016
2025-04-18 17:01:31.214000+00:00;44;1;1258;;10016
2025-04-18 17:01:42.798000+00:00;22;1;1258;;10016
2025-04-18 17:01:59.025000+00:00;16;1;1258;;10016
2025-04-18 17:02:04.486000+00:00;27;1;1258;;10016
2025-04-18 17:02:06.048000+00:00;81;1;1258;;10016
2025-04-18 17:02:09.970000+00:00;4;1;1258;;10016
2025-04-18 17:02:12.103000+00:00;6;1;1258;;10016
2025-04-18 17:02:14.175000+00:00;14;1;1258;;10016
2025-04-18 17:02:23.395000+00:00;18;1;1258;;10016
2025-04-18 17:08:45.440000+00:00;22;4;1258;25.4;10016
2025-04-18 17:10:52.257000+00:00;87;6;1258;24.5;10016
2025-04-18 17:11:12.188000+00:00;16;5;1258;26.7;10016
2025-04-18 17:11:17.457000+00:00;6;5;1258;28.3;10016
2025-04-18 17:11:26.495000+00:00;7;6;1258;24.2;10016
2025-04-18 17:14:34.968000+00:00;30;6;1258;269.5;10016
2025-04-18 17:15:32.601000+00:00;22;7;1258;27.9;10016
2025-04-18 17:20:07.623000+00:00;63;8;1258;281.1;10016
2025-04-18 17:21:33.740000+00:00;55;9;1258;211.4;10016
2025-04-18 17:21:51.967000+00:00;23;9;1258;316.5;10016
2025-04-18 17:22:07.445000+00:00;18;5;1258;629.6;10016
2025-04-18 17:22:18.068000+00:00;6;8;1258;328.1;10016
2025-04-18 17:22:31.198000+00:00;30;9;1258;131.9;10016
2025-04-18 17:23:14.536000+00:00;1;8;1258;474.5;10016
2025-04-18 17:23:41.718000+00:00;31;9;1258;416.5;10016
2025-04-18 17:23:51.102000+00:00;87;9;1258;423.9;10016
2025-04-18 17:24:01.479000+00:00;27;8;1258;492.2;10016
2025-04-18 17:24:04.499000+00:00;12;11;1258;148.9;10016
2025-04-18 17:24:34.362000+00:00;16;9;1258;306.3;10016
2025-04-18 17:24:46.862000+00:00;44;10;1258;281.6;10016
2025-04-18 17:24:56.690000+00:00;14;8;1258;479.0;10016
2025-04-18 17:26:18.921000+00:00;81;9;1258;473.1;10016
2025-04-18 17:26:27.421000+00:00;22;10;1258;332.6;10016
2025-04-18 17:26:40.962000+00:00;10;9;1258;563.9;10016
2025-04-18 17:26:48.540000+00:00;7;9;1258;582.3;10016
2025-04-18 17:28:55.316000+00:00;18;8;1258;27.4;10016
2025-04-18 17:29:09.482000+00:00;4;9;1258;661.9;10016
2025-04-18 17:30:09.132000+00:00;31;12;1258;29.9;10016
2025-04-18 17:30:26.458000+00:00;27;11;1258;15.2;10016
2025-04-18 17:32:08.243000+00:00;81;12;1258;23.6;10016
2025-04-18 17:32:46.805000+00:00;6;11;1258;295.9;10016
2025-04-18 17:32:52.587000+00:00;30;12;1258;287.8;10016
2025-04-18 17:33:03.981000+00:00;23;14;1258;26.5;10016
2025-04-18 17:33:09.644000+00:00;12;15;1258;16.7;10016
2025-04-18 17:33:30.781000+00:00;16;13;1258;36.7;10016
2025-04-18 17:33:52.374000+00:00;44;14;1258;25.0;10016
2025-04-18 17:33:56.437000+00:00;14;12;1258;25.0;10016
2025-04-18 17:34:53.187000+00:00;10;13;1258;15.2;10016
2025-04-18 17:35:18.854000+00:00;4;12;1258;18.0;10016
2025-04-18 17:35:28.110000+00:00;22;14;1258;24.3;10016
2025-04-18 17:35:32.448000+00:00;87;12;1258;329.1;10016
2025-04-18 17:35:42.781000+00:00;1;11;1258;407.1;10016
2025-04-18 17:38:08.495000+00:00;18;12;1258;28.6;10016
2025-04-18 17:38:31.323000+00:00;55;14;1258;421.4;10016
2025-04-18 17:40:46.307000+00:00;55;15;1258;25.0;10016
2025-04-18 17:42:22.455000+00:00;81;14;1258;389.0;10016
2025-04-18 17:43:05.677000+00:00;23;16;1258;379.4;10016
2025-04-18 17:43:27.625000+00:00;10;15;1258;303.2;10016
2025-04-18 17:43:34.161000+00:00;31;15;1258;421.5;10016
2025-04-18 17:43:51.971000+00:00;27;14;1258;457.0;10016
2025-04-18 17:43:57.237000+00:00;6;14;1258;333.7;10016
2025-04-18 17:44:16.327000+00:00;7;14;1258;431.8;10016
2025-04-18 17:44:30.175000+00:00;22;16;1258;306.5;10016
2025-04-18 17:45:21.277000+00:00;16;16;1258;330.1;10016
2025-04-18 17:45:45.079000+00:00;30;16;1258;303.7;10016
2025-04-18 17:45:55.038000+00:00;44;17;1258;382.2;10016
2025-04-18 17:46:07.913000+00:00;4;15;1258;332.0;10016
2025-04-18 17:46:22.034000+00:00;6;15;1258;28.3;10016
2025-04-18 17:47:09.157000+00:00;63;16;1258;609.2;10016
2025-04-18 17:48:00.401000+00:00;87;15;1258;434.5;10016
2025-04-18 17:50:03.211000+00:00;14;15;1258;624.7;10016
2025-04-18 17:50:09.836000+00:00;18;15;1258;399.6;10016
2025-04-18 17:59:02.431000+00:00;55;22;1258;1121.0;10016
2025-04-18 17:59:04.434000+00:00;27;19;1258;1369.6;10016
2025-04-18 17:59:05.336000+00:00;23;21;1258;1339.0;10016
2025-04-18 17:59:09.140000+00:00;30;20;1258;1108.1;10016
2025-04-18 17:59:10.534000+00:00;87;17;1258;1104.7;10016
2025-04-18 17:59:11.890000+00:00;10;20;1258;1247.5;10016
2025-04-18 17:59:15.130000+00:00;7;19;1258;1331.0;10016
2025-04-18 17:59:18.067000+00:00;63;19;1258;1338.2;10016
2025-04-18 17:59:19.552000+00:00;14;16;1258;1181.1;10016
2025-04-18 17:59:21.052000+00:00;1;21;1258;1825.4;10016
2025-04-18 17:59:23.005000+00:00;4;19;1258;1127.1;10016
2025-04-18 17:59:24.036000+00:00;81;20;1258;1410.6;10016
2025-04-18 17:59:25.192000+00:00;44;21;1258;1192.7;10016
2025-04-18 17:59:30.942000+00:00;31;20;1258;1378.7;10016
2025-04-18 17:59:34.504000+00:00;18;16;1258;964.4;10016
2025-04-18 17:59:39.410000+00:00;16;20;1258;1188.2;10016
2025-04-19 13:30:18.226000+00:00;5;1;1258;;10017
2025-04-19 13:30:49.558000+00:00;7;1;1258;;10017
2025-04-19 13:31:17.623000+00:00;14;1;1258;;10017
2025-04-19 13:31:30.234000+00:00;18;1;1258;;10017
2025-04-19 13:33:30.959000+00:00;14;2;1258;23.6;10017
2025-04-19 13:33:47.403000+00:00;18;2;1258;23.0;10017
2025-04-19 13:35:05.759000+00:00;31;1;1258;;10017
2025-04-19 13:35:43.165000+00:00;14;3;1258;22.7;10017
2025-04-19 13:36:03.768000+00:00;18;3;1258;22.6;10017
2025-04-19 13:36:11.084000+00:00;87;1;1258;;10017
2025-04-19 13:38:54.045000+00:00;6;1;1258;;10017
2025-04-19 13:39:23.953000+00:00;44;1;1258;;10017
2025-04-19 13:40:10.892000+00:00;16;1;1258;;10017
2025-04-19 13:40:18.319000+00:00;7;4;1258;196.9;10017
2025-04-19 13:41:41.165000+00:00;31;4;1258;58.1;10017
2025-04-19 13:42:33.755000+00:00;30;1;1258;;10017
2025-04-19 13:42:45.023000+00:00;81;1;1258;;10017
2025-04-19 13:43:09.701000+00:00;4;1;1258;;10017
2025-04-19 13:43:22.983000+00:00;87;4;1258;49.4;10017
2025-04-19 13:44:01.016000+00:00;6;2;1258;185.2;10017
2025-04-19 13:46:14.987000+00:00;7;7;1258;21.4;10017
2025-04-19 13:46:18.862000+00:00;1;1;1258;;10017
2025-04-19 13:46:52.500000+00:00;44;4;1258;16.9;10017
2025-04-19 13:47:07.165000+00:00;16;4;1258;19.0;10017
2025-04-19 13:47:11.868000+00:00;27;1;1258;;10017
2025-04-19 13:47:29.572000+00:00;23;1;1258;;10017
2025-04-19 13:47:42.725000+00:00;30;2;1258;186.6;10017
2025-04-19 13:48:43.800000+00:00;14;4;1258;660.7;10017
2025-04-19 13:48:50.831000+00:00;81;4;1258;23.3;10017
2025-04-19 13:49:00.972000+00:00;18;4;1258;660.0;10017
2025-04-19 13:49:38.472000+00:00;63;1;1258;;10017
2025-04-19 13:49:42.292000+00:00;12;1;1258;;10017
2025-04-19 13:49:58.934000+00:00;55;1;1258;;10017
2025-04-19 13:50:38.325000+00:00;10;1;1258;;10017
2025-04-19 13:50:47.591000+00:00;22;1;1258;;10017
2025-04-19 13:52:08.310000+00:00;7;8;1258;217.2;10017
2025-04-19 13:53:30.620000+00:00;27;4;1258;15.2;10017
2025-04-19 13:54:42.804000+00:00;6;5;1258;307.3;10017
2025-04-19 13:54:53.339000+00:00;81;7;1258;15.7;10017
2025-04-19 13:55:24.437000+00:00;14;7;1258;36.6;10017
2025-04-19 13:55:52.011000+00:00;18;7;1258;47.3;10017
2025-04-19 13:57:01.649000+00:00;10;4;1258;27.0;10017
2025-04-19 13:57:14.881000+00:00;30;5;1258;233.2;10017
2025-04-19 13:57:19.481000+00:00;16;7;1258;252.1;10017
2025-04-19 13:58:07.354000+00:00;5;10;1258;566.3;10017
2025-04-19 13:58:07.448000+00:00;44;7;1258;270.2;10017
2025-04-19 13:58:16.121000+00:00;1;4;1258;375.3;10017
2025-04-19 13:58:20.235000+00:00;7;11;1258;25.7;10017
2025-04-19 13:59:21.163000+00:00;63;4;1258;242.9;10017
2025-04-19 13:59:24.429000+00:00;27;7;1258;26.1;10017
2025-04-19 13:59:27.038000+00:00;12;4;1258;236.9;10017
2025-04-19 13:59:30.663000+00:00;23;4;1258;386.6;10017
2025-04-19 14:01:21.961000+00:00;30;7;1258;18.0;10017
2025-04-19 14:02:13.396000+00:00;31;7;1258;887.6;10017
2025-04-19 14:02:18.546000+00:00;44;9;1258;23.0;10017
2025-04-19 14:02:33.621000+00:00;14;10;1258;50.0;10017
2025-04-19 14:02:49.537000+00:00;55;4;1258;430.6;10017
2025-04-19 14:03:02.064000+00:00;18;10;1258;45.1;10017
2025-04-19 14:03:10.338000+00:00;6;7;1258;286.2;10017
2025-04-19 14:03:34.106000+00:00;10;7;1258;26.1;10017
2025-04-19 14:04:04.340000+00:00;30;8;1258;19.6;10017
2025-04-19 14:06:32.624000+00:00;30;9;1258;18.1;10017
2025-04-19 14:09:17.649000+00:00;31;10;1258;71.3;10017
2025-04-19 14:09:49.939000+00:00;63;7;1258;290.9;10017
2025-04-19 14:10:01.002000+00:00;12;7;1258;297.4;10017
2025-04-19 14:10:09.961000+00:00;81;10;1258;587.9;10017
2025-04-19 14:10:23.925000+00:00;4;10;1258;501.7;10017
2025-04-19 14:10:35.358000+00:00;23;8;1258;200.0;10017
2025-04-19 14:10:55.566000+00:00;22;7;1258;480.7;10017
2025-04-19 14:11:02.285000+00:00;1;7;1258;448.6;10017
2025-04-19 14:11:35.630000+00:00;87;7;1258;1347.1;10017
2025-04-19 14:12:04.371000+00:00;27;8;1258;651.1;10017
2025-04-19 14:12:35.760000+00:00;16;12;1258;312.3;10017
2025-04-19 14:12:39.400000+00:00;44;11;1258;365.5;10017
2025-04-19 14:12:46.275000+00:00;30;10;1258;257.2;10017
2025-04-19 14:15:08.111000+00:00;55;7;1258;414.8;10017
2025-04-19 14:16:20.921000+00:00;63;10;1258;22.6;10017
2025-04-19 14:16:28.386000+00:00;12;10;1258;18.2;10017
2025-04-19 14:16:48.096000+00:00;14;14;1258;414.2;10017
2025-04-19 14:17:30.699000+00:00;18;14;1258;421.4;10017
2025-04-19 14:18:32.755000+00:00;7;14;1258;873.5;10017
2025-04-19 14:18:49.433000+00:00;4;13;1258;169.1;10017
2025-04-19 14:18:53.496000+00:00;27;11;1258;40.1;10017
2025-04-19 14:19:10.609000+00:00;44;14;1258;19.9;10017
2025-04-19 14:19:17.940000+00:00;16;15;1258;35.7;10017
2025-04-19 14:19:27.912000+00:00;5;17;1258;603.0;10017
2025-04-19 14:19:29.834000+00:00;6;10;1258;640.2;10017
2025-04-19 14:19:32.916000+00:00;81;13;1258;229.3;10017
2025-04-19 14:19:37.228000+00:00;87;10;1258;91.1;10017
2025-04-19 14:19:37.911000+00:00;10;10;1258;622.4;10017
2025-04-19 14:20:16.743000+00:00;31;13;1258;325.9;10017
2025-04-19 14:20:46.756000+00:00;63;12;1258;23.2;10017
2025-04-19 14:22:40.494000+00:00;12;13;1258;22.0;10017
2025-04-19 14:22:56.316000+00:00;23;11;1258;400.1;10017
2025-04-19 14:23:44.981000+00:00;30;13;1258;323.8;10017
2025-04-19 14:24:54.619000+00:00;7;17;1258;25.6;10017
2025-04-19 14:25:21.160000+00:00;22;10;1258;514.0;10017
2025-04-19 14:25:25.831000+00:00;18;17;1258;119.4;10017
2025-04-19 14:26:00.072000+00:00;5;20;1258;15.3;10017
2025-04-19 14:26:05.731000+00:00;14;17;1258;229.8;10017
2025-04-19 14:26:07.446000+00:00;1;10;1258;545.8;10017
2025-04-19 14:26:20.358000+00:00;10;13;1258;19.1;10017
2025-04-19 14:27:16.370000+00:00;55;12;1258;151.6;10017
2025-04-19 14:28:55.312000+00:00;23;14;1258;23.6;10017
2025-04-19 14:28:58.953000+00:00;87;13;1258;227.7;10017
2025-04-19 14:29:04.602000+00:00;27;14;1258;263.5;10017
2025-04-19 14:29:23.314000+00:00;81;17;1258;150.5;10017
2025-04-19 14:29:27.267000+00:00;4;16;1258;324.8;10017
2025-04-19 14:29:39.158000+00:00;12;16;1258;90.6;10017
2025-04-19 14:29:42.614000+00:00;63;15;1258;192.9;10017
2025-04-19 17:00:04.534000+00:00;31;1;1258;;10018
2025-04-19 17:00:14.307000+00:00;87;1;1258;;10018
2025-04-19 17:00:23.932000+00:00;7;1;1258;;10018
2025-04-19 17:00:31.733000+00:00;27;1;1258;;10018
2025-04-19 17:00:41.732000+00:00;5;1;1258;;10018
2025-04-19 17:00:50.708000+00:00;23;1;1258;;10018
2025-04-19 17:00:56.176000+00:00;55;1;1258;;10018
2025-04-19 17:01:01.161000+00:00;10;1;1258;;10018
2025-04-19 17:01:08.488000+00:00;14;1;1258;;10018
2025-04-19 17:01:13.425000+00:00;18;1;1258;;10018
2025-04-19 17:01:32.921000+00:00;4;1;1258;;10018
2025-04-19 17:01:37.571000+00:00;16;1;1258;;10018
2025-04-19 17:01:42.286000+00:00;44;1;1258;;10018
2025-04-19 17:03:28.543000+00:00;1;1;1258;;10018
2025-04-19 17:03:36.724000+00:00;22;1;1258;;10018
2025-04-19 17:03:49.041000+00:00;81;1;1258;;10018
2025-04-19 17:04:27.270000+00:00;63;1;1258;;10018
2025-04-19 17:04:30.602000+00:00;12;1;1258;;10018
2025-04-19 17:05:17.015000+00:00;6;1;1258;;10018
2025-04-19 17:05:53.678000+00:00;30;1;1258;;10018
2025-04-19 17:06:13.147000+00:00;5;4;1258;23.0;10018
2025-04-19 17:06:19.600000+00:00;31;4;1258;46.6;10018
2025-04-19 17:06:37.778000+00:00;87;4;1258;56.5;10018
2025-04-19 17:06:54.845000+00:00;14;4;1258;26.5;10018
2025-04-19 17:07:00.443000+00:00;27;4;1258;62.6;10018
2025-04-19 17:07:03.188000+00:00;18;4;1258;22.4;10018
2025-04-19 17:08:08.532000+00:00;44;4;1258;36.3;10018
2025-04-19 17:08:17.954000+00:00;16;4;1258;58.9;10018
2025-04-19 17:10:59.764000+00:00;23;6;1258;92.5;10018
2025-04-19 17:12:44.497000+00:00;81;4;1258;200.4;10018
2025-04-19 17:13:12.545000+00:00;12;4;1258;193.6;10018
2025-04-19 17:13:23.500000+00:00;7;7;1258;135.1;10018
2025-04-19 17:13:29.280000+00:00;6;4;1258;172.8;10018
2025-04-19 17:13:33.218000+00:00;1;4;1258;284.8;10018
2025-04-19 17:13:35.515000+00:00;55;7;1258;97.3;10018
2025-04-19 17:13:44.279000+00:00;30;4;1258;157.3;10018
2025-04-19 17:13:48.161000+00:00;31;7;1258;133.5;10018
2025-04-19 17:13:55.063000+00:00;22;4;1258;278.7;10018
2025-04-19 17:14:04.479000+00:00;87;7;1258;136.5;10018
2025-04-19 17:14:25.046000+00:00;10;7;1258;157.8;10018
2025-04-19 17:14:35.140000+00:00;14;7;1258;135.9;10018
2025-04-19 17:14:51.032000+00:00;18;7;1258;147.2;10018
2025-04-19 17:15:00.666000+00:00;27;7;1258;171.2;10018
2025-04-19 17:15:08.728000+00:00;5;7;1258;211.7;10018
2025-04-19 17:15:16.700000+00:00;44;7;1258;83.7;10018
2025-04-19 17:15:20.279000+00:00;16;7;1258;71.9;10018
2025-04-19 17:15:46.623000+00:00;63;4;1258;352.6;10018
2025-04-19 17:25:03.564000+00:00;23;9;1258;533.5;10018
2025-04-19 17:25:46.695000+00:00;87;10;1258;345.2;10018
2025-04-19 17:26:01.007000+00:00;10;10;1258;364.6;10018
2025-04-19 17:26:03.913000+00:00;6;7;1258;429.3;10018
2025-04-19 17:26:06.757000+00:00;55;10;1258;411.8;10018
2025-04-19 17:26:17.078000+00:00;81;7;1258;489.9;10018
2025-04-19 17:26:30.873000+00:00;14;9;1258;486.5;10018
2025-04-19 17:26:38.266000+00:00;12;7;1258;484.2;10018
2025-04-19 17:26:51.254000+00:00;63;6;1258;422.6;10018
2025-04-19 17:27:01.849000+00:00;1;7;1258;472.5;10018
2025-04-19 17:27:12.070000+00:00;30;7;1258;465.6;10018
2025-04-19 17:27:17.829000+00:00;16;9;1258;489.8;10018
2025-04-19 17:27:25.126000+00:00;44;10;1258;392.8;10018
2025-04-19 17:27:35.095000+00:00;22;7;1258;464.5;10018
2025-04-19 17:28:04.985000+00:00;4;7;1258;930.3;10018
2025-04-19 17:32:34.012000+00:00;23;12;1258;135.5;10018
2025-04-19 17:35:26.212000+00:00;63;9;1258;190.6;10018
2025-04-19 17:35:28.511000+00:00;12;10;1258;199.9;10018
2025-04-19 17:35:34.281000+00:00;81;10;1258;218.3;10018
2025-04-19 17:35:37.161000+00:00;55;13;1258;224.8;10018
2025-04-19 17:35:39.554000+00:00;87;13;1258;273.2;10018
2025-04-19 17:35:43.351000+00:00;6;10;1258;245.8;10018
2025-04-19 17:36:09.323000+00:00;30;9;1258;313.8;10018
2025-04-19 17:36:23.276000+00:00;16;12;1258;215.7;10018
2025-04-19 17:36:38.397000+00:00;44;13;1258;221.9;10018
2025-04-19 17:36:46.254000+00:00;10;13;1258;315.0;10018
2025-04-19 17:36:55.847000+00:00;14;12;1258;295.6;10018
2025-04-19 17:37:11.426000+00:00;22;10;1258;240.5;10018
2025-04-19 17:37:22.801000+00:00;1;10;1258;285.9;10018
2025-04-19 17:48:13.792000+00:00;81;13;1258;431.2;10018
2025-04-19 17:48:19.542000+00:00;63;12;1258;450.9;10018
2025-04-19 17:48:21.957000+00:00;12;13;1258;446.2;10018
2025-04-19 17:48:25.891000+00:00;55;16;1258;431.4;10018
2025-04-19 17:48:33.330000+00:00;16;15;1258;395.6;10018
2025-04-19 17:48:48.198000+00:00;4;10;1258;925.6;10018
2025-04-19 17:48:58.174000+00:00;44;16;1258;410.8;10018
2025-04-19 17:49:10.767000+00:00;10;16;1258;412.6;10018
2025-04-19 17:49:26.269000+00:00;1;13;1258;409.7;10018
2025-04-19 17:49:41.989000+00:00;22;13;1258;426.6;10018
2025-04-19 18:01:03.406000+00:00;55;18;1258;1188.7;10018
2025-04-19 18:01:08.374000+00:00;10;18;1258;1130.5;10018
2025-04-19 18:01:19.328000+00:00;1;14;1258;1123.0;10018
2025-04-19 18:04:53.602000+00:00;63;14;1258;1445.1;10018
2025-04-19 18:04:56.324000+00:00;12;15;1258;1440.5;10018
2025-04-19 18:05:09.619000+00:00;22;14;1258;1354.5;10018
2025-04-19 18:05:30.995000+00:00;16;17;1258;1413.3;10018
2025-04-19 18:05:35.617000+00:00;44;18;1258;1408.5;10018
2025-04-19 18:05:46.291000+00:00;10;20;1258;66.2;10018
2025-04-19 18:06:07.320000+00:00;81;16;1258;1504.7;10018
2025-04-19 18:06:43.867000+00:00;1;17;1258;24.1;10018
2025-04-19 18:06:48.117000+00:00;55;21;1258;29.0;10018
2025-04-20 17:06:43.629000+00:00;7;1;1258;20.5;10022
2025-04-20 17:06:45.644000+00:00;31;1;1258;21.5;10022
2025-04-20 17:06:46.504000+00:00;5;1;1258;21.8;10022
2025-04-20 17:36:05.973000+00:00;87;18;1258;22.0;10022
2025-04-20 17:37:06.014000+00:00;81;19;1258;21.3;10022
2025-04-20 17:37:20.145000+00:00;12;19;1258;20.3;10022
2025-04-20 17:37:38.585000+00:00;14;19;1258;21.8;10022
2025-04-20 17:40:15.972000+00:00;1;21;1258;26.0;10022
2025-04-20 17:40:41.796000+00:00;55;21;1258;24.1;10022
2025-04-20 17:42:19.009000+00:00;23;22;1258;22.1;10022
2025-04-20 17:43:43.451000+00:00;44;23;1258;20.1;10022
2025-04-20 17:52:49.740000+00:00;16;29;1258;20.1;10022
2025-04-20 18:00:03.353000+00:00;27;33;1258;20.4;10022
2025-04-20 18:00:38.881000+00:00;4;34;1258;20.4;10022
2025-04-20 18:01:14.102000+00:00;6;34;1258;20.8;10022
2025-04-20 18:09:33.789000+00:00;18;39;1258;20.4;10022